data,ticker,preco_atual,target_low,target_mean,target_median,target_high,upside_pct,recommendation_key,recommendation_mean,num_analistas
2026-08-24,ABCB4,22.72,21.8361,27.75957,28.0,32.0,0.2218120598591551,none,,9.0
2026-08-25,ABCB4,23.05,21.8361,27.75957,28.0,32.0,0.2043197396963123,none,,9.0
2026-08-27,ABCB4,23.04,21.8361,27.75957,28.0,32.0,0.2048424479166666,none,,9.0
2026-08-28,ABCB4,23.1,21.8361,27.75957,28.0,32.0,0.201712987012987,none,,9.0
2026-08-29,ABCB4,23.1,21.8361,27.75957,28.0,32.0,0.201712987012987,none,,9.0
2026-08-31,ABCB4,23.1,21.8361,27.75957,28.0,32.0,0.201712987012987,none,,9.0
2026-09-01,ABCB4,23.6,21.8361,27.75957,28.0,32.0,0.1762529661016949,none,,9.0
2026-09-02,ABCB4,24.6,21.8361,27.64846,28.0,32.0,0.123921138211382,buy,2.22222,9.0
2026-09-03,ABCB4,24.84,21.8361,27.64846,28.0,32.0,0.113061996779388,buy,2.22222,9.0
2026-09-04,ABCB4,24.58,21.8361,27.10451,27.5,31.0,0.102705858421481,buy,2.22222,8.0
2026-09-07,ABCB4,24.58,21.8361,27.10451,27.5,31.0,0.102705858421481,buy,2.22222,8.0
2026-09-08,ABCB4,24.59,21.8361,27.10451,27.5,31.0,0.1022574217161449,buy,2.22222,8.0
2026-09-09,ABCB4,24.65,21.8361,27.10451,27.5,31.0,0.0995744421906694,buy,2.22222,8.0
2026-09-10,ABCB4,25.0,21.8361,27.10451,27.5,31.0,0.0841804000000001,buy,2.22222,8.0
2026-09-11,ABCB4,25.1,21.8361,26.69087,27.0,31.0,0.0633812749003983,buy,2.375,7.0
2026-09-14,ABCB4,25.05,21.8361,26.69087,27.0,31.0,0.0655037924151695,buy,2.375,7.0
2026-09-15,ABCB4,24.69,23.0,27.0,27.0,31.0,0.0935601458080193,buy,2.375,7.0
2026-09-16,ABCB4,24.66,23.0,27.0,27.0,31.0,0.0948905109489051,buy,2.375,7.0
2026-09-17,ABCB4,24.97,23.0,27.14286,27.0,31.0,0.0870188225871044,buy,2.375,7.0
2026-09-18,ABCB4,24.8,23.0,27.14286,27.0,31.0,0.0944701612903224,buy,2.375,7.0
2026-09-21,ABCB4,25.28,23.0,27.14286,27.0,31.0,0.0736890822784808,buy,2.375,7.0
2026-09-22,ABCB4,25.25,23.0,27.14286,27.0,31.0,0.0749647524752474,buy,2.375,7.0
2026-09-23,ABCB4,24.93,23.0,27.14286,27.0,31.0,0.08876293622141995,buy,2.375,7.0
2026-08-24,ABEV3,15.25,13.0,16.34118,16.5,20.0,0.0715527868852459,hold,3.33333,17.0
2026-08-25,ABEV3,15.31,13.0,16.34118,16.5,20.0,0.0673533638145003,hold,3.33333,17.0
2026-08-27,ABEV3,15.24,13.0,16.34118,16.5,20.0,0.072255905511811,hold,3.33333,17.0
2026-08-28,ABEV3,15.19,13.0,16.34118,16.5,20.0,0.0757853851217906,hold,3.33333,17.0
2026-08-29,ABEV3,15.19,13.0,16.34118,16.5,20.0,0.0757853851217906,hold,3.33333,17.0
2026-08-31,ABEV3,15.03,13.0,16.34118,16.5,20.0,0.0872375249500998,hold,3.33333,17.0
2026-09-01,ABEV3,15.17,13.0,16.34118,16.5,20.0,0.0772036914963745,hold,3.33333,17.0
2026-09-02,ABEV3,15.6,13.0,16.34118,16.5,20.0,0.0475115384615385,hold,3.33333,17.0
2026-09-03,ABEV3,15.76,13.0,16.34118,16.5,20.0,0.0368769035532996,hold,3.33333,17.0
2026-09-04,ABEV3,15.74,13.0,16.26667,16.5,20.0,0.0334606099110545,hold,3.33333,18.0
2026-09-07,ABEV3,15.74,13.0,16.26667,16.5,20.0,0.0334606099110545,hold,3.33333,18.0
2026-09-08,ABEV3,15.82,13.0,16.26667,16.5,20.0,0.0282345132743362,hold,3.33333,18.0
2026-09-09,ABEV3,15.58,13.0,16.26667,16.5,20.0,0.0440738125802311,hold,3.33333,18.0
2026-09-10,ABEV3,15.74,13.0,16.26667,16.5,20.0,0.0334606099110545,hold,3.33333,18.0
2026-09-11,ABEV3,15.62,13.0,16.26667,16.5,20.0,0.0414001280409732,hold,3.33333,18.0
2026-09-14,ABEV3,15.87,13.0,16.26667,16.5,20.0,0.024994959042218,hold,3.33333,18.0
2026-09-15,ABEV3,15.73,13.0,16.26667,16.5,20.0,0.0341176096630642,hold,3.33333,18.0
2026-09-16,ABEV3,15.63,13.0,16.26667,16.5,20.0,0.0407338451695458,hold,3.33333,18.0
2026-09-17,ABEV3,15.55,13.0,16.26667,16.5,20.0,0.0460881028938906,hold,3.33333,18.0
2026-09-18,ABEV3,15.38,13.0,16.26667,16.5,20.0,0.057650845253576,hold,3.33333,18.0
2026-09-21,ABEV3,15.5,13.0,16.26667,16.5,20.0,0.0494625806451614,hold,3.33333,18.0
2026-09-22,ABEV3,15.6,13.0,16.26667,16.5,20.0,0.0427352564102565,hold,3.33333,18.0
2026-09-23,ABEV3,15.3,13.0,16.26667,16.5,20.0,0.06318104575163397,hold,3.33333,18.0
2026-08-24,ALOS3,26.01,28.0,34.88462,35.0,39.0,0.3412003075740097,buy,1.53846,13.0
2026-08-25,ALOS3,26.56,28.0,34.88462,35.0,39.0,0.3134269578313253,buy,1.53846,13.0
2026-08-27,ALOS3,26.43,28.0,34.88462,35.0,39.0,0.3198872493378735,buy,1.53846,13.0
2026-08-28,ALOS3,26.41,28.0,34.88462,35.0,39.0,0.320886785308595,buy,1.53846,13.0
2026-08-29,ALOS3,26.41,28.0,34.88462,35.0,39.0,0.320886785308595,buy,1.53846,13.0
2026-08-31,ALOS3,26.69,28.0,34.88462,35.0,39.0,0.3070295991007867,buy,1.53846,13.0
2026-09-01,ALOS3,27.32,28.0,34.88462,35.0,39.0,0.2768894582723278,buy,1.53846,13.0
2026-09-02,ALOS3,28.53,28.0,34.88462,35.0,39.0,0.2227346652646336,buy,1.53846,13.0
2026-09-03,ALOS3,29.02,28.0,34.88462,35.0,39.0,0.2020889042039972,buy,1.53846,13.0
2026-09-04,ALOS3,28.81,28.0,34.88462,35.0,39.0,0.2108510933703575,buy,1.53846,13.0
2026-09-07,ALOS3,28.81,28.0,34.88462,35.0,39.0,0.2108510933703575,buy,1.53846,13.0
2026-09-08,ALOS3,29.22,28.0,34.88462,35.0,39.0,0.1938610540725529,buy,1.53846,13.0
2026-09-09,ALOS3,28.52,28.0,34.88462,35.0,39.0,0.2231633941093969,none,,13.0
2026-09-10,ALOS3,29.07,28.0,34.88462,35.0,39.0,0.2000213278293772,none,,13.0
2026-09-11,ALOS3,28.63,28.0,34.88462,35.0,39.0,0.2184638491093258,buy,1.53846,13.0
2026-09-14,ALOS3,28.44,28.0,34.88462,35.0,39.0,0.2266040787623064,buy,1.53846,13.0
2026-09-15,ALOS3,28.53,28.0,34.88462,35.0,39.0,0.2227346652646336,buy,1.53846,13.0
2026-09-16,ALOS3,28.46,28.0,34.88462,35.0,39.0,0.2257420941672521,buy,1.53846,13.0
2026-09-17,ALOS3,28.29,28.0,34.88462,35.0,39.0,0.2331078119476846,buy,1.53846,13.0
2026-09-18,ALOS3,28.87,28.0,35.19231,36.0,39.0,0.2189923796328368,buy,1.53846,13.0
2026-09-21,ALOS3,29.7,28.0,35.19231,36.0,39.0,0.1849262626262626,buy,1.53846,13.0
2026-09-22,ALOS3,29.72,28.0,35.19231,36.0,39.0,0.184128869448183,buy,1.53846,13.0
2026-09-23,ALOS3,29.34,28.0,35.19231,36.0,39.0,0.1994652351738242,buy,1.53846,13.0
2026-08-24,ALPA4,12.7,12.0,14.4375,13.75,20.0,0.1368110236220472,buy,2.5,8.0
2026-08-25,ALPA4,13.24,12.0,14.4375,13.75,20.0,0.0904456193353473,buy,2.5,8.0
2026-08-27,ALPA4,13.6,12.0,14.4375,13.75,20.0,0.0615808823529411,buy,2.5,8.0
2026-08-28,ALPA4,14.4,13.0,14.6875,14.0,20.0,0.0199652777777776,buy,2.5,8.0
2026-08-29,ALPA4,14.4,13.0,14.6875,14.0,20.0,0.0199652777777776,buy,2.5,8.0
2026-08-31,ALPA4,14.99,13.0,14.6875,14.0,20.0,-0.0201801200800534,buy,2.5,8.0
2026-09-01,ALPA4,14.0,13.0,14.6875,14.0,20.0,0.0491071428571427,buy,2.5,8.0
2026-09-02,ALPA4,14.23,13.0,14.6875,14.0,20.0,0.0321503865073786,buy,2.5,8.0
2026-09-03,ALPA4,13.74,13.0,14.6875,14.0,20.0,0.0689592430858805,buy,2.5,8.0
2026-09-04,ALPA4,13.57,13.0,14.6875,14.0,20.0,0.0823507737656594,buy,2.5,8.0
2026-09-07,ALPA4,13.57,13.0,14.6875,14.0,20.0,0.0823507737656594,buy,2.5,8.0
2026-09-08,ALPA4,13.05,13.0,14.6875,14.0,20.0,0.1254789272030649,buy,2.5,8.0
2026-09-09,ALPA4,13.25,13.0,14.6875,14.0,20.0,0.1084905660377357,buy,2.5,8.0
2026-09-10,ALPA4,13.25,13.0,14.6875,14.0,20.0,0.1084905660377357,buy,2.5,8.0
2026-09-11,ALPA4,13.33,13.0,14.875,14.0,20.0,0.1159039759939986,buy,2.5,8.0
2026-09-14,ALPA4,13.02,13.0,14.875,14.0,20.0,0.14247311827957,buy,2.5,8.0
2026-09-15,ALPA4,12.99,13.0,14.875,14.0,20.0,0.145111624326405,buy,2.5,8.0
2026-09-16,ALPA4,13.23,13.0,14.875,14.0,20.0,0.1243386243386241,buy,2.5,8.0
2026-09-17,ALPA4,12.81,13.5,15.0,14.0,20.0,0.1709601873536299,buy,2.5,8.0
2026-09-18,ALPA4,12.92,13.5,15.0,14.0,20.0,0.1609907120743035,buy,2.5,8.0
2026-09-21,ALPA4,13.18,13.5,15.0,14.0,20.0,0.1380880121396055,buy,2.5,8.0
2026-09-22,ALPA4,13.8,13.5,15.0,14.0,20.0,0.0869565217391303,buy,2.5,8.0
2026-09-23,ALPA4,13.25,13.5,15.0,14.0,20.0,0.13207547169811318,buy,2.5,8.0
2026-08-24,ALUP11,31.96,35.7,41.88455,41.0,47.0,0.3105303504380474,buy,1.63636,11.0
2026-08-25,ALUP11,32.66,35.7,41.88455,41.0,47.0,0.2824418248622169,buy,1.63636,11.0
2026-08-27,ALUP11,32.8,35.7,41.88455,41.0,47.0,0.2769679878048781,buy,1.63636,11.0
2026-08-28,ALUP11,32.7,35.7,41.88455,41.0,47.0,0.280873088685015,buy,1.63636,11.0
2026-08-29,ALUP11,32.7,35.7,41.88455,41.0,47.0,0.280873088685015,buy,1.63636,11.0
2026-08-31,ALUP11,32.74,35.7,41.88455,41.0,47.0,0.2793081857055588,buy,1.63636,11.0
2026-09-01,ALUP11,32.63,35.7,41.88455,41.0,47.0,0.2836209010113391,buy,1.63636,11.0
2026-09-02,ALUP11,33.41,35.7,41.88455,41.0,47.0,0.2536530978748879,buy,1.63636,11.0
2026-09-03,ALUP11,33.47,35.7,41.88455,41.0,47.0,0.2514057364804303,buy,1.63636,11.0
2026-09-04,ALUP11,33.64,35.7,41.88455,41.0,47.0,0.2450817479191438,buy,1.63636,11.0
2026-09-07,ALUP11,33.64,35.7,41.88455,41.0,47.0,0.2450817479191438,buy,1.63636,11.0
2026-09-08,ALUP11,33.91,35.7,41.88455,41.0,47.0,0.2351680920082572,buy,1.63636,11.0
2026-09-09,ALUP11,33.39,35.7,41.88455,41.0,47.0,0.254404013177598,buy,1.63636,11.0
2026-09-10,ALUP11,33.99,35.7,41.88455,41.0,47.0,0.232260959105619,buy,1.63636,11.0
2026-09-11,ALUP11,33.74,35.7,41.88455,41.0,47.0,0.2413915234143449,buy,1.63636,11.0
2026-09-14,ALUP11,33.4,35.7,41.88455,41.0,47.0,0.2540284431137725,buy,1.63636,11.0
2026-09-15,ALUP11,33.41,35.7,41.88455,41.0,47.0,0.2536530978748879,buy,1.63636,11.0
2026-09-16,ALUP11,32.97,35.7,41.88455,41.0,47.0,0.2703836821352745,buy,1.63636,11.0
2026-09-17,ALUP11,33.4,35.7,41.88455,41.0,47.0,0.2540284431137725,buy,1.63636,11.0
2026-09-18,ALUP11,32.7,35.7,41.88455,41.0,47.0,0.280873088685015,buy,1.63636,11.0
2026-09-21,ALUP11,32.65,35.7,41.88455,41.0,47.0,0.2828346094946401,buy,1.63636,11.0
2026-09-22,ALUP11,32.57,35.7,41.88455,41.0,47.0,0.2859855695425237,buy,1.63636,11.0
2026-09-23,ALUP11,32.25,35.7,41.88455,41.0,47.0,0.2987457364341084,buy,1.63636,11.0
2026-08-24,ANIM3,2.51,1.8,3.6,3.1,6.5,0.4342629482071714,hold,3.18182,10.0
2026-08-25,ANIM3,2.74,1.8,3.6,3.1,6.5,0.3138686131386861,hold,3.18182,10.0
2026-08-27,ANIM3,2.73,1.8,3.6,3.1,6.5,0.3186813186813186,hold,3.18182,10.0
2026-08-28,ANIM3,2.75,1.8,3.6,3.1,6.5,0.3090909090909091,hold,3.18182,10.0
2026-08-29,ANIM3,2.75,1.8,3.6,3.1,6.5,0.3090909090909091,hold,3.18182,10.0
2026-08-31,ANIM3,2.81,1.8,3.6,3.1,6.5,0.2811387900355873,hold,3.18182,10.0
2026-09-01,ANIM3,2.8,1.8,3.54545,3.0,6.5,0.266232142857143,hold,3.18182,11.0
2026-09-02,ANIM3,2.84,1.8,3.54545,3.0,6.5,0.2483978873239438,hold,3.16667,11.0
2026-09-03,ANIM3,2.89,1.8,3.54545,3.0,6.5,0.2267993079584775,hold,3.16667,11.0
2026-09-04,ANIM3,2.93,1.8,3.59091,3.2,6.5,0.2255665529010238,hold,3.16667,11.0
2026-09-07,ANIM3,2.93,1.8,3.59091,3.2,6.5,0.2255665529010238,hold,3.16667,11.0
2026-09-08,ANIM3,3.05,1.8,3.59091,3.2,6.5,0.1773475409836067,hold,3.16667,11.0
2026-09-09,ANIM3,2.91,1.8,3.59091,3.2,6.5,0.2339896907216494,hold,3.16667,11.0
2026-09-10,ANIM3,2.9,1.8,3.59091,3.2,6.5,0.238244827586207,hold,3.16667,11.0
2026-09-11,ANIM3,2.93,1.8,3.59091,3.2,6.5,0.2255665529010238,hold,3.16667,11.0
2026-09-14,ANIM3,2.9,1.8,3.59091,3.2,6.5,0.238244827586207,hold,3.16667,11.0
2026-09-15,ANIM3,2.93,1.8,3.59091,3.2,6.5,0.2255665529010238,hold,3.16667,11.0
2026-09-16,ANIM3,2.93,1.8,3.59091,3.2,6.5,0.2255665529010238,hold,3.16667,11.0
2026-09-17,ANIM3,2.86,1.8,3.59091,3.2,6.5,0.2555629370629371,hold,3.16667,11.0
2026-09-18,ANIM3,2.87,1.8,3.59091,3.2,6.5,0.2511881533101046,none,,11.0
2026-09-21,ANIM3,2.96,1.8,3.36364,3.2,6.5,0.136364864864865,hold,3.16667,11.0
2026-09-22,ANIM3,3.0,1.8,3.36364,3.2,6.5,0.1212133333333334,hold,3.16667,11.0
2026-09-23,ANIM3,2.99,1.8,3.42727,3.2,6.5,0.14624414715719047,hold,3.16667,11.0
2026-08-24,ARML3,3.45,2.5,6.67778,6.0,14.0,0.9355884057971012,buy,2.0,9.0
2026-08-25,ARML3,3.7,2.5,6.67778,6.0,14.0,0.8048054054054055,buy,2.0,9.0
2026-08-27,ARML3,3.7,2.5,6.67778,6.0,14.0,0.8048054054054055,buy,2.0,9.0
2026-08-28,ARML3,3.65,2.5,6.67778,6.0,14.0,0.8295287671232878,buy,2.0,9.0
2026-08-29,ARML3,3.65,2.5,6.67778,6.0,14.0,0.8295287671232878,buy,2.0,9.0
2026-08-31,ARML3,3.58,2.5,6.67778,6.0,14.0,0.8653016759776537,buy,2.0,9.0
2026-09-01,ARML3,3.6,2.5,6.67778,6.0,14.0,0.8549388888888889,buy,2.0,9.0
2026-09-02,ARML3,3.81,2.5,6.67778,6.0,14.0,0.752698162729659,buy,2.0,9.0
2026-09-03,ARML3,3.8,2.5,6.67778,6.0,14.0,0.7573105263157895,buy,2.0,9.0
2026-09-04,ARML3,3.84,2.5,6.67778,6.0,14.0,0.7390052083333334,buy,2.0,9.0
2026-09-07,ARML3,3.84,2.5,6.67778,6.0,14.0,0.7390052083333334,none,,9.0
2026-09-08,ARML3,4.13,2.5,6.67778,6.0,14.0,0.6168958837772398,none,,9.0
2026-09-09,ARML3,3.91,2.5,6.67778,6.0,14.0,0.7078721227621483,none,,9.0
2026-09-10,ARML3,3.85,2.5,6.67778,6.0,14.0,0.7344883116883116,none,,9.0
2026-09-11,ARML3,3.79,2.5,6.67778,6.0,14.0,0.7619472295514513,none,,9.0
2026-09-14,ARML3,3.7,2.5,6.67778,6.0,14.0,0.8048054054054055,none,,9.0
2026-09-15,ARML3,3.76,2.5,6.67778,6.0,14.0,0.7760053191489364,none,,9.0
2026-09-16,ARML3,3.85,2.5,6.67778,6.0,14.0,0.7344883116883116,none,,9.0
2026-09-17,ARML3,3.97,2.5,6.67778,6.0,14.0,0.6820604534005037,none,,9.0
2026-09-18,ARML3,4.07,2.5,6.67778,6.0,14.0,0.6407321867321867,none,,9.0
2026-09-21,ARML3,4.54,2.5,6.67778,6.0,14.0,0.4708766519823788,none,,9.0
2026-09-22,ARML3,4.52,2.5,6.67778,6.0,14.0,0.4773849557522125,none,,9.0
2026-09-23,ARML3,4.49,2.5,6.7,6.0,14.0,0.49220489977728277,none,,9.0
2026-08-24,ASAI3,8.31,9.0,10.87143,11.0,13.0,0.3082346570397112,buy,1.85714,14.0
2026-08-25,ASAI3,8.96,9.0,10.87143,11.0,13.0,0.2133292410714284,buy,1.85714,14.0
2026-08-27,ASAI3,8.37,9.0,10.87143,11.0,13.0,0.2988566308243729,buy,1.85714,14.0
2026-08-28,ASAI3,8.16,9.0,10.87143,11.0,13.0,0.332283088235294,buy,1.85714,14.0
2026-08-29,ASAI3,8.16,9.0,10.87143,11.0,13.0,0.332283088235294,buy,1.85714,14.0
2026-08-31,ASAI3,8.44,9.5,10.83571,11.0,13.0,0.2838518957345972,buy,1.85714,14.0
2026-09-01,ASAI3,8.5,9.5,10.83571,11.0,13.0,0.274789411764706,buy,1.85714,14.0
2026-09-02,ASAI3,9.13,9.5,10.83571,11.0,13.0,0.1868247535596932,buy,1.85714,14.0
2026-09-03,ASAI3,9.11,9.5,10.83571,11.0,13.0,0.1894302963776071,buy,1.85714,14.0
2026-09-04,ASAI3,9.08,9.5,10.83571,11.0,13.0,0.1933601321585902,buy,1.85714,14.0
2026-09-07,ASAI3,9.08,9.5,10.83571,11.0,13.0,0.1933601321585902,buy,1.85714,14.0
2026-09-08,ASAI3,9.13,9.5,10.83571,11.0,13.0,0.1868247535596932,buy,1.85714,14.0
2026-09-09,ASAI3,9.2,9.5,10.83571,11.0,13.0,0.1777945652173915,buy,1.85714,14.0
2026-09-10,ASAI3,9.86,9.5,10.90714,11.0,13.0,0.1062008113590264,buy,1.85714,14.0
2026-09-11,ASAI3,9.82,9.5,10.90714,11.0,13.0,0.1107067209775967,buy,1.85714,14.0
2026-09-14,ASAI3,9.63,9.5,10.90714,11.0,13.0,0.132620976116303,buy,1.85714,14.0
2026-09-15,ASAI3,9.65,9.5,10.90714,11.0,13.0,0.1302735751295336,buy,1.85714,14.0
2026-09-16,ASAI3,10.1,9.5,10.90714,11.0,13.0,0.0799148514851486,buy,1.85714,14.0
2026-09-17,ASAI3,10.21,9.5,11.05,11.0,13.0,0.0822722820763957,buy,1.85714,14.0
2026-09-18,ASAI3,10.26,9.5,11.05,11.0,13.0,0.0769980506822614,buy,1.85714,14.0
2026-09-21,ASAI3,10.22,9.5,11.05,11.0,13.0,0.0812133072407044,buy,1.85714,14.0
2026-09-22,ASAI3,10.34,9.5,11.05,11.0,13.0,0.0686653771760155,buy,1.85714,14.0
2026-09-23,ASAI3,10.29,9.5,11.12143,11.0,13.0,0.08079980563654043,buy,1.85714,14.0
2026-08-24,AUAU3,3.23,3.75,4.4,4.25,5.2,0.3622291021671828,hold,3.0,7.0
2026-08-25,AUAU3,3.33,3.75,4.4,4.25,5.2,0.3213213213213213,hold,3.0,7.0
2026-08-27,AUAU3,3.28,3.75,4.4,4.25,5.2,0.3414634146341464,hold,3.0,7.0
2026-08-28,AUAU3,3.35,3.75,4.4,4.25,5.2,0.3134328358208955,hold,3.0,7.0
2026-08-29,AUAU3,3.35,3.75,4.4,4.25,5.2,0.3134328358208955,hold,3.0,7.0
2026-08-31,AUAU3,3.44,3.75,4.4,4.25,5.2,0.2790697674418605,hold,3.0,7.0
2026-09-01,AUAU3,3.56,3.75,4.4,4.25,5.2,0.2359550561797754,hold,3.0,7.0
2026-09-02,AUAU3,3.95,3.75,4.4375,4.325,5.2,0.1234177215189873,hold,2.88889,8.0
2026-09-03,AUAU3,3.93,3.75,4.4375,4.325,5.2,0.1291348600508906,hold,2.88889,8.0
2026-09-04,AUAU3,4.0,3.75,4.4375,4.325,5.2,0.109375,hold,2.88889,8.0
2026-09-07,AUAU3,4.0,3.75,4.4375,4.325,5.2,0.109375,hold,2.88889,8.0
2026-09-08,AUAU3,4.06,3.75,4.4375,4.325,5.2,0.0929802955665026,hold,2.88889,8.0
2026-09-09,AUAU3,3.85,3.75,4.4375,4.325,5.2,0.1525974025974026,hold,2.88889,8.0
2026-09-10,AUAU3,4.03,3.75,4.4375,4.325,5.2,0.1011166253101736,hold,2.88889,8.0
2026-09-11,AUAU3,3.99,3.75,4.4375,4.325,5.2,0.1121553884711779,hold,2.88889,8.0
2026-09-14,AUAU3,4.04,3.75,4.4375,4.325,5.2,0.0983910891089108,hold,2.88889,8.0
2026-09-15,AUAU3,3.97,3.75,4.4375,4.325,5.2,0.1177581863979848,hold,2.88889,8.0
2026-09-16,AUAU3,4.11,3.75,4.4375,4.325,5.2,0.0796836982968369,hold,2.88889,8.0
2026-09-17,AUAU3,4.18,3.75,4.47778,4.4,5.2,0.0712392344497607,hold,2.9,9.0
2026-09-18,AUAU3,4.2,3.75,4.47778,4.4,5.2,0.0661380952380952,hold,2.9,9.0
2026-09-21,AUAU3,4.18,3.75,4.47778,4.4,5.2,0.0712392344497607,hold,2.9,9.0
2026-09-22,AUAU3,4.19,3.75,4.47778,4.4,5.2,0.0686825775656323,hold,2.9,9.0
2026-09-23,AUAU3,4.2,3.75,4.47778,4.4,5.2,0.06613809523809522,hold,2.9,9.0
2026-08-24,AURE3,10.25,11.5,14.64769,14.45,19.0,0.4290429268292683,hold,3.0,13.0
2026-08-25,AURE3,10.71,11.5,14.64769,14.45,19.0,0.3676647992530344,hold,3.0,13.0
2026-08-27,AURE3,10.85,11.5,14.64769,14.45,19.0,0.3500175115207373,hold,3.0,13.0
2026-08-28,AURE3,10.8,11.5,14.64769,14.45,19.0,0.3562675925925926,hold,3.0,13.0
2026-08-29,AURE3,10.8,11.5,14.64769,14.45,19.0,0.3562675925925926,hold,3.0,13.0
2026-08-31,AURE3,11.19,11.5,14.64769,14.45,19.0,0.3089982126899018,hold,3.0,13.0
2026-09-01,AURE3,11.25,11.5,14.64769,14.45,19.0,0.302016888888889,hold,3.0,13.0
2026-09-02,AURE3,11.66,11.5,14.64769,14.45,19.0,0.2562341337907377,hold,3.0,13.0
2026-09-03,AURE3,11.63,11.5,14.64769,14.45,19.0,0.2594746345657781,hold,3.0,13.0
2026-09-04,AURE3,12.0,11.5,14.53231,14.1,19.0,0.2110258333333334,hold,3.0,13.0
2026-09-07,AURE3,12.0,11.5,14.53231,14.1,19.0,0.2110258333333334,hold,3.0,13.0
2026-09-08,AURE3,12.14,11.5,14.53231,14.1,19.0,0.1970601317957165,hold,3.0,13.0
2026-09-09,AURE3,11.94,11.5,14.47077,14.0,19.0,0.2119572864321608,hold,3.0,13.0
2026-09-10,AURE3,12.1,11.5,14.47077,14.0,19.0,0.1959314049586777,hold,3.0,13.0
2026-09-11,AURE3,11.84,11.5,14.47077,14.0,19.0,0.2221934121621622,hold,3.0,13.0
2026-09-14,AURE3,11.53,11.5,14.47077,14.0,19.0,0.2550537727666957,hold,3.0,13.0
2026-09-15,AURE3,11.58,11.5,14.42667,13.9,19.0,0.2458264248704662,hold,3.0,12.0
2026-09-16,AURE3,11.67,11.5,14.42667,13.9,19.0,0.2362185089974293,hold,3.0,12.0
2026-09-17,AURE3,11.94,11.5,14.42667,13.9,19.0,0.2082638190954773,hold,3.0,12.0
2026-09-18,AURE3,12.35,11.5,14.42667,13.9,19.0,0.1681514170040485,hold,3.0,12.0
2026-09-21,AURE3,12.61,11.5,14.42667,13.9,19.0,0.144065820777161,hold,3.0,12.0
2026-09-22,AURE3,12.77,11.5,14.42667,13.9,19.0,0.1297314017227877,hold,3.0,12.0
2026-09-23,AURE3,12.57,11.5,14.42667,13.9,19.0,0.14770644391408116,hold,3.0,12.0
2026-08-24,AXIA3,52.53,63.3,70.075,71.0,79.0,0.3339996192651817,strong_buy,1.28571,14.0
2026-08-25,AXIA3,53.65,63.3,70.075,71.0,79.0,0.3061509785647718,strong_buy,1.28571,14.0
2026-08-27,AXIA3,53.41,63.3,70.075,71.0,79.0,0.3120202209324099,strong_buy,1.28571,14.0
2026-08-28,AXIA3,53.1,63.3,70.075,71.0,79.0,0.3196798493408663,strong_buy,1.28571,14.0
2026-08-29,AXIA3,53.1,63.3,70.075,71.0,79.0,0.3196798493408663,strong_buy,1.28571,14.0
2026-08-31,AXIA3,53.12,63.3,70.075,71.0,79.0,0.319182981927711,strong_buy,1.28571,14.0
2026-09-01,AXIA3,53.75,63.3,70.075,71.0,79.0,0.3037209302325581,strong_buy,1.28571,14.0
2026-09-02,AXIA3,55.56,63.3,70.075,71.0,79.0,0.2612491000719943,strong_buy,1.28571,14.0
2026-09-03,AXIA3,55.75,63.3,70.075,71.0,79.0,0.25695067264574,strong_buy,1.28571,14.0
2026-09-04,AXIA3,55.28,63.3,70.075,71.0,79.0,0.2676374819102749,strong_buy,1.28571,14.0
2026-09-07,AXIA3,55.28,63.3,70.075,71.0,79.0,0.2676374819102749,strong_buy,1.28571,14.0
2026-09-08,AXIA3,56.13,63.3,70.075,71.0,79.0,0.2484411188312845,strong_buy,1.28571,14.0
2026-09-09,AXIA3,55.08,63.3,70.08077,72.0,79.0,0.2723451343500362,strong_buy,1.30769,13.0
2026-09-10,AXIA3,55.7,63.3,70.08077,72.0,79.0,0.2581825852782764,strong_buy,1.30769,13.0
2026-09-11,AXIA3,54.8,63.3,70.08077,72.0,79.0,0.2788461678832117,strong_buy,1.30769,13.0
2026-09-14,AXIA3,55.07,63.3,70.08077,72.0,79.0,0.2725761757762848,strong_buy,1.30769,13.0
2026-09-15,AXIA3,54.94,63.3,70.08077,72.0,79.0,0.2755873680378595,strong_buy,1.30769,13.0
2026-09-16,AXIA3,55.23,63.3,70.08077,72.0,79.0,0.2688895527792867,strong_buy,1.30769,13.0
2026-09-17,AXIA3,55.4,63.3,70.08077,72.0,79.0,0.2649958483754513,strong_buy,1.30769,13.0
2026-09-18,AXIA3,53.8,63.3,70.08077,72.0,79.0,0.3026165427509295,strong_buy,1.30769,13.0
2026-09-21,AXIA3,55.15,63.3,70.08077,72.0,79.0,0.270730190389846,strong_buy,1.30769,13.0
2026-09-22,AXIA3,55.85,63.3,70.08077,72.0,79.0,0.2548034019695613,strong_buy,1.30769,13.0
2026-09-23,AXIA3,55.35,63.3,70.08077,72.0,79.0,0.2661385727190606,strong_buy,1.30769,13.0
2026-08-24,AZZA3,14.54,17.0,26.80769,25.0,40.0,0.8437200825309492,buy,2.21429,13.0
2026-08-25,AZZA3,14.64,17.0,26.80769,25.0,40.0,0.8311263661202186,buy,2.21429,13.0
2026-08-27,AZZA3,14.89,17.0,26.80769,25.0,40.0,0.8003821356615177,buy,2.21429,13.0
2026-08-28,AZZA3,14.66,17.0,26.80769,25.0,40.0,0.8286282401091405,buy,2.21429,13.0
2026-08-29,AZZA3,14.66,17.0,26.80769,25.0,40.0,0.8286282401091405,buy,2.21429,13.0
2026-08-31,AZZA3,14.86,14.0,26.57692,25.0,40.0,0.7884872139973083,buy,2.21429,13.0
2026-09-01,AZZA3,15.07,14.0,26.57692,25.0,40.0,0.763564698075647,buy,2.21429,13.0
2026-09-02,AZZA3,16.77,14.0,26.19231,25.0,40.0,0.5618550983899822,buy,2.21429,13.0
2026-09-03,AZZA3,17.08,14.0,26.19231,25.0,40.0,0.5335076112412178,buy,2.21429,13.0
2026-09-04,AZZA3,17.69,14.0,26.46429,25.5,40.0,0.4960028264556244,buy,2.21429,14.0
2026-09-07,AZZA3,17.69,14.0,26.46429,25.5,40.0,0.4960028264556244,buy,2.21429,14.0
2026-09-08,AZZA3,17.05,14.0,26.46429,25.5,40.0,0.5521577712609969,buy,2.21429,14.0
2026-09-09,AZZA3,16.64,14.0,26.46429,25.5,40.0,0.5904020432692305,buy,2.21429,14.0
2026-09-10,AZZA3,17.0,14.0,26.46429,25.5,40.0,0.5567229411764705,buy,2.21429,14.0
2026-09-11,AZZA3,16.43,14.0,26.46429,25.5,40.0,0.6107297626293364,buy,2.21429,14.0
2026-09-14,AZZA3,15.77,14.0,26.46429,25.5,40.0,0.678141407736208,buy,2.21429,14.0
2026-09-15,AZZA3,15.3,14.0,26.46429,25.5,40.0,0.7296921568627448,buy,2.21429,14.0
2026-09-16,AZZA3,15.03,14.0,26.46429,25.5,40.0,0.7607644710578843,buy,2.21429,14.0
2026-09-17,AZZA3,14.81,14.0,25.96429,25.5,40.0,0.7531593517893314,buy,2.21429,14.0
2026-09-18,AZZA3,14.3,14.0,25.71429,23.75,40.0,0.7982020979020976,buy,2.21429,14.0
2026-09-21,AZZA3,14.98,14.0,25.71429,23.75,40.0,0.7165747663551401,buy,2.21429,14.0
2026-09-22,AZZA3,14.87,14.0,25.71429,23.75,40.0,0.7292730329522528,buy,2.21429,14.0
2026-09-23,AZZA3,14.9,14.0,25.71429,23.75,40.0,0.7257912751677851,buy,2.21429,14.0
2026-08-24,B3SA3,15.45,15.0,19.78571,20.0,23.0,0.2806284789644016,buy,1.85714,14.0
2026-08-25,B3SA3,15.75,15.0,19.78571,20.0,23.0,0.2562355555555557,buy,1.85714,14.0
2026-08-27,B3SA3,15.75,15.0,19.78571,20.0,23.0,0.2562355555555557,buy,1.85714,14.0
2026-08-28,B3SA3,16.04,15.0,19.78571,20.0,23.0,0.233523067331671,buy,1.85714,14.0
2026-08-29,B3SA3,16.04,15.0,19.78571,20.0,23.0,0.233523067331671,buy,1.85714,14.0
2026-08-31,B3SA3,16.22,15.0,19.78571,20.0,23.0,0.2198341553637486,buy,1.85714,14.0
2026-09-01,B3SA3,16.62,15.0,19.78571,20.0,23.0,0.1904759326113116,buy,1.85714,14.0
2026-09-02,B3SA3,17.26,15.0,19.71429,20.0,23.0,0.1421952491309384,buy,1.85714,14.0
2026-09-03,B3SA3,17.35,15.0,19.71429,20.0,23.0,0.1362703170028816,buy,1.85714,14.0
2026-09-04,B3SA3,17.37,15.0,19.71429,20.0,23.0,0.1349620034542313,buy,1.85714,14.0
2026-09-07,B3SA3,17.37,15.0,19.71429,20.0,23.0,0.1349620034542313,buy,1.85714,14.0
2026-09-08,B3SA3,17.64,15.0,19.78571,20.0,23.0,0.1216388888888888,buy,1.85714,14.0
2026-09-09,B3SA3,17.29,15.0,19.78571,20.0,23.0,0.1443441295546559,buy,1.85714,14.0
2026-09-10,B3SA3,17.66,15.0,19.78571,20.0,23.0,0.1203686296715742,buy,1.85714,14.0
2026-09-11,B3SA3,17.28,15.0,19.78571,20.0,23.0,0.1450063657407407,buy,1.85714,14.0
2026-09-14,B3SA3,17.37,15.0,19.78571,20.0,23.0,0.1390736902705815,buy,1.85714,14.0
2026-09-15,B3SA3,17.42,16.0,19.92857,20.0,23.0,0.1440051664753157,buy,1.85714,14.0
2026-09-16,B3SA3,17.58,16.0,19.92857,20.0,23.0,0.1335932878270764,buy,1.85714,14.0
2026-09-17,B3SA3,17.6,16.0,19.85714,20.0,23.0,0.1282465909090908,buy,1.85714,14.0
2026-09-18,B3SA3,17.59,16.0,19.85714,20.0,23.0,0.1288880045480387,buy,1.85714,14.0
2026-09-21,B3SA3,18.23,16.0,19.85714,20.0,23.0,0.0892561711464619,buy,1.85714,14.0
2026-09-22,B3SA3,18.43,16.0,19.85714,20.0,23.0,0.0774357026587087,buy,1.85714,14.0
2026-09-23,B3SA3,18.04,16.0,19.85714,20.0,23.0,0.10072838137472284,buy,1.85714,14.0
2026-08-24,BBAS3,18.6,17.5,24.74615,23.0,39.0,0.3304381720430107,hold,2.84615,13.0
2026-08-25,BBAS3,19.57,17.5,24.74615,23.0,39.0,0.2644941236586611,hold,2.84615,13.0
2026-08-27,BBAS3,19.52,17.5,24.74615,23.0,39.0,0.2677330942622951,hold,2.84615,13.0
2026-08-28,BBAS3,20.17,17.5,24.74615,23.0,39.0,0.2268790282597916,hold,2.84615,13.0
2026-08-29,BBAS3,20.17,17.5,24.74615,23.0,39.0,0.2268790282597916,hold,2.84615,13.0
2026-08-31,BBAS3,20.74,17.5,24.74615,23.0,39.0,0.1931605593056895,hold,2.84615,13.0
2026-09-01,BBAS3,21.21,17.5,24.74615,23.0,39.0,0.1667208863743516,hold,2.84615,13.0
2026-09-02,BBAS3,22.26,17.5,24.74615,23.0,39.0,0.1116868823000898,hold,2.84615,13.0
2026-09-03,BBAS3,22.45,17.5,24.74615,23.0,39.0,0.1022783964365257,hold,2.84615,13.0
2026-09-04,BBAS3,22.52,17.5,24.74615,23.0,39.0,0.0988521314387211,hold,2.84615,13.0
2026-09-07,BBAS3,22.52,17.5,24.74615,23.0,39.0,0.0988521314387211,hold,2.84615,13.0
2026-09-08,BBAS3,22.6,17.5,24.66923,23.0,39.0,0.0915588495575219,hold,2.84615,13.0
2026-09-09,BBAS3,22.18,17.5,24.66923,23.0,39.0,0.1122285843101893,hold,2.84615,13.0
2026-09-10,BBAS3,22.8,17.5,24.66923,23.0,39.0,0.0819837719298244,hold,2.84615,13.0
2026-09-11,BBAS3,22.49,17.5,24.66923,23.0,39.0,0.096897732325478,hold,2.84615,13.0
2026-09-14,BBAS3,22.12,17.5,24.66923,23.0,39.0,0.1152454792043398,hold,2.84615,13.0
2026-09-15,BBAS3,22.04,17.5,24.51538,23.0,39.0,0.1123130671506351,hold,2.84615,13.0
2026-09-16,BBAS3,22.71,17.5,24.51538,23.0,39.0,0.0794971378247468,hold,2.84615,13.0
2026-09-17,BBAS3,22.78,17.5,24.51538,23.0,39.0,0.0761799824407374,hold,2.84615,13.0
2026-09-18,BBAS3,23.2,17.5,24.59231,23.0,39.0,0.0600133620689655,hold,2.84615,13.0
2026-09-21,BBAS3,22.99,17.5,24.59231,23.0,39.0,0.0696959547629405,hold,2.84615,13.0
2026-09-22,BBAS3,22.67,17.5,24.59231,23.0,39.0,0.0847953242170269,hold,2.84615,13.0
2026-09-23,BBAS3,22.17,17.5,24.59231,23.0,39.0,0.10926071267478576,hold,2.84615,13.0
2026-08-24,BBDC3,14.36,,,,,,none,,
2026-08-25,BBDC3,14.78,,,,,,none,,
2026-08-27,BBDC3,14.92,,,,,,none,,
2026-08-28,BBDC3,15.04,,,,,,none,,
2026-08-29,BBDC3,15.04,,,,,,none,,
2026-08-31,BBDC3,15.17,,,,,,none,,
2026-09-01,BBDC3,15.29,,,,,,none,,
2026-09-02,BBDC3,15.59,,,,,,none,,
2026-09-03,BBDC3,15.67,,,,,,none,,
2026-09-04,BBDC3,15.81,,,,,,none,,
2026-09-07,BBDC3,15.81,,,,,,none,,
2026-09-08,BBDC3,16.04,,,,,,none,,
2026-09-09,BBDC3,15.83,,,,,,none,,
2026-09-10,BBDC3,16.24,,,,,,none,,
2026-09-11,BBDC3,16.32,,,,,,none,,
2026-09-14,BBDC3,16.17,,,,,,none,,
2026-09-15,BBDC3,16.09,,,,,,none,,
2026-09-16,BBDC3,16.09,,,,,,none,,
2026-09-17,BBDC3,16.03,,,,,,none,,
2026-09-18,BBDC3,15.79,,,,,,none,,
2026-09-21,BBDC3,16.02,,,,,,none,,
2026-09-22,BBDC3,16.3,,,,,,none,,
2026-09-23,BBDC3,15.95,,,,,,none,,
2026-08-24,BBDC4,16.27,20.0,22.61546,22.0,26.0,0.3900098340503994,buy,1.78571,13.0
2026-08-25,BBDC4,16.78,20.0,22.61546,22.0,26.0,0.347762812872467,buy,1.78571,13.0
2026-08-27,BBDC4,16.99,20.0,22.61546,22.0,26.0,0.3311041789287816,buy,1.78571,13.0
2026-08-28,BBDC4,17.08,20.0,22.61546,22.0,26.0,0.3240901639344262,buy,1.78571,13.0
2026-08-29,BBDC4,17.08,20.0,22.61546,22.0,26.0,0.3240901639344262,buy,1.78571,13.0
2026-08-31,BBDC4,17.19,20.0,22.61546,22.0,26.0,0.3156172193135542,none,,13.0
2026-09-01,BBDC4,17.4,20.0,22.61546,22.0,26.0,0.2997390804597701,none,,13.0
2026-09-02,BBDC4,17.75,20.0,22.61546,22.0,26.0,0.2741104225352111,buy,1.78571,13.0
2026-09-03,BBDC4,17.79,20.0,22.61546,22.0,26.0,0.2712456436200112,buy,1.78571,13.0
2026-09-04,BBDC4,17.9,20.0,22.61546,22.0,26.0,0.2634335195530726,buy,1.78571,13.0
2026-09-07,BBDC4,17.9,20.0,22.61546,22.0,26.0,0.2634335195530726,buy,1.78571,13.0
2026-09-08,BBDC4,18.22,20.0,22.41675,22.0,26.0,0.2303375411635566,buy,1.84615,12.0
2026-09-09,BBDC4,17.79,20.0,22.41675,22.0,26.0,0.2600758853288365,buy,1.84615,12.0
2026-09-10,BBDC4,18.48,20.0,22.41675,22.0,26.0,0.2130275974025974,buy,1.84615,12.0
2026-09-11,BBDC4,18.59,20.0,22.41675,22.0,26.0,0.2058499193114578,buy,1.84615,12.0
2026-09-14,BBDC4,18.33,20.0,22.41675,22.0,26.0,0.2229541734860884,buy,1.84615,12.0
2026-09-15,BBDC4,18.2,20.0,22.33342,22.0,26.0,0.227110989010989,buy,1.84615,12.0
2026-09-16,BBDC4,18.21,20.0,22.33342,22.0,26.0,0.2264371224601866,buy,1.84615,12.0
2026-09-17,BBDC4,18.15,20.0,22.33342,22.0,26.0,0.2304914600550964,buy,1.84615,12.0
2026-09-18,BBDC4,17.99,20.0,22.00008,22.0,25.0,0.2229060589216231,buy,1.84615,12.0
2026-09-21,BBDC4,18.16,20.0,22.00008,22.0,25.0,0.2114581497797356,buy,1.84615,12.0
2026-09-22,BBDC4,18.43,20.0,22.00008,22.0,25.0,0.1937102550189908,buy,1.84615,12.0
2026-09-23,BBDC4,18.03,20.0,22.00008,22.0,25.0,0.22019301164725458,buy,1.84615,12.0
2026-08-24,BBSE3,38.1,31.0,37.33333,37.0,46.0,-0.0201225721784777,none,,12.0
2026-08-25,BBSE3,38.9,31.0,37.33333,37.0,46.0,-0.040274293059126,none,,12.0
2026-08-27,BBSE3,39.41,31.0,37.33333,37.0,46.0,-0.0526939862978939,none,,12.0
2026-08-28,BBSE3,40.02,31.0,37.33333,37.0,46.0,-0.067133183408296,none,,12.0
2026-08-29,BBSE3,40.02,31.0,37.33333,37.0,46.0,-0.067133183408296,none,,12.0
2026-08-31,BBSE3,40.4,31.0,37.33333,37.0,46.0,-0.0759076732673268,none,,12.0
2026-09-01,BBSE3,40.6,31.0,37.33333,37.0,46.0,-0.0804598522167489,none,,12.0
2026-09-02,BBSE3,41.79,31.0,37.33333,37.0,46.0,-0.106644412538885,none,,12.0
2026-09-03,BBSE3,41.69,31.0,37.33333,37.0,46.0,-0.1045015591268889,none,,12.0
2026-09-04,BBSE3,42.16,31.0,37.33333,37.0,46.0,-0.1144845825426945,none,,12.0
2026-09-07,BBSE3,42.16,31.0,37.33333,37.0,46.0,-0.1144845825426945,none,,12.0
2026-09-08,BBSE3,42.35,31.0,37.33333,37.0,46.0,-0.1184573789846518,none,,12.0
2026-09-09,BBSE3,40.91,31.0,37.33333,37.0,46.0,-0.0874277682718162,hold,3.41667,12.0
2026-09-10,BBSE3,41.2,31.0,37.33333,37.0,46.0,-0.0938512135922331,hold,3.41667,12.0
2026-09-11,BBSE3,39.5,31.0,37.25,37.0,46.0,-0.0569620253164556,underperform,3.58333,12.0
2026-09-14,BBSE3,39.77,31.0,37.25,37.0,46.0,-0.063364344983656,underperform,3.58333,12.0
2026-09-15,BBSE3,40.16,31.0,37.25,37.0,46.0,-0.0724601593625496,underperform,3.58333,12.0
2026-09-16,BBSE3,40.59,31.0,37.25,37.0,46.0,-0.0822862774082286,underperform,3.58333,12.0
2026-09-17,BBSE3,40.41,31.0,37.25,37.0,46.0,-0.0781984657263052,underperform,3.58333,12.0
2026-09-18,BBSE3,40.86,31.0,37.25,37.0,46.0,-0.0883504650024473,underperform,3.58333,12.0
2026-09-21,BBSE3,39.82,31.0,37.25,37.0,46.0,-0.0645404319437468,underperform,3.58333,12.0
2026-09-22,BBSE3,39.35,31.0,37.25,37.0,46.0,-0.0533672172808132,underperform,3.58333,12.0
2026-09-23,BBSE3,38.86,31.0,37.25,37.0,46.0,-0.041430777148738995,underperform,3.58333,12.0
2026-08-24,BEEF3,3.93,4.0,5.48077,5.5,8.0,0.3945979643765902,hold,2.69231,13.0
2026-08-25,BEEF3,4.05,4.0,5.48077,5.5,8.0,0.3532765432098765,hold,2.69231,13.0
2026-08-27,BEEF3,4.1,4.0,5.48846,5.5,8.0,0.3386487804878049,hold,2.69231,13.0
2026-08-28,BEEF3,3.88,4.0,5.48846,5.5,8.0,0.4145515463917526,hold,2.69231,13.0
2026-08-29,BEEF3,3.88,4.0,5.48846,5.5,8.0,0.4145515463917526,hold,2.69231,13.0
2026-08-31,BEEF3,3.82,4.0,5.48846,5.5,8.0,0.4367696335078534,hold,2.66667,13.0
2026-09-01,BEEF3,3.83,4.0,5.48846,5.5,8.0,0.433018276762402,hold,2.66667,13.0
2026-09-02,BEEF3,3.86,4.0,5.48846,5.5,8.0,0.421880829015544,hold,2.66667,13.0
2026-09-03,BEEF3,3.79,4.0,5.48846,5.5,8.0,0.4481424802110818,hold,2.66667,13.0
2026-09-04,BEEF3,3.95,4.0,5.48846,5.5,8.0,0.3894835443037974,hold,2.66667,13.0
2026-09-07,BEEF3,3.95,4.0,5.48846,5.5,8.0,0.3894835443037974,hold,2.66667,13.0
2026-09-08,BEEF3,3.96,4.0,5.48846,5.5,8.0,0.3859747474747474,hold,2.66667,13.0
2026-09-09,BEEF3,3.95,4.0,5.48846,5.5,8.0,0.3894835443037974,hold,2.66667,13.0
2026-09-10,BEEF3,3.98,4.0,5.48846,5.5,8.0,0.3790100502512563,hold,2.66667,13.0
2026-09-11,BEEF3,4.13,4.0,5.48846,5.5,8.0,0.3289249394673124,hold,2.66667,13.0
2026-09-14,BEEF3,4.08,4.0,5.48846,5.5,8.0,0.3452107843137255,hold,2.66667,13.0
2026-09-15,BEEF3,4.04,4.0,5.48846,5.5,8.0,0.3585297029702969,hold,2.66667,13.0
2026-09-16,BEEF3,4.0,4.0,5.48846,5.5,8.0,0.372115,hold,2.66667,13.0
2026-09-17,BEEF3,3.81,4.0,5.48846,5.5,8.0,0.440540682414698,hold,2.66667,13.0
2026-09-18,BEEF3,3.98,4.0,5.48846,5.5,8.0,0.3790100502512563,hold,2.66667,13.0
2026-09-21,BEEF3,3.92,4.0,5.48846,5.5,8.0,0.4001173469387755,hold,2.66667,13.0
2026-09-22,BEEF3,4.02,4.0,5.48846,5.5,8.0,0.3652885572139304,hold,2.66667,13.0
2026-09-23,BEEF3,4.02,4.0,5.48846,5.5,8.0,0.3652885572139304,hold,2.66667,13.0
2026-08-24,BLAU3,8.99,9.0,11.675,11.25,17.0,0.2986651835372635,hold,2.75,12.0
2026-08-25,BLAU3,9.25,9.0,11.675,11.25,17.0,0.2621621621621621,hold,2.75,12.0
2026-08-27,BLAU3,9.07,9.0,11.675,11.25,17.0,0.2872105843439911,hold,2.75,12.0
2026-08-28,BLAU3,9.1,9.0,11.675,11.25,17.0,0.282967032967033,hold,2.75,12.0
2026-08-29,BLAU3,9.1,9.0,11.675,11.25,17.0,0.282967032967033,hold,2.75,12.0
2026-08-31,BLAU3,9.28,9.0,11.675,11.25,17.0,0.2580818965517242,hold,2.75,12.0
2026-09-01,BLAU3,9.21,9.0,11.675,11.25,17.0,0.2676438653637349,hold,2.75,12.0
2026-09-02,BLAU3,9.67,9.0,11.675,11.25,17.0,0.2073422957600827,hold,2.75,12.0
2026-09-03,BLAU3,9.5,9.0,11.675,11.25,17.0,0.2289473684210528,hold,2.75,12.0
2026-09-04,BLAU3,9.68,9.0,11.675,11.25,17.0,0.2060950413223141,hold,2.75,12.0
2026-09-07,BLAU3,9.68,9.0,11.675,11.25,17.0,0.2060950413223141,none,,12.0
2026-09-08,BLAU3,9.59,9.0,11.675,11.25,17.0,0.2174139728884254,none,,12.0
2026-09-09,BLAU3,9.87,9.0,11.675,11.25,17.0,0.1828774062816618,none,,12.0
2026-09-10,BLAU3,10.02,9.0,11.675,11.25,17.0,0.1651696606786428,none,,12.0
2026-09-11,BLAU3,10.18,9.0,11.675,11.25,17.0,0.1468565815324165,hold,2.75,12.0
2026-09-14,BLAU3,10.45,9.0,11.675,11.25,17.0,0.1172248803827753,hold,2.75,12.0
2026-09-15,BLAU3,10.37,9.0,11.675,11.25,17.0,0.1258437801350049,hold,2.75,12.0
2026-09-16,BLAU3,10.55,9.0,11.675,11.25,17.0,0.1066350710900474,hold,2.75,12.0
2026-09-17,BLAU3,10.69,9.0,11.675,11.25,17.0,0.0921421889616465,hold,2.75,12.0
2026-09-18,BLAU3,10.55,9.0,11.675,11.25,17.0,0.1066350710900474,hold,2.75,12.0
2026-09-21,BLAU3,10.56,9.0,11.675,11.25,17.0,0.1055871212121213,hold,2.75,12.0
2026-09-22,BMGB4,6.12,5.4,5.5,5.5,5.6,-0.1013071895424836,none,,2.0
2026-09-23,BMGB4,6.03,5.4,5.5,5.5,5.6,-0.08789386401326704,none,,2.0
2026-08-24,BMOB3,23.14,24.0,30.95,32.4,35.0,0.3375108038029386,none,,4.0
2026-08-25,BMOB3,23.78,24.0,30.95,32.4,35.0,0.3015138772077375,none,,4.0
2026-08-27,BMOB3,24.17,24.0,30.95,32.4,35.0,0.2805130326851468,none,,4.0
2026-08-28,BMOB3,24.77,24.0,30.95,32.4,35.0,0.2494953572870408,none,,4.0
2026-08-29,BMOB3,24.77,24.0,30.95,32.4,35.0,0.2494953572870408,none,,4.0
2026-08-31,BMOB3,25.47,24.0,30.95,32.4,35.0,0.215155084413035,buy,2.0,4.0
2026-09-01,BMOB3,25.39,24.0,30.95,32.4,35.0,0.2189838519102007,buy,2.0,4.0
2026-09-02,BMOB3,25.65,24.0,30.95,32.4,35.0,0.2066276803118909,buy,2.0,4.0
2026-09-03,BMOB3,25.04,24.0,30.95,32.4,35.0,0.2360223642172523,buy,2.0,4.0
2026-09-04,BMOB3,26.05,24.0,30.95,32.4,35.0,0.1880998080614202,buy,2.0,4.0
2026-09-07,BMOB3,26.05,24.0,30.95,32.4,35.0,0.1880998080614202,buy,2.0,4.0
2026-09-08,BMOB3,25.74,24.0,30.95,32.4,35.0,0.2024087024087024,buy,2.0,4.0
2026-09-09,BMOB3,25.54,24.0,30.95,32.4,35.0,0.2118245888801879,buy,2.0,4.0
2026-09-10,BMOB3,26.21,24.0,30.95,32.4,35.0,0.1808470049599388,buy,2.0,4.0
2026-09-11,BMOB3,26.27,24.0,31.76,33.8,35.0,0.2089836315188429,buy,1.8,5.0
2026-09-14,BMOB3,26.9,24.0,31.76,33.8,35.0,0.1806691449814128,buy,1.8,5.0
2026-09-15,BMOB3,27.65,24.0,32.3,34.4,35.0,0.1681735985533452,buy,1.66667,6.0
2026-09-16,BMOB3,27.45,24.0,32.3,34.4,35.0,0.1766848816029143,buy,1.66667,6.0
2026-09-17,BMOB3,27.64,24.0,32.3,34.4,35.0,0.1685962373371923,buy,1.66667,6.0
2026-09-18,BMOB3,27.52,24.0,32.3,34.4,35.0,0.1736918604651161,buy,1.66667,6.0
2026-09-21,BMOB3,27.66,24.0,32.66667,35.0,36.0,0.1810075921908895,buy,1.66667,6.0
2026-09-22,BMOB3,28.55,24.0,32.66667,35.0,36.0,0.1441915936952715,buy,1.66667,6.0
2026-09-23,BMOB3,27.82,24.0,32.66667,35.0,36.0,0.17421531272465862,buy,1.66667,6.0
2026-08-24,BPAC11,52.6,55.0,66.23077,67.0,71.0,0.259140114068441,buy,1.53846,13.0
2026-08-25,BPAC11,54.2,55.0,66.23077,67.0,71.0,0.221969926199262,buy,1.53846,13.0
2026-08-27,BPAC11,54.07,55.0,66.23077,67.0,71.0,0.2249078971703348,buy,1.53846,13.0
2026-08-28,BPAC11,53.58,55.0,66.23077,67.0,71.0,0.2361099290780144,buy,1.53846,13.0
2026-08-29,BPAC11,53.58,55.0,66.23077,67.0,71.0,0.2361099290780144,buy,1.53846,13.0
2026-08-31,BPAC11,54.71,55.0,66.23077,67.0,71.0,0.2105788704076039,buy,1.53846,13.0
2026-09-01,BPAC11,55.97,55.0,66.23077,67.0,71.0,0.1833262462033233,buy,1.53846,13.0
2026-09-02,BPAC11,57.68,55.0,66.23077,67.0,71.0,0.148244972260749,buy,1.53846,13.0
2026-09-03,BPAC11,58.81,55.0,66.23077,67.0,71.0,0.1261821118857338,buy,1.53846,13.0
2026-09-04,BPAC11,59.24,55.0,66.23077,67.0,71.0,0.1180075962187712,buy,1.53846,13.0
2026-09-07,BPAC11,59.24,55.0,66.23077,67.0,71.0,0.1180075962187712,none,,13.0
2026-09-08,BPAC11,60.53,55.0,66.23077,67.0,71.0,0.0941809020320503,none,,13.0
2026-09-09,BPAC11,59.06,62.0,67.15385,67.0,71.0,0.1370445309854386,buy,1.53846,13.0
2026-09-10,BPAC11,60.45,62.0,67.15385,67.0,71.0,0.1108990901571547,buy,1.53846,13.0
2026-09-11,BPAC11,60.82,62.0,67.15385,67.0,71.0,0.1041409075961856,buy,1.53846,13.0
2026-09-14,BPAC11,60.48,62.0,67.15385,67.0,71.0,0.1103480489417991,buy,1.53846,13.0
2026-09-15,BPAC11,60.2,62.0,67.15385,67.0,71.0,0.1155124584717608,buy,1.53846,13.0
2026-09-16,BPAC11,60.83,62.0,67.15385,67.0,71.0,0.1039593950353445,buy,1.53846,13.0
2026-09-17,BPAC11,61.14,62.0,67.15385,67.0,71.0,0.0983619561661761,buy,1.53846,13.0
2026-09-18,BPAC11,61.4,62.0,67.30769,67.0,72.0,0.0962164495114006,buy,1.53846,13.0
2026-09-21,BPAC11,63.5,62.0,67.30769,67.0,72.0,0.0599636220472439,buy,1.53846,13.0
2026-09-22,BPAC11,63.95,62.0,67.30769,67.0,72.0,0.052504925723221,buy,1.53846,13.0
2026-09-23,BPAC11,63.65,62.0,67.30769,67.0,72.0,0.05746567164179095,buy,1.53846,13.0
2026-08-24,BRAP4,21.49,22.0,26.35,24.5,31.0,0.2261516984644023,hold,2.6,5.0
2026-08-25,BRAP4,21.89,22.0,26.35,24.5,31.0,0.2037460027409776,hold,2.6,5.0
2026-08-27,BRAP4,21.95,22.0,26.35,24.5,31.0,0.2004555808656036,hold,2.6,5.0
2026-08-28,BRAP4,22.22,22.0,26.35,24.5,31.0,0.185868586858686,hold,2.6,5.0
2026-08-29,BRAP4,22.22,22.0,26.35,24.5,31.0,0.185868586858686,hold,2.6,5.0
2026-08-31,BRAP4,22.0,22.0,26.35,24.5,31.0,0.1977272727272727,hold,2.6,5.0
2026-09-01,BRAP4,22.31,22.0,26.35,24.5,31.0,0.1810847153742718,hold,2.6,5.0
2026-09-02,BRAP4,22.98,22.0,26.35,24.5,31.0,0.1466492602262836,none,,5.0
2026-09-03,BRAP4,22.54,22.0,26.35,24.5,31.0,0.1690328305235138,none,,5.0
2026-09-04,BRAP4,22.48,22.0,26.35,24.5,31.0,0.1721530249110321,none,,5.0
2026-09-07,BRAP4,22.48,22.0,26.35,24.5,31.0,0.1721530249110321,none,,5.0
2026-09-08,BRAP4,22.9,22.0,26.35,24.5,31.0,0.1506550218340612,none,,5.0
2026-09-09,BRAP4,22.57,22.0,26.35,24.5,31.0,0.1674789543642003,none,,5.0
2026-09-10,BRAP4,22.38,22.0,26.35,24.5,31.0,0.177390527256479,none,,5.0
2026-09-11,BRAP4,22.54,22.0,26.35,24.5,31.0,0.1690328305235138,none,,5.0
2026-09-14,BRAP4,21.64,22.0,26.35,24.5,31.0,0.2176524953789278,none,,5.0
2026-09-15,BRAP4,21.48,22.0,26.25,24.5,31.0,0.2220670391061452,hold,2.6,5.0
2026-09-16,BRAP4,20.85,22.0,26.25,24.5,31.0,0.2589928057553956,hold,2.6,5.0
2026-09-17,BRAP4,21.36,22.0,26.25,24.5,31.0,0.228932584269663,hold,2.6,5.0
2026-09-18,BRAP4,21.2,22.0,26.25,24.5,31.0,0.2382075471698113,hold,2.6,5.0
2026-09-21,BRAP4,20.91,22.0,26.25,24.5,31.0,0.2553802008608321,hold,2.6,5.0
2026-09-22,BRAP4,21.32,22.0,26.25,24.5,31.0,0.2312382739212006,hold,2.6,5.0
2026-09-23,BRAP4,20.57,22.0,26.25,24.5,31.0,0.276130286825474,hold,2.6,5.0
2026-08-24,BRAV3,18.15,17.0,22.31818,23.0,25.0,0.229651790633609,buy,1.90909,11.0
2026-08-25,BRAV3,18.2,17.0,22.31818,23.0,25.0,0.2262736263736264,buy,1.90909,11.0
2026-08-27,BRAV3,17.72,15.5,21.75,23.0,25.0,0.2274266365688488,buy,2.16667,12.0
2026-08-28,BRAV3,17.0,15.5,21.75,23.0,25.0,0.2794117647058822,buy,2.16667,12.0
2026-08-29,BRAV3,17.0,15.5,21.75,23.0,25.0,0.2794117647058822,buy,2.16667,12.0
2026-08-31,BRAV3,17.13,15.5,21.75,23.0,25.0,0.2697022767075308,buy,2.16667,12.0
2026-09-01,BRAV3,18.0,15.5,21.75,23.0,25.0,0.2083333333333332,buy,2.16667,12.0
2026-09-02,BRAV3,18.92,15.5,21.75,23.0,25.0,0.1495771670190273,buy,2.16667,12.0
2026-09-03,BRAV3,18.66,15.5,21.75,23.0,25.0,0.1655948553054662,buy,2.16667,12.0
2026-09-04,BRAV3,17.88,15.5,21.75,23.0,25.0,0.2164429530201344,buy,2.16667,12.0
2026-09-07,BRAV3,17.88,15.5,21.75,23.0,25.0,0.2164429530201344,buy,2.16667,12.0
2026-09-08,BRAV3,18.25,15.5,21.75,23.0,25.0,0.1917808219178083,buy,2.16667,12.0
2026-09-09,BRAV3,18.42,15.5,21.75,23.0,25.0,0.1807817589576545,buy,2.16667,12.0
2026-09-10,BRAV3,18.81,15.5,21.75,23.0,25.0,0.1562998405103668,buy,2.16667,12.0
2026-09-11,BRAV3,18.29,15.5,21.75,23.0,25.0,0.1891744122471297,buy,2.16667,12.0
2026-09-14,BRAV3,17.75,15.5,21.75,23.0,25.0,0.2253521126760562,buy,2.16667,12.0
2026-09-15,BRAV3,17.91,15.5,21.75,23.0,25.0,0.2144053601340032,buy,2.16667,12.0
2026-09-16,BRAV3,17.73,15.5,21.75,23.0,25.0,0.2267343485617596,buy,2.16667,12.0
2026-09-17,BRAV3,17.52,15.5,21.75,23.0,25.0,0.2414383561643835,buy,2.16667,12.0
2026-09-18,BRAV3,17.35,15.5,21.75,23.0,25.0,0.2536023054755043,buy,2.16667,12.0
2026-09-21,BRAV3,17.4,15.5,21.75,23.0,25.0,0.25,buy,2.16667,12.0
2026-09-22,BRAV3,17.89,15.5,21.75,23.0,25.0,0.2157629960871996,buy,2.16667,12.0
2026-09-23,BRAV3,17.6,15.5,21.75,23.0,25.0,0.23579545454545436,buy,2.16667,12.0
2026-08-24,BRBI11,12.4,14.1,18.82,20.0,22.0,0.517741935483871,strong_buy,1.4,5.0
2026-08-25,BRBI11,12.86,14.1,18.82,20.0,22.0,0.463452566096423,strong_buy,1.4,5.0
2026-08-27,BRBI11,13.01,14.1,18.82,20.0,22.0,0.4465795541890853,strong_buy,1.4,5.0
2026-08-28,BRBI11,13.15,14.1,18.82,20.0,22.0,0.4311787072243345,none,,5.0
2026-08-29,BRBI11,13.15,14.1,18.82,20.0,22.0,0.4311787072243345,none,,5.0
2026-08-31,BRBI11,13.4,14.1,18.82,20.0,22.0,0.4044776119402984,none,,5.0
2026-09-01,BRBI11,13.7,14.1,18.82,20.0,22.0,0.3737226277372263,none,,5.0
2026-09-02,BRBI11,14.36,14.1,18.82,20.0,22.0,0.3105849582172701,none,,5.0
2026-09-03,BRBI11,14.19,14.1,18.82,20.0,22.0,0.3262861169837914,none,,5.0
2026-09-04,BRBI11,14.3,14.1,18.82,20.0,22.0,0.3160839160839159,none,,5.0
2026-09-07,BRBI11,14.3,14.1,18.82,20.0,22.0,0.3160839160839159,none,,5.0
2026-09-08,BRBI11,14.17,14.1,18.82,20.0,22.0,0.3281580804516584,none,,5.0
2026-09-09,BRBI11,14.27,14.1,18.82,20.0,22.0,0.3188507358093904,none,,5.0
2026-09-10,BRBI11,14.5,14.1,18.82,20.0,22.0,0.2979310344827586,none,,5.0
2026-09-11,BRBI11,14.52,14.1,18.82,20.0,22.0,0.2961432506887054,none,,5.0
2026-09-14,BRBI11,14.28,14.1,18.82,20.0,22.0,0.3179271708683473,none,,5.0
2026-09-15,BRBI11,14.33,14.1,18.82,20.0,22.0,0.3133286810886253,none,,5.0
2026-09-16,BRBI11,14.24,14.1,18.82,20.0,22.0,0.321629213483146,none,,5.0
2026-09-17,BRBI11,14.09,14.1,18.82,20.0,22.0,0.3356990773598296,strong_buy,1.4,5.0
2026-09-18,BRBI11,14.22,14.1,18.82,20.0,22.0,0.3234880450070323,strong_buy,1.4,5.0
2026-09-21,BRBI11,14.87,14.1,18.82,20.0,22.0,0.265635507733692,strong_buy,1.4,5.0
2026-09-22,BRBI11,14.78,14.1,18.82,20.0,22.0,0.273342354533153,strong_buy,1.4,5.0
2026-09-23,BRBI11,14.86,14.1,18.82,20.0,22.0,0.26648721399730824,strong_buy,1.4,5.0
2026-08-24,BRKM5,4.73,4.0,10.08182,9.0,18.0,1.131463002114165,hold,3.27273,11.0
2026-08-25,BRKM5,4.11,4.0,10.08182,9.0,18.0,1.4529975669099755,hold,3.27273,11.0
2026-08-27,BRKM5,3.52,4.0,10.08182,9.0,18.0,1.864153409090909,hold,3.27273,11.0
2026-08-28,BRKM5,4.35,4.0,10.08182,9.0,18.0,1.3176597701149428,hold,3.27273,11.0
2026-08-29,BRKM5,4.35,4.0,10.08182,9.0,18.0,1.3176597701149428,hold,3.27273,11.0
2026-08-31,BRKM5,4.33,4.0,10.08182,9.0,18.0,1.3283648960739032,hold,3.27273,11.0
2026-09-01,BRKM5,4.24,4.0,10.08182,9.0,18.0,1.3777877358490564,hold,3.27273,11.0
2026-09-02,BRKM5,4.88,4.0,10.08182,9.0,18.0,1.0659467213114755,hold,3.27273,11.0
2026-09-03,BRKM5,4.94,4.0,10.08182,9.0,18.0,1.0408542510121457,hold,3.27273,11.0
2026-09-04,BRKM5,4.8,4.0,10.08182,9.0,18.0,1.100379166666667,hold,3.27273,11.0
2026-09-07,BRKM5,4.8,4.0,10.08182,9.0,18.0,1.100379166666667,hold,3.27273,11.0
2026-09-08,BRKM5,4.95,4.0,10.08182,9.0,18.0,1.036731313131313,hold,3.27273,11.0
2026-09-09,BRKM5,5.01,4.0,10.08182,9.0,18.0,1.0123393213572855,hold,3.27273,11.0
2026-09-10,BRKM5,5.32,4.0,10.08182,9.0,18.0,0.8950789473684211,none,,11.0
2026-09-11,BRKM5,5.27,4.0,10.08182,9.0,18.0,0.913058823529412,none,,11.0
2026-09-14,BRKM5,5.09,4.0,10.08182,9.0,18.0,0.980711198428291,none,,11.0
2026-09-15,BRKM5,5.34,4.0,10.08182,9.0,18.0,0.8879812734082397,none,,11.0
2026-09-16,BRKM5,4.53,4.0,10.08182,9.0,18.0,1.2255673289183222,none,,11.0
2026-09-17,BRKM5,4.52,3.75,9.46818,8.9,18.0,1.0947300884955755,hold,3.45455,11.0
2026-09-18,BRKM5,4.41,3.75,9.46818,8.9,18.0,1.1469795918367347,hold,3.45455,11.0
2026-09-21,BRKM5,4.45,3.75,9.46818,8.9,18.0,1.1276808988764049,hold,3.45455,11.0
2026-08-24,BRSR6,13.53,11.0,14.975,15.0,17.3,0.10679970436068,underperform,3.625,8.0
2026-08-25,BRSR6,14.0,11.0,14.975,15.0,17.3,0.0696428571428571,underperform,3.625,8.0
2026-08-27,BRSR6,13.85,11.0,14.975,15.0,17.3,0.0812274368231047,underperform,3.625,8.0
2026-08-28,BRSR6,13.87,11.0,14.975,15.0,17.3,0.0796683489545782,underperform,3.625,8.0
2026-08-29,BRSR6,13.87,11.0,14.975,15.0,17.3,0.0796683489545782,underperform,3.625,8.0
2026-08-31,BRSR6,14.07,11.0,14.975,15.0,17.3,0.064321250888415,none,,8.0
2026-09-01,BRSR6,14.45,11.0,14.975,15.0,17.3,0.0363321799307958,none,,8.0
2026-09-02,BRSR6,14.99,11.0,14.975,15.0,17.3,-0.0010006671114076,none,,8.0
2026-09-03,BRSR6,15.0,11.0,14.975,15.0,17.3,-0.0016666666666667,none,,8.0
2026-09-04,BRSR6,14.88,11.0,14.975,15.0,17.3,0.0063844086021505,none,,8.0
2026-09-07,BRSR6,14.88,11.0,14.975,15.0,17.3,0.0063844086021505,none,,8.0
2026-09-08,BRSR6,14.82,11.0,14.975,15.0,17.3,0.0104588394062077,none,,8.0
2026-09-09,BRSR6,15.01,11.0,14.975,15.0,17.3,-0.0023317788141239,underperform,3.625,8.0
2026-09-10,BRSR6,15.44,11.0,14.975,15.0,17.3,-0.0301165803108808,underperform,3.625,8.0
2026-09-11,BRSR6,15.29,11.0,14.975,15.0,17.3,-0.0206017004578155,underperform,3.625,8.0
2026-09-14,BRSR6,14.98,11.0,14.975,15.0,17.3,-0.0003337783711615,underperform,3.625,8.0
2026-09-15,BRSR6,15.06,11.0,14.975,15.0,17.3,-0.0056440903054449,underperform,3.625,8.0
2026-09-16,BRSR6,15.09,11.0,14.975,15.0,17.3,-0.0076209410205434,underperform,3.625,8.0
2026-09-17,BRSR6,15.11,11.0,14.78571,15.0,17.0,-0.0214619457313037,underperform,3.71429,7.0
2026-09-18,BRSR6,14.87,11.0,14.78571,15.0,17.0,-0.00566845998655,underperform,3.71429,7.0
2026-09-21,BRSR6,15.16,11.0,14.78571,15.0,17.0,-0.0246893139841688,underperform,3.71429,7.0
2026-09-22,BRSR6,15.49,11.0,14.78571,15.0,17.0,-0.0454673983214977,underperform,3.71429,7.0
2026-09-23,BRSR6,15.43,11.0,14.78571,15.0,17.0,-0.041755670771224884,underperform,3.71429,7.0
2026-08-24,CAML3,4.76,5.0,7.5,8.0,10.0,0.5756302521008405,none,,7.0
2026-08-25,CAML3,4.84,5.0,7.5,8.0,10.0,0.5495867768595042,none,,7.0
2026-08-27,CAML3,4.91,5.0,7.5,8.0,10.0,0.5274949083503055,none,,7.0
2026-08-28,CAML3,4.95,5.0,7.5,8.0,10.0,0.5151515151515151,none,,7.0
2026-08-29,CAML3,4.95,5.0,7.5,8.0,10.0,0.5151515151515151,none,,7.0
2026-08-31,CAML3,5.06,5.0,7.5,8.0,10.0,0.4822134387351779,none,,7.0
2026-09-01,CAML3,5.03,5.0,7.5,8.0,10.0,0.4910536779324055,none,,7.0
2026-09-02,CAML3,5.08,5.0,7.5,8.0,10.0,0.4763779527559055,none,,7.0
2026-09-03,CAML3,5.08,5.0,7.5,8.0,10.0,0.4763779527559055,none,,7.0
2026-09-04,CAML3,4.94,5.0,7.5,8.0,10.0,0.5182186234817812,none,,7.0
2026-09-07,CAML3,4.94,5.0,7.5,8.0,10.0,0.5182186234817812,none,,7.0
2026-09-08,CAML3,5.0,5.0,7.5,8.0,10.0,0.5,none,,7.0
2026-09-09,CAML3,5.0,5.0,7.5,8.0,10.0,0.5,none,,7.0
2026-09-10,CAML3,5.35,5.0,7.5,8.0,10.0,0.4018691588785048,none,,7.0
2026-09-11,CAML3,5.35,5.0,7.5,8.0,10.0,0.4018691588785048,none,,7.0
2026-09-14,CAML3,5.24,5.0,7.5,8.0,10.0,0.4312977099236641,none,,7.0
2026-09-15,CAML3,5.17,5.0,7.5,8.0,10.0,0.4506769825918761,none,,7.0
2026-09-16,CAML3,5.17,5.0,7.5,8.0,10.0,0.4506769825918761,none,,7.0
2026-09-17,CAML3,5.11,5.0,7.5,8.0,10.0,0.4677103718199606,none,,7.0
2026-09-18,CAML3,4.87,5.0,7.48571,8.0,10.0,0.5371067761806982,buy,2.0,7.0
2026-09-21,CAML3,5.12,5.0,7.34286,7.0,10.0,0.4341523437499999,buy,2.0,7.0
2026-09-22,CAML3,5.11,5.0,7.34286,7.0,10.0,0.4369589041095889,buy,2.0,7.0
2026-09-23,CAML3,5.05,5.0,7.34286,7.0,10.0,0.4540316831683169,buy,2.0,7.0
2026-08-24,CASH3,5.47,6.2,6.65,6.5,7.25,0.2157221206581354,none,,3.0
2026-08-25,CASH3,5.58,6.2,6.65,6.5,7.25,0.1917562724014336,none,,3.0
2026-08-27,CASH3,5.73,6.2,6.65,6.5,7.25,0.1605584642233857,none,,3.0
2026-08-28,CASH3,5.53,6.2,6.65,6.5,7.25,0.2025316455696202,none,,3.0
2026-08-29,CASH3,5.53,6.2,6.65,6.5,7.25,0.2025316455696202,none,,3.0
2026-08-31,CASH3,5.64,6.2,6.65,6.5,7.25,0.1790780141843972,none,,3.0
2026-09-01,CASH3,5.31,6.2,6.65,6.5,7.25,0.2523540489642186,none,,3.0
2026-09-02,CASH3,5.54,6.2,6.65,6.5,7.25,0.2003610108303248,none,,3.0
2026-09-03,CASH3,5.62,6.2,6.65,6.5,7.25,0.1832740213523132,none,,3.0
2026-09-04,CASH3,5.38,6.2,6.65,6.5,7.25,0.2360594795539035,none,,3.0
2026-09-07,CASH3,5.38,6.2,6.65,6.5,7.25,0.2360594795539035,none,,3.0
2026-09-08,CASH3,5.34,6.2,6.65,6.5,7.25,0.2453183520599251,none,,3.0
2026-09-09,CASH3,5.43,6.2,6.65,6.5,7.25,0.2246777163904236,none,,3.0
2026-09-10,CASH3,5.28,6.2,6.65,6.5,7.25,0.259469696969697,none,,3.0
2026-09-11,CASH3,5.25,6.2,6.65,6.5,7.25,0.2666666666666668,none,,3.0
2026-09-14,CASH3,5.31,6.2,6.65,6.5,7.25,0.2523540489642186,none,,3.0
2026-09-15,CASH3,5.29,6.2,6.65,6.5,7.25,0.2570888468809074,none,,3.0
2026-09-16,CASH3,5.39,6.2,6.65,6.5,7.25,0.2337662337662338,none,,3.0
2026-09-17,CASH3,5.51,6.2,6.65,6.5,7.25,0.2068965517241381,none,,3.0
2026-09-18,CASH3,5.73,6.2,6.65,6.5,7.25,0.1605584642233857,none,,3.0
2026-09-21,CASH3,5.61,6.2,6.65,6.5,7.25,0.1853832442067735,none,,3.0
2026-09-22,CASH3,5.53,6.2,6.65,6.5,7.25,0.2025316455696202,none,,3.0
2026-09-23,CASH3,5.34,6.2,6.65,6.5,7.25,0.24531835205992514,none,,3.0
2026-08-24,CBAV3,11.14,6.5,8.9,9.5,10.5,-0.2010771992818671,buy,1.83333,5.0
2026-08-25,CBAV3,11.18,6.5,8.9,9.5,10.5,-0.2039355992844364,buy,1.83333,5.0
2026-08-27,CBAV3,11.2,6.5,8.9,9.5,10.5,-0.2053571428571428,buy,1.83333,5.0
2026-08-28,CBAV3,11.22,6.5,8.9,9.5,10.5,-0.2067736185383244,buy,1.83333,5.0
2026-08-29,CBAV3,11.22,6.5,8.9,9.5,10.5,-0.2067736185383244,buy,1.83333,5.0
2026-08-31,CBAV3,11.23,6.5,8.9,9.5,10.5,-0.207479964381122,buy,1.83333,5.0
2026-09-01,CBAV3,11.19,6.5,8.9,9.5,10.5,-0.2046470062555853,buy,1.83333,5.0
2026-09-02,CBAV3,11.15,6.5,8.9,9.5,10.5,-0.2017937219730942,buy,1.83333,5.0
2026-09-03,CBAV3,11.2,6.5,8.9,9.5,10.5,-0.2053571428571428,buy,1.83333,5.0
2026-09-04,CBAV3,11.15,6.5,8.9,9.5,10.5,-0.2017937219730942,buy,1.83333,5.0
2026-09-07,CBAV3,11.15,6.5,8.9,9.5,10.5,-0.2017937219730942,buy,1.83333,5.0
2026-09-08,CBAV3,11.14,6.5,8.9,9.5,10.5,-0.2010771992818671,buy,1.83333,5.0
2026-09-09,CBAV3,11.25,6.5,8.9,9.5,10.5,-0.2088888888888889,buy,1.83333,5.0
2026-09-10,CBAV3,11.2,6.5,8.9,9.5,10.5,-0.2053571428571428,buy,1.83333,5.0
2026-09-11,CBAV3,11.23,7.5,9.5,10.0,10.5,-0.1540516473731077,buy,2.0,4.0
2026-09-14,CBAV3,11.17,7.5,9.5,10.0,10.5,-0.1495076096687555,buy,2.0,4.0
2026-09-15,CBAV3,11.2,7.5,9.5,10.0,10.5,-0.1517857142857142,buy,2.0,4.0
2026-09-16,CBAV3,11.25,7.5,9.5,10.0,10.5,-0.1555555555555555,buy,2.0,4.0
2026-09-17,CBAV3,11.2,7.5,9.5,10.0,10.5,-0.1517857142857142,buy,2.0,4.0
2026-09-18,CBAV3,11.25,7.5,9.5,10.0,10.5,-0.1555555555555555,buy,2.0,4.0
2026-09-21,CBAV3,11.25,7.5,9.5,10.0,10.5,-0.1555555555555555,buy,2.0,4.0
2026-09-22,CBAV3,11.28,7.5,9.5,10.0,10.5,-0.1578014184397163,buy,2.0,4.0
2026-09-23,CBAV3,11.28,7.5,9.5,10.0,10.5,-0.1578014184397163,buy,2.0,4.0
2026-08-24,CEAB3,7.5,15.0,17.45,17.5,22.4,1.3266666666666669,strong_buy,1.33333,12.0
2026-08-25,CEAB3,8.0,15.0,17.45,17.5,22.4,1.18125,strong_buy,1.33333,12.0
2026-08-27,CEAB3,7.85,15.0,17.45,17.5,22.4,1.2229299363057329,strong_buy,1.33333,12.0
2026-08-28,CEAB3,8.26,15.0,17.325,17.0,22.4,1.097457627118644,strong_buy,1.33333,12.0
2026-08-29,CEAB3,8.26,15.0,17.325,17.0,22.4,1.097457627118644,strong_buy,1.33333,12.0
2026-08-31,CEAB3,8.32,13.0,16.45833,16.75,19.0,0.9781646634615384,strong_buy,1.33333,12.0
2026-09-01,CEAB3,8.77,13.0,16.45833,16.75,19.0,0.8766624857468643,strong_buy,1.33333,12.0
2026-09-02,CEAB3,9.39,13.0,16.45833,16.75,19.0,0.7527507987220445,strong_buy,1.33333,12.0
2026-09-03,CEAB3,9.32,13.0,16.45833,16.75,19.0,0.765915236051502,strong_buy,1.33333,12.0
2026-09-04,CEAB3,9.21,13.0,16.45833,16.75,19.0,0.7870065146579803,strong_buy,1.33333,12.0
2026-09-07,CEAB3,9.21,13.0,16.45833,16.75,19.0,0.7870065146579803,strong_buy,1.33333,12.0
2026-09-08,CEAB3,9.36,13.0,16.45833,16.75,19.0,0.7583685897435899,strong_buy,1.33333,12.0
2026-09-09,CEAB3,9.08,13.0,16.45833,16.75,19.0,0.81259140969163,strong_buy,1.33333,12.0
2026-09-10,CEAB3,9.36,13.0,16.45833,16.75,19.0,0.7583685897435899,strong_buy,1.33333,12.0
2026-09-11,CEAB3,9.35,13.0,16.45833,16.75,19.0,0.7602491978609627,strong_buy,1.33333,12.0
2026-09-14,CEAB3,9.35,13.0,16.45833,16.75,19.0,0.7602491978609627,strong_buy,1.33333,12.0
2026-09-15,CEAB3,9.26,13.0,16.45833,16.75,19.0,0.7773574514038877,strong_buy,1.33333,12.0
2026-09-16,CEAB3,9.22,13.0,16.45833,16.75,19.0,0.7850683297180043,strong_buy,1.33333,12.0
2026-09-17,CEAB3,8.89,13.0,16.45833,16.75,19.0,0.8513307086614172,strong_buy,1.33333,12.0
2026-09-18,CEAB3,8.94,13.0,16.25,16.25,19.0,0.8176733780760628,strong_buy,1.33333,12.0
2026-09-21,CEAB3,9.53,13.0,16.25,16.25,19.0,0.7051416579223506,strong_buy,1.33333,12.0
2026-09-22,CEAB3,9.42,13.0,16.25,16.25,19.0,0.7250530785562632,strong_buy,1.33333,12.0
2026-09-23,CEAB3,9.35,13.0,16.25,16.25,19.0,0.7379679144385027,strong_buy,1.33333,12.0
2026-08-24,CMIG4,10.21,9.6,12.36929,12.55,15.0,0.2114877571008813,hold,3.26667,14.0
2026-08-25,CMIG4,10.51,9.6,12.36929,12.55,15.0,0.17690675547098,hold,3.26667,14.0
2026-08-27,CMIG4,10.5,9.6,12.36929,12.55,15.0,0.1780276190476191,hold,3.26667,14.0
2026-08-28,CMIG4,10.51,9.6,12.36929,12.55,15.0,0.17690675547098,hold,3.26667,14.0
2026-08-29,CMIG4,10.51,9.6,12.36929,12.55,15.0,0.17690675547098,hold,3.26667,14.0
2026-08-31,CMIG4,10.7,9.6,12.32643,12.3,15.0,0.1520028037383178,hold,3.26667,14.0
2026-09-01,CMIG4,10.79,9.6,12.32643,12.3,15.0,0.1423938832252087,hold,3.26667,14.0
2026-09-02,CMIG4,10.97,9.6,12.32643,12.3,15.0,0.1236490428441203,hold,3.26667,14.0
2026-09-03,CMIG4,11.18,9.6,12.32643,12.3,15.0,0.1025429338103758,hold,3.26667,14.0
2026-09-04,CMIG4,11.26,9.6,12.32643,12.3,15.0,0.094709591474245,hold,3.26667,14.0
2026-09-07,CMIG4,11.26,9.6,12.32643,12.3,15.0,0.094709591474245,hold,3.26667,14.0
2026-09-08,CMIG4,11.7,9.9,12.25857,11.95,15.0,0.0477410256410257,hold,3.26667,14.0
2026-09-09,CMIG4,11.33,9.9,12.25857,11.95,15.0,0.0819567519858781,hold,3.26667,14.0
2026-09-10,CMIG4,11.46,9.9,12.25857,11.95,15.0,0.0696832460732983,hold,3.26667,14.0
2026-09-11,CMIG4,11.45,9.9,12.25857,11.95,15.0,0.0706174672489083,hold,3.26667,14.0
2026-09-14,CMIG4,11.22,9.9,12.25857,11.95,15.0,0.0925641711229947,hold,3.26667,14.0
2026-09-15,CMIG4,11.1,9.9,12.25857,11.95,15.0,0.1043756756756757,hold,3.26667,14.0
2026-09-16,CMIG4,11.34,9.9,12.25857,11.95,15.0,0.0810026455026455,hold,3.26667,14.0
2026-09-17,CMIG4,11.28,9.9,12.25857,11.95,15.0,0.0867526595744681,hold,3.26667,14.0
2026-09-18,CMIG4,11.21,9.9,12.25857,11.95,15.0,0.0935388046387153,hold,3.26667,14.0
2026-09-21,CMIG4,11.29,9.9,12.25857,11.95,15.0,0.0857900797165633,hold,3.26667,14.0
2026-09-22,CMIG4,11.36,9.9,12.25857,11.95,15.0,0.079099471830986,hold,3.26667,14.0
2026-09-23,CMIG4,11.03,9.9,12.25857,11.95,15.0,0.11138440616500467,hold,3.26667,14.0
2026-08-24,CMIN3,5.97,3.1,5.275,5.5,7.0,-0.1164154103852594,underperform,3.76923,12.0
2026-08-25,CMIN3,5.88,3.1,5.275,5.5,7.0,-0.1028911564625849,underperform,3.76923,12.0
2026-08-27,CMIN3,5.99,3.1,5.275,5.5,7.0,-0.1193656093489148,underperform,3.76923,12.0
2026-08-28,CMIN3,6.0,3.1,5.275,5.5,7.0,-0.1208333333333332,underperform,3.76923,12.0
2026-08-29,CMIN3,6.0,3.1,5.275,5.5,7.0,-0.1208333333333332,underperform,3.76923,12.0
2026-08-31,CMIN3,5.92,3.1,5.275,5.5,7.0,-0.1089527027027026,underperform,3.76923,12.0
2026-09-01,CMIN3,6.08,3.1,5.275,5.5,7.0,-0.1324013157894736,underperform,3.76923,12.0
2026-09-02,CMIN3,6.4,3.1,5.275,5.5,7.0,-0.17578125,underperform,3.76923,12.0
2026-09-03,CMIN3,6.66,3.1,5.23333,5.45,7.0,-0.2142147147147147,underperform,3.76923,12.0
2026-09-04,CMIN3,6.59,3.1,5.275,5.45,7.0,-0.199544764795144,underperform,3.76923,12.0
2026-09-07,CMIN3,6.59,3.1,5.275,5.45,7.0,-0.199544764795144,underperform,3.76923,12.0
2026-09-08,CMIN3,6.72,3.1,5.275,5.45,7.0,-0.2150297619047618,underperform,3.76923,12.0
2026-09-09,CMIN3,6.96,3.1,5.275,5.45,7.0,-0.2420977011494252,underperform,3.76923,12.0
2026-09-10,CMIN3,6.99,3.1,5.275,5.45,7.0,-0.2453505007153075,underperform,3.76923,12.0
2026-09-11,CMIN3,6.72,3.1,5.275,5.45,7.0,-0.2150297619047618,underperform,3.76923,12.0
2026-09-14,CMIN3,6.26,3.1,5.275,5.45,7.0,-0.1573482428115015,underperform,3.76923,12.0
2026-09-15,CMIN3,6.2,3.1,5.275,5.45,7.0,-0.1491935483870967,underperform,3.76923,12.0
2026-09-16,CMIN3,6.08,3.1,5.275,5.45,7.0,-0.1324013157894736,underperform,3.76923,12.0
2026-09-17,CMIN3,5.74,3.1,5.275,5.45,7.0,-0.0810104529616724,underperform,3.76923,12.0
2026-09-18,CMIN3,5.46,2.7,5.24167,5.45,7.0,-0.0399871794871794,underperform,3.76923,12.0
2026-09-21,CMIN3,5.38,2.7,5.24167,5.45,7.0,-0.0257118959107806,underperform,3.76923,12.0
2026-09-22,CMIN3,5.27,2.7,5.24167,5.45,7.0,-0.0053757115749524,underperform,3.76923,12.0
2026-09-23,CMIN3,5.1,2.7,5.24167,5.45,7.0,0.027778431372549095,underperform,3.76923,12.0
2026-08-24,COGN3,2.14,2.5,3.79167,3.85,5.0,0.771808411214953,buy,1.69231,12.0
2026-08-25,COGN3,2.17,2.5,3.79167,3.85,5.0,0.7473133640552996,buy,1.69231,12.0
2026-08-27,COGN3,2.23,2.5,3.70833,3.85,4.5,0.6629282511210763,buy,1.69231,12.0
2026-08-28,COGN3,2.24,2.5,3.70833,3.85,4.5,0.6555044642857142,buy,1.69231,12.0
2026-08-29,COGN3,2.24,2.5,3.70833,3.85,4.5,0.6555044642857142,buy,1.69231,12.0
2026-08-31,COGN3,2.3,2.5,3.70833,3.85,4.5,0.612317391304348,buy,1.69231,12.0
2026-09-01,COGN3,2.34,2.5,3.70833,3.85,4.5,0.5847564102564105,buy,1.69231,12.0
2026-09-02,COGN3,2.41,2.5,3.69231,3.8,4.5,0.5320788381742738,buy,1.64286,13.0
2026-09-03,COGN3,2.4,2.5,3.69231,3.8,4.5,0.5384625000000001,buy,1.64286,13.0
2026-09-04,COGN3,2.44,2.5,3.67692,3.8,4.5,0.5069344262295081,buy,1.64286,13.0
2026-09-07,COGN3,2.44,2.5,3.67692,3.8,4.5,0.5069344262295081,buy,1.64286,13.0
2026-09-08,COGN3,2.45,2.5,3.67692,3.8,4.5,0.5007836734693876,buy,1.64286,13.0
2026-09-09,COGN3,2.37,2.5,3.67692,3.8,4.5,0.5514430379746835,buy,1.64286,13.0
2026-09-10,COGN3,2.38,2.5,3.67692,3.8,4.5,0.5449243697478992,buy,1.64286,13.0
2026-09-11,COGN3,2.33,2.5,3.67692,3.8,4.5,0.578077253218884,buy,1.64286,13.0
2026-09-14,COGN3,2.34,2.5,3.67692,3.8,4.5,0.5713333333333335,buy,1.64286,13.0
2026-09-15,COGN3,2.39,2.5,3.67692,3.8,4.5,0.538460251046025,buy,1.64286,13.0
2026-09-16,COGN3,2.35,2.5,3.67692,3.8,4.5,0.5646468085106382,buy,1.64286,13.0
2026-09-17,COGN3,2.29,2.5,3.67692,3.8,4.5,0.6056419213973798,buy,1.64286,13.0
2026-09-18,COGN3,2.26,2.5,3.67692,3.8,4.5,0.6269557522123894,buy,1.64286,13.0
2026-09-21,COGN3,2.37,2.5,3.63846,3.7,4.5,0.5352151898734177,buy,1.64286,13.0
2026-09-22,COGN3,2.4,2.5,3.63846,3.7,4.5,0.516025,buy,1.64286,13.0
2026-09-23,COGN3,2.3,2.5,3.58462,3.5,4.5,0.5585304347826088,buy,1.78571,13.0
2026-08-24,CPFE3,42.85,40.0,49.90846,50.0,58.7,0.1647248541423569,hold,3.46154,13.0
2026-08-25,CPFE3,44.24,40.0,49.90846,50.0,58.7,0.1281297468354429,hold,3.46154,13.0
2026-08-27,CPFE3,44.55,40.0,49.90846,50.0,58.7,0.1202796857463524,hold,3.46154,13.0
2026-08-28,CPFE3,44.8,40.0,49.90846,50.0,58.7,0.1140281249999999,hold,3.46154,13.0
2026-08-29,CPFE3,44.8,40.0,49.90846,50.0,58.7,0.1140281249999999,hold,3.46154,13.0
2026-08-31,CPFE3,44.54,40.0,49.90846,50.0,58.7,0.1205312079030085,none,,13.0
2026-09-01,CPFE3,45.01,40.0,49.90846,50.0,58.7,0.1088304821150856,none,,13.0
2026-09-02,CPFE3,46.08,40.0,49.90846,50.0,58.7,0.0830828993055554,none,,13.0
2026-09-03,CPFE3,46.73,40.0,49.90846,50.0,58.7,0.0680175476139526,none,,13.0
2026-09-04,CPFE3,46.83,40.0,49.90846,50.0,58.7,0.0657369207772795,none,,13.0
2026-09-07,CPFE3,46.83,40.0,49.90846,50.0,58.7,0.0657369207772795,none,,13.0
2026-09-08,CPFE3,47.32,40.0,49.90846,50.0,58.7,0.0547011834319526,none,,13.0
2026-09-09,CPFE3,46.0,40.0,49.52385,48.11,58.7,0.0766054347826088,hold,3.46154,13.0
2026-09-10,CPFE3,46.44,40.0,49.52385,48.11,58.7,0.0664050387596899,hold,3.46154,13.0
2026-09-11,CPFE3,45.54,40.0,49.60077,49.0,58.7,0.0891693017127799,hold,3.46154,13.0
2026-09-14,CPFE3,44.73,40.0,49.60077,49.0,58.7,0.1088926894701542,hold,3.46154,13.0
2026-09-15,CPFE3,44.72,40.0,49.60077,49.0,58.7,0.1091406529516993,hold,3.46154,13.0
2026-09-16,CPFE3,45.14,40.0,49.60077,49.0,58.7,0.0988207797961895,hold,3.46154,13.0
2026-09-17,CPFE3,45.17,40.0,49.60077,49.0,58.7,0.0980909895948638,hold,3.46154,13.0
2026-09-18,CPFE3,45.45,40.0,49.60077,49.0,58.7,0.0913260726072606,hold,3.46154,13.0
2026-09-21,CPFE3,45.23,40.0,49.60077,49.0,58.7,0.096634313508733,hold,3.46154,13.0
2026-09-22,CPFE3,45.79,40.0,49.60077,49.0,58.7,0.0832227560602751,hold,3.46154,13.0
2026-09-23,CPFE3,45.06,40.0,49.60077,49.0,58.7,0.10077163781624487,hold,3.46154,13.0
2026-08-24,CPLE3,14.35,15.0,18.13786,18.5,22.0,0.2639623693379791,strong_buy,1.35714,14.0
2026-08-25,CPLE3,14.65,15.0,18.13786,18.5,22.0,0.2380791808873719,strong_buy,1.35714,14.0
2026-08-27,CPLE3,14.65,15.0,18.13786,18.5,22.0,0.2380791808873719,strong_buy,1.35714,14.0
2026-08-28,CPLE3,14.68,15.0,18.13786,18.5,22.0,0.2355490463215259,strong_buy,1.35714,14.0
2026-08-29,CPLE3,14.68,15.0,18.13786,18.5,22.0,0.2355490463215259,strong_buy,1.35714,14.0
2026-08-31,CPLE3,14.95,15.0,18.13786,18.5,22.0,0.2132347826086957,strong_buy,1.35714,14.0
2026-09-01,CPLE3,15.2,15.0,18.13786,18.5,22.0,0.1932802631578947,strong_buy,1.35714,14.0
2026-09-02,CPLE3,15.6,15.0,18.39071,18.535,22.0,0.1788916666666666,strong_buy,1.35714,14.0
2026-09-03,CPLE3,15.78,15.0,18.39071,18.535,22.0,0.1654442332065906,strong_buy,1.35714,14.0
2026-09-04,CPLE3,15.85,15.0,18.39071,18.535,22.0,0.1602971608832806,strong_buy,1.35714,14.0
2026-09-07,CPLE3,15.85,15.0,18.39071,18.535,22.0,0.1602971608832806,strong_buy,1.35714,14.0
2026-09-08,CPLE3,16.0,17.0,18.62643,18.685,22.0,0.1641518749999999,strong_buy,1.35714,14.0
2026-09-09,CPLE3,15.98,17.0,18.62643,18.685,22.0,0.1656088861076343,strong_buy,1.35714,14.0
2026-09-10,CPLE3,16.14,17.0,18.62643,18.685,22.0,0.1540539033457248,strong_buy,1.35714,14.0
2026-09-11,CPLE3,15.96,17.0,18.62643,18.685,22.0,0.1670695488721802,strong_buy,1.35714,14.0
2026-09-14,CPLE3,15.92,17.0,18.62643,18.685,22.0,0.1700018844221105,strong_buy,1.35714,14.0
2026-09-15,CPLE3,15.94,17.0,18.62643,18.685,22.0,0.1685338770388957,strong_buy,1.35714,14.0
2026-09-16,CPLE3,16.08,17.0,18.62643,18.685,22.0,0.1583600746268656,strong_buy,1.35714,14.0
2026-09-17,CPLE3,16.11,17.0,18.62643,18.685,22.0,0.1562029795158286,strong_buy,1.35714,14.0
2026-09-18,CPLE3,15.99,17.0,18.62643,18.685,22.0,0.1648799249530956,strong_buy,1.35714,14.0
2026-09-21,CPLE3,16.1,17.0,18.62643,18.685,22.0,0.1569211180124221,strong_buy,1.35714,14.0
2026-09-22,CPLE3,16.14,17.0,18.62643,18.685,22.0,0.1540539033457248,strong_buy,1.35714,14.0
2026-09-23,CPLE3,15.79,17.0,18.62643,18.685,22.0,0.17963457884737166,strong_buy,1.35714,14.0
2026-08-24,CSAN3,3.5,4.0,5.46364,4.6,9.0,0.56104,buy,2.4,11.0
2026-08-25,CSAN3,3.75,4.0,5.46364,4.6,9.0,0.4569706666666666,buy,2.4,11.0
2026-08-27,CSAN3,3.71,4.0,5.46364,4.6,9.0,0.4726792452830188,buy,2.4,11.0
2026-08-28,CSAN3,3.77,4.0,5.46364,4.6,9.0,0.4492413793103447,buy,2.4,11.0
2026-08-29,CSAN3,3.77,4.0,5.46364,4.6,9.0,0.4492413793103447,buy,2.4,11.0
2026-08-31,CSAN3,3.9,4.0,5.46364,4.6,9.0,0.4009333333333333,buy,2.4,11.0
2026-09-01,CSAN3,3.97,4.0,5.46364,4.6,9.0,0.3762317380352644,buy,2.4,11.0
2026-09-02,CSAN3,3.79,3.8,5.34545,4.6,9.0,0.4104089709762533,buy,2.4,11.0
2026-09-03,CSAN3,3.82,3.8,5.34545,4.6,9.0,0.3993324607329842,buy,2.4,11.0
2026-09-04,CSAN3,3.8,3.8,5.34545,4.6,9.0,0.4066973684210526,buy,2.4,11.0
2026-09-07,CSAN3,3.8,3.8,5.34545,4.6,9.0,0.4066973684210526,buy,2.4,11.0
2026-09-08,CSAN3,3.91,3.8,5.34545,4.6,9.0,0.3671227621483375,buy,2.4,11.0
2026-09-09,CSAN3,3.79,3.8,5.34545,4.6,9.0,0.4104089709762533,buy,2.4,11.0
2026-09-10,CSAN3,3.85,3.8,5.34545,4.6,9.0,0.3884285714285713,buy,2.4,11.0
2026-09-11,CSAN3,3.7,3.8,5.34545,4.6,9.0,0.4447162162162159,buy,2.4,11.0
2026-09-14,CSAN3,3.61,3.8,5.34545,4.6,9.0,0.4807340720221607,buy,2.4,11.0
2026-09-15,CSAN3,3.54,3.8,5.34545,4.6,9.0,0.5100141242937852,buy,2.4,11.0
2026-09-16,CSAN3,3.65,3.8,5.34545,4.6,9.0,0.4645068493150683,buy,2.4,11.0
2026-09-17,CSAN3,3.67,3.8,5.34545,4.6,9.0,0.456525885558583,buy,2.4,11.0
2026-09-18,CSAN3,3.65,3.8,5.34545,4.6,9.0,0.4645068493150683,buy,2.4,11.0
2026-09-21,CSAN3,3.75,3.8,5.34545,4.6,9.0,0.4254533333333332,buy,2.4,11.0
2026-09-22,CSAN3,3.74,3.8,5.34545,4.6,9.0,0.4292647058823526,buy,2.4,11.0
2026-09-23,CSAN3,3.89,3.8,5.34545,4.6,9.0,0.37415167095115676,buy,2.4,11.0
2026-08-24,CSMG3,54.56,32.3,73.13583,76.5,88.3,0.3404660923753664,buy,1.58333,12.0
2026-08-25,CSMG3,55.5,32.3,73.13583,76.5,88.3,0.3177627027027025,buy,1.58333,12.0
2026-08-27,CSMG3,55.1,32.3,73.13583,76.5,88.3,0.3273290381125227,buy,1.58333,12.0
2026-08-28,CSMG3,54.73,32.3,73.13583,76.5,88.3,0.3363023935684268,buy,1.58333,12.0
2026-08-29,CSMG3,54.73,32.3,73.13583,76.5,88.3,0.3363023935684268,buy,1.58333,12.0
2026-08-31,CSMG3,55.22,32.3,73.13583,76.5,88.3,0.3244445852951829,buy,1.58333,12.0
2026-09-01,CSMG3,55.3,32.3,73.13583,76.5,88.3,0.3225285714285715,buy,1.58333,12.0
2026-09-02,CSMG3,57.14,32.3,73.13583,76.5,88.3,0.2799410220511025,buy,1.58333,12.0
2026-09-03,CSMG3,56.88,32.3,73.13583,76.5,88.3,0.2857916666666666,buy,1.58333,12.0
2026-09-04,CSMG3,55.91,32.3,73.13583,76.5,88.3,0.3080992666785906,none,,12.0
2026-09-07,CSMG3,55.91,32.3,73.13583,76.5,88.3,0.3080992666785906,none,,12.0
2026-09-08,CSMG3,56.73,32.3,73.13583,76.5,88.3,0.2891914331041778,none,,12.0
2026-09-09,CSMG3,55.53,32.3,73.13583,76.5,88.3,0.3170507833603457,none,,12.0
2026-09-10,CSMG3,56.68,32.3,73.13583,76.5,88.3,0.2903286873676782,none,,12.0
2026-09-11,CSMG3,55.95,32.3,73.13583,76.5,88.3,0.3071640750670241,none,,12.0
2026-09-14,CSMG3,56.87,32.3,73.13583,76.5,88.3,0.2860177598030595,none,,12.0
2026-09-15,CSMG3,57.25,32.3,73.13583,76.5,88.3,0.2774817467248909,none,,12.0
2026-09-16,CSMG3,56.7,32.3,73.13583,76.5,88.3,0.2898735449735448,none,,12.0
2026-09-17,CSMG3,56.07,32.3,73.13583,76.5,88.3,0.3043665061530229,none,,12.0
2026-09-18,CSMG3,56.53,32.3,73.13583,76.5,88.3,0.2937525207854237,none,,12.0
2026-09-21,CSMG3,56.9,32.3,73.13583,76.5,88.3,0.2853397188049209,none,,12.0
2026-09-22,CSMG3,56.3,32.3,73.13583,76.5,88.3,0.2990378330373002,none,,12.0
2026-09-23,CSMG3,56.53,32.3,73.5525,77.5,88.3,0.30112329736423127,none,,12.0
2026-08-24,CSNA3,5.16,4.3,7.49231,7.5,11.0,0.4519980620155037,underperform,3.53846,13.0
2026-08-25,CSNA3,5.08,4.3,7.49231,7.5,11.0,0.4748641732283463,underperform,3.53846,13.0
2026-08-27,CSNA3,5.27,4.3,7.49231,7.5,11.0,0.4216907020872866,underperform,3.53846,13.0
2026-08-28,CSNA3,5.21,4.3,7.49231,7.5,11.0,0.4380633397312858,underperform,3.53846,13.0
2026-08-29,CSNA3,5.21,4.3,7.49231,7.5,11.0,0.4380633397312858,underperform,3.53846,13.0
2026-08-31,CSNA3,5.32,4.3,7.49231,7.5,11.0,0.4083289473684208,underperform,3.53846,13.0
2026-09-01,CSNA3,5.74,4.3,7.49231,7.5,11.0,0.305280487804878,underperform,3.53846,13.0
2026-09-02,CSNA3,5.98,4.3,7.49231,7.5,11.0,0.2528946488294312,underperform,3.53846,13.0
2026-09-03,CSNA3,6.38,4.3,7.49231,7.5,11.0,0.1743432601880876,underperform,3.53846,13.0
2026-09-04,CSNA3,6.36,4.3,7.49231,7.5,11.0,0.1780361635220124,underperform,3.53846,13.0
2026-09-07,CSNA3,6.36,4.3,7.49231,7.5,11.0,0.1780361635220124,underperform,3.53846,13.0
2026-09-08,CSNA3,6.62,4.3,7.49231,7.5,11.0,0.1317688821752265,underperform,3.53846,13.0
2026-09-09,CSNA3,7.11,4.3,7.49231,7.5,11.0,0.0537707454289733,underperform,3.53846,13.0
2026-09-10,CSNA3,7.19,4.3,7.18462,7.0,11.0,-0.0007482614742698,underperform,3.53846,13.0
2026-09-11,CSNA3,6.66,4.3,7.18462,7.0,11.0,0.0787717717717717,underperform,3.53846,13.0
2026-09-14,CSNA3,6.35,4.3,7.18462,7.0,11.0,0.131436220472441,underperform,3.53846,13.0
2026-09-15,CSNA3,6.21,4.3,7.18462,7.0,11.0,0.1569436392914653,underperform,3.53846,13.0
2026-09-16,CSNA3,6.46,4.3,7.18462,7.0,11.0,0.1121702786377709,underperform,3.53846,13.0
2026-09-17,CSNA3,6.25,4.0,7.10769,7.0,11.0,0.1372303999999999,underperform,3.53846,13.0
2026-09-18,CSNA3,5.85,4.0,7.10769,7.0,11.0,0.2149897435897436,underperform,3.53846,13.0
2026-09-21,CSNA3,6.23,4.0,7.10769,7.0,11.0,0.1408812199036917,underperform,3.53846,13.0
2026-09-22,CSNA3,6.28,4.0,7.10769,7.0,11.0,0.1317977707006368,underperform,3.53846,13.0
2026-09-23,CSNA3,6.05,4.0,7.10769,7.0,11.0,0.1748247933884297,underperform,3.53846,13.0
2026-08-24,CURY3,30.31,42.0,45.125,44.0,52.0,0.4887825800065986,strong_buy,1.25,12.0
2026-08-25,CURY3,32.58,42.0,45.125,44.0,52.0,0.3850521792510744,strong_buy,1.25,12.0
2026-08-27,CURY3,31.99,42.0,45.125,44.0,52.0,0.4105970615817444,strong_buy,1.25,12.0
2026-08-28,CURY3,32.72,42.0,45.54167,44.5,54.0,0.3918603300733498,strong_buy,1.25,12.0
2026-08-29,CURY3,32.72,42.0,45.54167,44.5,54.0,0.3918603300733498,strong_buy,1.25,12.0
2026-08-31,CURY3,32.6,42.0,45.54167,44.5,54.0,0.3969837423312883,strong_buy,1.25,12.0
2026-09-01,CURY3,32.3,42.0,45.54167,44.5,54.0,0.409958823529412,strong_buy,1.25,12.0
2026-09-02,CURY3,33.66,42.0,45.54167,44.5,54.0,0.3529907902554963,strong_buy,1.25,12.0
2026-09-03,CURY3,32.8,42.0,45.54167,44.5,54.0,0.388465548780488,strong_buy,1.25,12.0
2026-09-04,CURY3,33.21,42.0,45.54167,44.5,54.0,0.3713239987955437,strong_buy,1.25,12.0
2026-09-07,CURY3,33.21,42.0,45.54167,44.5,54.0,0.3713239987955437,strong_buy,1.25,12.0
2026-09-08,CURY3,33.49,42.0,45.54167,44.5,54.0,0.3598587638100925,strong_buy,1.25,12.0
2026-09-09,CURY3,32.27,42.0,45.54167,44.5,54.0,0.4112696002479081,strong_buy,1.25,12.0
2026-09-10,CURY3,32.38,42.0,45.54167,44.5,54.0,0.4064752933909821,strong_buy,1.25,12.0
2026-09-11,CURY3,31.82,42.0,45.91667,45.0,54.0,0.4430128849780013,strong_buy,1.25,12.0
2026-09-14,CURY3,30.8,42.0,45.91667,45.0,54.0,0.490800974025974,strong_buy,1.25,12.0
2026-09-15,CURY3,31.25,42.0,45.91667,45.0,54.0,0.4693334400000002,strong_buy,1.25,12.0
2026-09-16,CURY3,30.47,42.0,45.91667,45.0,54.0,0.5069468329504432,strong_buy,1.25,12.0
2026-09-17,CURY3,28.9,42.0,45.91667,45.0,54.0,0.5888121107266437,strong_buy,1.25,12.0
2026-09-18,CURY3,29.05,42.0,45.66667,45.0,54.0,0.5720024096385543,strong_buy,1.25,12.0
2026-09-21,CURY3,29.04,42.0,45.66667,45.0,54.0,0.5725437327823693,strong_buy,1.25,12.0
2026-09-22,CURY3,28.38,42.0,45.66667,45.0,54.0,0.6091145172656802,strong_buy,1.25,12.0
2026-09-23,CURY3,27.3,42.0,45.66667,45.0,54.0,0.6727717948717951,strong_buy,1.25,12.0
2026-08-24,CVCB3,1.62,2.4,2.7,2.7,3.0,0.6666666666666667,hold,3.0,2.0
2026-08-25,CVCB3,1.74,2.4,2.7,2.7,3.0,0.5517241379310347,hold,3.0,2.0
2026-08-27,CVCB3,1.78,2.4,2.7,2.7,3.0,0.5168539325842698,hold,3.0,2.0
2026-08-28,CVCB3,1.72,2.4,2.7,2.7,3.0,0.5697674418604652,hold,3.0,2.0
2026-08-29,CVCB3,1.72,2.4,2.7,2.7,3.0,0.5697674418604652,hold,3.0,2.0
2026-08-31,CVCB3,1.86,2.4,2.7,2.7,3.0,0.4516129032258065,none,,2.0
2026-09-01,CVCB3,1.78,2.4,2.7,2.7,3.0,0.5168539325842698,none,,2.0
2026-09-02,CVCB3,1.82,2.4,2.7,2.7,3.0,0.4835164835164836,none,,2.0
2026-09-03,CVCB3,1.79,2.4,2.7,2.7,3.0,0.5083798882681565,none,,2.0
2026-09-04,CVCB3,1.88,2.4,2.7,2.7,3.0,0.4361702127659577,none,,2.0
2026-09-07,CVCB3,1.88,2.4,2.7,2.7,3.0,0.4361702127659577,none,,2.0
2026-09-08,CVCB3,1.83,2.4,2.7,2.7,3.0,0.4754098360655738,none,,2.0
2026-09-09,CVCB3,1.65,2.4,2.7,2.7,3.0,0.6363636363636365,none,,2.0
2026-09-10,CVCB3,1.6,2.4,2.7,2.7,3.0,0.6875,none,,2.0
2026-09-11,CVCB3,1.61,2.4,2.7,2.7,3.0,0.6770186335403727,none,,2.0
2026-09-14,CVCB3,1.61,2.4,2.7,2.7,3.0,0.6770186335403727,none,,2.0
2026-09-15,CVCB3,1.57,2.4,2.7,2.7,3.0,0.7197452229299364,none,,2.0
2026-09-16,CVCB3,1.53,2.4,2.7,2.7,3.0,0.7647058823529413,none,,2.0
2026-09-17,CVCB3,1.42,2.4,2.7,2.7,3.0,0.9014084507042256,none,,2.0
2026-09-18,CVCB3,1.39,2.4,2.7,2.7,3.0,0.942446043165468,none,,2.0
2026-09-21,CVCB3,1.41,2.4,2.7,2.7,3.0,0.9148936170212768,none,,2.0
2026-09-22,CVCB3,1.4,2.4,2.7,2.7,3.0,0.9285714285714288,none,,2.0
2026-09-23,CVCB3,1.37,2.4,2.7,2.7,3.0,0.9708029197080292,none,,2.0
2026-08-24,CXSE3,18.7,16.0,20.11429,20.25,25.0,0.0756304812834225,hold,2.57143,14.0
2026-08-25,CXSE3,19.14,16.0,20.11429,20.25,25.0,0.050903343782654,hold,2.57143,14.0
2026-08-27,CXSE3,19.21,16.0,20.11429,20.25,25.0,0.04707391983342,hold,2.57143,14.0
2026-08-28,CXSE3,19.3,16.0,20.11429,20.25,25.0,0.0421911917098445,hold,2.57143,14.0
2026-08-29,CXSE3,19.3,16.0,20.11429,20.25,25.0,0.0421911917098445,hold,2.57143,14.0
2026-08-31,CXSE3,19.34,16.0,20.11429,20.25,25.0,0.0400356773526371,hold,2.57143,14.0
2026-09-01,CXSE3,19.3,16.0,20.11429,20.25,25.0,0.0421911917098445,hold,2.57143,14.0
2026-09-02,CXSE3,19.79,16.0,20.11429,20.25,25.0,0.0163865588681153,hold,2.57143,14.0
2026-09-03,CXSE3,19.77,16.0,20.11429,20.25,25.0,0.0174147698533131,none,,14.0
2026-09-04,CXSE3,19.98,16.0,20.11429,20.25,25.0,0.0067212212212213,none,,14.0
2026-09-07,CXSE3,19.98,16.0,20.11429,20.25,25.0,0.0067212212212213,none,,14.0
2026-09-08,CXSE3,20.32,16.0,20.11429,20.25,25.0,-0.0101235236220472,none,,14.0
2026-09-09,CXSE3,19.77,16.0,20.18571,20.25,25.0,0.0210273141122914,hold,2.57143,14.0
2026-09-10,CXSE3,20.31,16.0,20.18571,20.25,25.0,-0.00611964549483,hold,2.57143,14.0
2026-09-11,CXSE3,19.82,16.0,20.18571,20.25,25.0,0.0184515640766902,hold,2.57143,14.0
2026-09-14,CXSE3,20.06,16.0,20.18571,20.25,25.0,0.0062666999002991,hold,2.57143,14.0
2026-09-15,CXSE3,20.17,16.0,20.18571,20.25,25.0,0.0007788795240455,hold,2.57143,14.0
2026-09-16,CXSE3,20.56,16.0,20.18571,20.25,25.0,-0.0182047665369649,hold,2.57143,14.0
2026-09-17,CXSE3,20.54,16.0,20.18571,20.25,25.0,-0.0172487828627068,hold,2.57143,14.0
2026-09-18,CXSE3,20.64,16.0,20.18571,20.25,25.0,-0.0220101744186046,hold,2.57143,14.0
2026-09-21,CXSE3,20.59,16.0,20.25714,20.25,25.0,-0.0161661000485672,hold,2.57143,14.0
2026-09-22,CXSE3,20.43,16.0,20.25714,20.25,25.0,-0.008461086637298,hold,2.57143,14.0
2026-09-23,CXSE3,20.11,16.0,20.25714,20.25,25.0,0.007316757831924425,hold,2.57143,14.0
2026-08-24,CYRE3,23.94,29.0,35.83077,36.0,42.0,0.4966904761904762,strong_buy,1.46154,13.0
2026-08-25,CYRE3,24.73,29.0,35.83077,36.0,42.0,0.4488786898503842,strong_buy,1.46154,13.0
2026-08-27,CYRE3,24.09,29.0,35.98462,36.0,42.0,0.4937575757575758,strong_buy,1.46154,13.0
2026-08-28,CYRE3,23.02,29.0,35.98462,36.0,42.0,0.5631894005212859,strong_buy,1.46154,13.0
2026-08-29,CYRE3,23.02,29.0,35.98462,36.0,42.0,0.5631894005212859,strong_buy,1.46154,13.0
2026-08-31,CYRE3,24.29,29.0,35.98462,36.0,42.0,0.4814582132564842,strong_buy,1.46154,13.0
2026-09-01,CYRE3,24.66,29.0,35.98462,36.0,42.0,0.4592303325223033,strong_buy,1.46154,13.0
2026-09-02,CYRE3,25.48,29.0,35.98462,36.0,42.0,0.4122692307692308,strong_buy,1.46154,13.0
2026-09-03,CYRE3,25.34,29.0,35.98462,36.0,42.0,0.4200718232044198,strong_buy,1.46154,13.0
2026-09-04,CYRE3,25.6,28.0,35.90769,36.0,42.0,0.4026441406250001,strong_buy,1.46154,13.0
2026-09-07,CYRE3,25.6,28.0,35.90769,36.0,42.0,0.4026441406250001,strong_buy,1.46154,13.0
2026-09-08,CYRE3,25.54,28.0,35.90769,36.0,42.0,0.4059393108848865,strong_buy,1.46154,13.0
2026-09-09,CYRE3,25.11,28.0,35.90769,36.0,42.0,0.430015531660693,strong_buy,1.46154,13.0
2026-09-10,CYRE3,26.17,28.0,36.29231,36.0,42.0,0.3867905999235765,strong_buy,1.46154,13.0
2026-09-11,CYRE3,25.97,28.0,36.29231,36.0,42.0,0.3974705429341549,strong_buy,1.46154,13.0
2026-09-14,CYRE3,25.33,28.0,36.29231,36.0,42.0,0.4327797078562969,strong_buy,1.46154,13.0
2026-09-15,CYRE3,25.9,28.0,36.29231,36.0,42.0,0.4012474903474905,strong_buy,1.46154,13.0
2026-09-16,CYRE3,26.62,28.0,36.29231,36.0,42.0,0.3633474830954168,strong_buy,1.46154,13.0
2026-09-17,CYRE3,25.68,28.0,36.29231,36.0,42.0,0.4132519470404985,strong_buy,1.46154,13.0
2026-09-18,CYRE3,26.67,28.0,36.29231,36.0,42.0,0.3607915260592425,strong_buy,1.46154,13.0
2026-09-21,CYRE3,27.65,28.0,36.29231,36.0,42.0,0.3125609403254974,strong_buy,1.46154,13.0
2026-09-22,CYRE3,27.13,28.0,36.06154,36.0,42.0,0.3292126796903798,strong_buy,1.46154,13.0
2026-09-23,CYRE3,26.68,28.0,35.67692,36.0,41.0,0.3372158920539732,strong_buy,1.46154,13.0
2026-08-24,DASA3,2.63,2.5,3.78,3.9,5.0,0.4372623574144487,hold,2.6,10.0
2026-08-25,DASA3,2.62,2.5,3.78,3.9,5.0,0.4427480916030533,hold,2.6,10.0
2026-08-27,DASA3,2.61,2.5,3.78,3.9,5.0,0.4482758620689655,hold,2.6,10.0
2026-08-28,DASA3,2.5,2.5,3.78,3.9,5.0,0.512,hold,2.6,10.0
2026-08-29,DASA3,2.5,2.5,3.78,3.9,5.0,0.512,hold,2.6,10.0
2026-08-31,DASA3,2.61,2.5,3.74,3.9,5.0,0.4329501915708813,hold,2.6,10.0
2026-09-01,DASA3,2.51,2.5,3.74,3.9,5.0,0.4900398406374504,hold,2.6,10.0
2026-09-02,DASA3,2.66,2.5,3.74,3.9,5.0,0.406015037593985,hold,2.6,10.0
2026-09-03,DASA3,2.8,2.5,3.74,3.9,5.0,0.3357142857142858,hold,2.6,10.0
2026-09-04,DASA3,2.82,2.5,3.74,3.9,5.0,0.3262411347517733,hold,2.6,10.0
2026-09-07,DASA3,2.82,2.5,3.74,3.9,5.0,0.3262411347517733,hold,2.6,10.0
2026-09-08,DASA3,2.76,2.5,3.74,3.9,5.0,0.3550724637681162,hold,2.6,10.0
2026-09-09,DASA3,2.69,2.5,3.74,3.9,5.0,0.3903345724907063,hold,2.6,10.0
2026-09-10,DASA3,2.77,2.5,3.74,3.9,5.0,0.3501805054151625,hold,2.6,10.0
2026-09-11,DASA3,2.65,2.5,3.76364,4.0,5.0,0.4202415094339624,buy,2.45455,11.0
2026-09-14,DASA3,2.83,2.5,3.76364,4.0,5.0,0.3299081272084805,buy,2.45455,11.0
2026-09-15,DASA3,2.76,2.5,3.76364,4.0,5.0,0.3636376811594204,buy,2.45455,11.0
2026-09-16,DASA3,2.83,2.5,3.76364,4.0,5.0,0.3299081272084805,buy,2.45455,11.0
2026-09-17,DASA3,2.87,2.5,3.76364,4.0,5.0,0.3113728222996514,buy,2.45455,11.0
2026-09-18,DASA3,2.84,2.5,3.76364,4.0,5.0,0.3252253521126762,buy,2.45455,11.0
2026-09-21,DASA3,3.23,2.5,3.775,3.95,5.0,0.1687306501547987,buy,2.33333,12.0
2026-09-22,DASA3,3.27,2.5,3.775,3.95,5.0,0.154434250764526,buy,2.33333,12.0
2026-09-23,DASA3,3.23,2.5,3.775,3.95,5.0,0.1687306501547987,buy,2.33333,12.0
2026-08-24,DESK3,18.79,7.3,17.13667,18.5,21.7,-0.0879898882384246,buy,2.5,6.0
2026-08-25,DESK3,19.0,7.3,17.13667,18.5,21.7,-0.0980700000000001,buy,2.5,6.0
2026-08-27,DESK3,18.49,7.3,17.13667,18.5,21.7,-0.0731925365062196,buy,2.5,6.0
2026-08-28,DESK3,18.6,7.3,17.13667,18.5,21.7,-0.0786736559139786,buy,2.5,6.0
2026-08-29,DESK3,18.6,7.3,17.13667,18.5,21.7,-0.0786736559139786,buy,2.5,6.0
2026-08-31,DESK3,18.9,7.3,17.13667,18.5,21.7,-0.0932978835978836,none,,6.0
2026-09-01,DESK3,19.0,7.3,17.13667,18.5,21.7,-0.0980700000000001,none,,6.0
2026-09-02,DESK3,18.85,7.3,17.13667,18.5,21.7,-0.0908928381962865,none,,6.0
2026-09-03,DESK3,18.94,7.3,17.13667,18.5,21.7,-0.0952127771911299,none,,6.0
2026-09-04,DESK3,18.85,7.3,17.13667,18.5,21.7,-0.0908928381962865,none,,6.0
2026-09-07,DESK3,18.85,7.3,17.13667,18.5,21.7,-0.0908928381962865,none,,6.0
2026-09-08,DESK3,18.88,7.3,17.13667,18.5,21.7,-0.0923373940677966,none,,6.0
2026-09-09,DESK3,19.02,7.3,17.13667,18.5,21.7,-0.0990184016824395,none,,6.0
2026-09-10,DESK3,19.17,7.3,17.13667,18.5,21.7,-0.1060683359415755,none,,6.0
2026-09-11,DESK3,19.3,7.3,17.13667,18.5,21.7,-0.1120896373056995,none,,6.0
2026-09-14,DESK3,19.4,7.3,17.13667,18.5,21.7,-0.1166664948453608,none,,6.0
2026-09-15,DESK3,19.45,7.3,17.13667,18.5,21.7,-0.1189372750642674,none,,6.0
2026-09-16,DESK3,19.45,7.3,16.98667,18.5,20.82,-0.126649357326478,buy,2.5,6.0
2026-09-17,DESK3,19.4,7.3,16.98667,18.5,20.82,-0.1243984536082473,buy,2.5,6.0
2026-09-18,DESK3,19.44,7.3,16.98667,18.5,20.82,-0.1262001028806585,buy,2.5,6.0
2026-09-21,DESK3,19.35,7.3,16.98667,18.5,20.82,-0.1221359173126616,buy,2.5,6.0
2026-09-22,DESK3,19.35,7.3,16.98667,18.5,20.82,-0.1221359173126616,buy,2.5,6.0
2026-09-23,DESK3,19.33,7.3,16.98667,18.5,20.82,-0.12122762545266419,buy,2.5,6.0
2026-08-24,DIRR3,10.64,17.0,19.41667,19.5,22.0,0.8248749999999998,strong_buy,1.25,12.0
2026-08-25,DIRR3,11.29,17.0,19.41667,19.5,22.0,0.7198113374667849,strong_buy,1.25,12.0
2026-08-27,DIRR3,11.01,17.0,19.41667,19.5,22.0,0.7635485921889191,strong_buy,1.25,12.0
2026-08-28,DIRR3,10.87,15.0,19.25,19.5,22.0,0.7709291628334869,strong_buy,1.25,12.0
2026-08-29,DIRR3,10.87,15.0,19.25,19.5,22.0,0.7709291628334869,strong_buy,1.25,12.0
2026-08-31,DIRR3,11.12,15.0,19.16667,19.5,22.0,0.7236214028776979,strong_buy,1.25,12.0
2026-09-01,DIRR3,11.1,15.0,19.16667,19.5,22.0,0.726727027027027,strong_buy,1.25,12.0
2026-09-02,DIRR3,11.46,15.0,19.16667,19.5,22.0,0.6724842931937172,strong_buy,1.25,12.0
2026-09-03,DIRR3,11.47,15.0,19.16667,19.5,22.0,0.6710261551874455,strong_buy,1.25,12.0
2026-09-04,DIRR3,11.46,15.0,19.16667,19.5,22.0,0.6724842931937172,strong_buy,1.25,12.0
2026-09-07,DIRR3,11.46,15.0,19.16667,19.5,22.0,0.6724842931937172,strong_buy,1.25,12.0
2026-09-08,DIRR3,11.43,15.0,19.16667,19.5,22.0,0.6768740157480315,strong_buy,1.25,12.0
2026-09-09,DIRR3,10.93,15.0,19.16667,19.5,22.0,0.753583714547118,strong_buy,1.25,12.0
2026-09-10,DIRR3,10.94,15.0,19.16667,19.5,22.0,0.7519808043875686,strong_buy,1.25,12.0
2026-09-11,DIRR3,10.47,15.0,18.95833,19.5,22.0,0.8107287488061126,strong_buy,1.25,12.0
2026-09-14,DIRR3,10.13,15.0,18.95833,19.5,22.0,0.8715034550839091,strong_buy,1.25,12.0
2026-09-15,DIRR3,10.27,15.0,18.95833,19.5,22.0,0.8459912366114899,strong_buy,1.25,12.0
2026-09-16,DIRR3,10.08,15.0,18.95833,19.5,22.0,0.8807867063492063,strong_buy,1.25,12.0
2026-09-17,DIRR3,10.07,15.0,18.95833,19.5,22.0,0.8826544190665342,strong_buy,1.25,12.0
2026-09-18,DIRR3,10.05,15.0,18.95833,19.5,22.0,0.8864009950248755,strong_buy,1.25,12.0
2026-09-21,DIRR3,10.18,15.0,18.95833,19.5,22.0,0.862311394891945,strong_buy,1.25,12.0
2026-09-22,DIRR3,10.23,15.0,18.95833,19.5,22.0,0.8532091886608015,strong_buy,1.25,12.0
2026-09-23,DIRR3,9.88,15.0,18.95833,19.5,22.0,0.9188593117408905,strong_buy,1.25,12.0
2026-08-24,DXCO3,5.05,5.5,7.795,7.9,9.0,0.5435643564356436,none,,10.0
2026-08-25,DXCO3,5.15,5.5,7.795,7.9,9.0,0.5135922330097087,strong_buy,1.4,10.0
2026-08-27,DXCO3,5.13,5.5,7.795,7.9,9.0,0.5194931773879143,strong_buy,1.4,10.0
2026-08-28,DXCO3,5.2,5.5,7.795,7.9,9.0,0.4990384615384615,strong_buy,1.4,10.0
2026-08-29,DXCO3,5.2,5.5,7.795,7.9,9.0,0.4990384615384615,strong_buy,1.4,10.0
2026-08-31,DXCO3,5.2,5.5,7.795,7.9,9.0,0.4990384615384615,strong_buy,1.4,10.0
2026-09-01,DXCO3,5.29,5.5,7.795,7.9,9.0,0.4735349716446124,strong_buy,1.4,10.0
2026-09-02,DXCO3,5.5,5.5,7.795,7.9,9.0,0.4172727272727272,strong_buy,1.4,10.0
2026-09-03,DXCO3,5.64,5.5,7.795,7.9,9.0,0.3820921985815604,strong_buy,1.4,10.0
2026-09-04,DXCO3,5.64,5.5,7.795,7.9,9.0,0.3820921985815604,strong_buy,1.4,10.0
2026-09-07,DXCO3,5.64,5.5,7.795,7.9,9.0,0.3820921985815604,strong_buy,1.4,10.0
2026-09-08,DXCO3,5.73,5.5,7.795,7.9,9.0,0.3603839441535774,strong_buy,1.4,10.0
2026-09-09,DXCO3,5.48,5.8,7.925,7.9,9.5,0.4461678832116786,strong_buy,1.4,10.0
2026-09-10,DXCO3,5.62,5.8,7.925,7.9,9.5,0.4101423487544484,strong_buy,1.4,10.0
2026-09-11,DXCO3,5.55,5.8,7.925,7.9,9.5,0.427927927927928,strong_buy,1.4,10.0
2026-09-14,DXCO3,5.46,5.8,7.925,7.9,9.5,0.4514652014652014,strong_buy,1.4,10.0
2026-09-15,DXCO3,5.47,5.8,7.925,7.9,9.5,0.4488117001828153,strong_buy,1.4,10.0
2026-09-16,DXCO3,5.57,5.8,7.925,7.9,9.5,0.4228007181328546,strong_buy,1.4,10.0
2026-09-17,DXCO3,5.56,5.8,7.925,7.9,9.5,0.4253597122302159,strong_buy,1.4,10.0
2026-09-18,DXCO3,5.62,5.8,7.925,7.9,9.5,0.4101423487544484,strong_buy,1.4,10.0
2026-09-21,DXCO3,5.71,5.8,7.825,7.525,9.5,0.3704028021015761,strong_buy,1.4,10.0
2026-09-22,DXCO3,5.71,5.8,7.825,7.525,9.5,0.3704028021015761,strong_buy,1.4,10.0
2026-09-23,DXCO3,5.67,5.8,7.825,7.525,9.5,0.3800705467372134,strong_buy,1.4,10.0
2026-08-24,ECOR3,6.67,8.6,12.76923,12.5,16.0,0.9144272863568216,buy,1.53846,13.0
2026-08-25,ECOR3,6.95,8.6,12.76923,12.5,16.0,0.8372992805755395,buy,1.53846,13.0
2026-08-27,ECOR3,6.95,8.6,12.76923,12.5,16.0,0.8372992805755395,buy,1.53846,13.0
2026-08-28,ECOR3,6.91,8.6,12.76923,12.5,16.0,0.8479348769898698,buy,1.53846,13.0
2026-08-29,ECOR3,6.91,8.6,12.76923,12.5,16.0,0.8479348769898698,buy,1.53846,13.0
2026-08-31,ECOR3,7.29,8.6,12.76923,12.5,16.0,0.7516090534979425,buy,1.53846,13.0
2026-09-01,ECOR3,7.24,8.6,12.76923,12.5,16.0,0.7637058011049724,buy,1.53846,13.0
2026-09-02,ECOR3,7.73,8.6,12.76923,12.5,16.0,0.6519055627425614,buy,1.53846,13.0
2026-09-03,ECOR3,7.64,8.6,12.66923,12.5,16.0,0.6582761780104713,buy,1.53846,13.0
2026-09-04,ECOR3,7.92,8.6,12.66923,12.5,16.0,0.5996502525252527,buy,1.53846,13.0
2026-09-07,ECOR3,7.92,8.6,12.66923,12.5,16.0,0.5996502525252527,buy,1.53846,13.0
2026-09-08,ECOR3,8.11,8.6,12.66923,12.5,16.0,0.5621738594327992,buy,1.53846,13.0
2026-09-09,ECOR3,7.9,8.6,12.66923,12.5,16.0,0.6036999999999999,buy,1.53846,13.0
2026-09-10,ECOR3,8.22,8.6,12.66923,12.5,16.0,0.5412688564476886,buy,1.53846,13.0
2026-09-11,ECOR3,8.14,8.6,12.66923,12.5,16.0,0.556416461916462,buy,1.53846,13.0
2026-09-14,ECOR3,7.84,8.6,12.66923,12.5,16.0,0.6159732142857144,buy,1.53846,13.0
2026-09-15,ECOR3,8.09,8.6,12.66923,12.5,16.0,0.5660358467243511,buy,1.53846,13.0
2026-09-16,ECOR3,8.22,8.6,12.66923,12.5,16.0,0.5412688564476886,buy,1.53846,13.0
2026-09-17,ECOR3,8.2,8.6,12.66923,12.5,16.0,0.5450280487804879,buy,1.53846,13.0
2026-09-18,ECOR3,8.27,8.6,12.24615,12.5,16.0,0.4807920193470376,none,,13.0
2026-09-21,ECOR3,8.73,8.6,12.20769,12.0,16.0,0.3983608247422678,buy,1.69231,13.0
2026-09-22,ECOR3,8.57,8.6,12.20769,12.0,16.0,0.424467911318553,buy,1.69231,13.0
2026-09-23,ECOR3,8.59,8.6,12.20769,12.0,16.0,0.42115133876600686,buy,1.69231,13.0
2026-08-24,EGIE3,28.04,30.0,34.11286,33.25,44.0,0.2165784593437945,underperform,3.71429,14.0
2026-08-25,EGIE3,28.85,30.0,34.11286,33.25,44.0,0.1824214904679375,underperform,3.71429,14.0
2026-08-27,EGIE3,28.84,30.0,34.11286,33.25,44.0,0.1828314840499305,underperform,3.71429,14.0
2026-08-28,EGIE3,28.81,30.0,34.11286,33.25,44.0,0.1840631725095451,underperform,3.71429,14.0
2026-08-29,EGIE3,28.81,30.0,34.11286,33.25,44.0,0.1840631725095451,underperform,3.71429,14.0
2026-08-31,EGIE3,29.38,30.0,34.11286,33.25,44.0,0.1610912185159971,underperform,3.71429,14.0
2026-09-01,EGIE3,29.02,30.0,34.11286,33.25,44.0,0.1754948311509303,underperform,3.71429,14.0
2026-09-02,EGIE3,30.15,30.0,34.11286,33.25,44.0,0.1314381426202322,underperform,3.71429,14.0
2026-09-03,EGIE3,30.36,30.0,34.11286,33.25,44.0,0.1236119894598155,underperform,3.71429,14.0
2026-09-04,EGIE3,30.14,30.0,34.11286,33.25,44.0,0.1318135368281352,underperform,3.71429,14.0
2026-09-07,EGIE3,30.14,30.0,34.11286,33.25,44.0,0.1318135368281352,underperform,3.71429,14.0
2026-09-08,EGIE3,30.89,30.0,34.11286,33.25,44.0,0.1043334412431207,underperform,3.71429,14.0
2026-09-09,EGIE3,30.73,30.0,33.91714,33.25,44.0,0.1037142857142858,underperform,3.71429,14.0
2026-09-10,EGIE3,31.0,30.0,33.91714,33.25,44.0,0.0941012903225808,underperform,3.71429,14.0
2026-09-11,EGIE3,30.75,30.0,33.91714,33.25,44.0,0.1029964227642277,underperform,3.71429,14.0
2026-09-14,EGIE3,30.46,30.0,33.91714,33.25,44.0,0.1134977019041365,underperform,3.71429,14.0
2026-09-15,EGIE3,30.52,30.0,33.91714,33.25,44.0,0.1113086500655309,underperform,3.71429,14.0
2026-09-16,EGIE3,30.65,30.0,33.91714,33.25,44.0,0.1065951060358891,underperform,3.71429,14.0
2026-09-17,EGIE3,30.88,30.0,33.91714,33.25,44.0,0.0983529792746116,underperform,3.71429,14.0
2026-09-18,EGIE3,30.39,30.0,33.91714,33.25,44.0,0.1160625205659757,underperform,3.71429,14.0
2026-09-21,EGIE3,30.32,30.0,33.91714,33.25,44.0,0.1186391820580476,underperform,3.71429,14.0
2026-09-22,EGIE3,30.65,30.0,33.91714,33.25,44.0,0.1065951060358891,underperform,3.71429,14.0
2026-09-23,EGIE3,29.34,30.0,33.91714,33.25,44.0,0.15600340831629178,underperform,3.71429,14.0
2026-08-24,EMBJ3,98.2,86.80083,109.53686,112.35475,134.02531,0.1154466395112017,buy,1.66667,5.0
2026-08-25,EMBJ3,96.34,86.62915,109.32021,112.13254,133.76024,0.1347333402532695,buy,1.66667,5.0
2026-08-27,EMBJ3,97.23,86.65777,109.35633,112.16958,133.80443,0.1247179882752236,buy,1.66667,5.0
2026-08-28,EMBJ3,95.22,87.95044,110.62828,113.40484,135.27794,0.1618176853602184,buy,1.66667,5.0
2026-08-29,EMBJ3,95.22,87.60576,110.194725,112.9604,134.74779,0.1572644927536233,buy,1.66667,5.0
2026-08-31,EMBJ3,93.49,87.37876,113.26953,112.90159,134.67761,0.2115684030377582,buy,1.66667,5.0
2026-09-01,EMBJ3,92.18,86.87968,112.62257,112.256714,133.90837,0.2217679540030375,buy,1.66667,5.0
2026-09-02,EMBJ3,92.5,86.056854,111.55595,111.19356,132.64015,0.2060102702702702,buy,1.66667,5.0
2026-09-03,EMBJ3,93.93,85.99279,111.472885,111.11078,132.5414,0.1867655168742681,buy,1.66667,5.0
2026-09-04,EMBJ3,94.98,86.410934,112.01494,111.65106,133.1859,0.1793529164034533,buy,1.66667,5.0
2026-09-07,EMBJ3,94.98,86.427795,112.0368,111.67285,133.21188,0.1795830701200251,buy,1.66667,5.0
2026-09-08,EMBJ3,94.23,85.809,111.23465,110.87331,132.25813,0.1804589833386394,buy,1.66667,5.0
2026-09-09,EMBJ3,95.27,86.03831,111.5319,111.16959,132.61157,0.1706927679227459,buy,1.66667,5.0
2026-09-10,EMBJ3,95.82,86.01134,111.49693,111.13474,132.56999,0.1636081193905241,none,,5.0
2026-09-11,EMBJ3,96.94,86.43286,112.04336,111.6794,133.2197,0.1558011140911905,none,,5.0
2026-09-14,EMBJ3,96.52,86.72455,112.42148,112.05628,133.66928,0.1647480314960629,none,,5.0
2026-09-15,EMBJ3,96.22,86.81055,112.53295,112.1674,133.80182,0.1695380378299729,none,,5.0
2026-09-16,EMBJ3,95.29,86.867874,112.60726,112.24147,133.89018,0.1817321859586524,none,,5.0
2026-09-17,EMBJ3,95.61,86.40419,112.006195,111.64235,133.1755,0.1714903775755674,none,,5.0
2026-09-18,EMBJ3,97.08,86.73635,112.436775,112.07153,133.68747,0.158186804697157,none,,5.0
2026-09-21,EMBJ3,98.45,86.17826,111.71332,111.350426,132.82727,0.1347213814118841,none,,5.0
2026-09-22,EMBJ3,98.4,86.00796,111.49255,111.13038,132.56479,0.133054369918699,none,,5.0
2026-09-23,EMBJ3,98.17,87.139336,112.95916,112.592224,134.30858,0.15064846694509515,none,,5.0
2026-08-24,ENEV3,26.1,26.6,31.73333,31.35,36.0,0.2158363984674327,strong_buy,1.25,12.0
2026-08-25,ENEV3,26.69,26.6,31.73333,31.35,36.0,0.1889595354065192,strong_buy,1.25,12.0
2026-08-27,ENEV3,26.38,26.6,31.73333,31.35,36.0,0.202931387414708,strong_buy,1.25,12.0
2026-08-28,ENEV3,26.3,26.6,31.73333,31.35,36.0,0.2065904942965779,strong_buy,1.25,12.0
2026-08-29,ENEV3,26.3,26.6,31.73333,31.35,36.0,0.2065904942965779,strong_buy,1.25,12.0
2026-08-31,ENEV3,26.21,26.6,31.73333,31.35,36.0,0.2107336894315146,none,,12.0
2026-09-01,ENEV3,26.52,26.6,31.73333,31.35,36.0,0.1965810708898943,none,,12.0
2026-09-02,ENEV3,27.43,26.6,31.73333,31.35,36.0,0.156884068538097,none,,12.0
2026-09-03,ENEV3,27.64,26.6,31.73333,31.35,36.0,0.1480944283646887,strong_buy,1.25,12.0
2026-09-04,ENEV3,27.59,26.6,31.73333,31.35,36.0,0.1501750634287784,strong_buy,1.25,12.0
2026-09-07,ENEV3,27.59,26.6,31.73333,31.35,36.0,0.1501750634287784,strong_buy,1.25,12.0
2026-09-08,ENEV3,27.69,26.6,31.73333,31.35,36.0,0.1460213073311664,strong_buy,1.25,12.0
2026-09-09,ENEV3,27.33,26.6,31.65,31.35,36.0,0.1580680570801318,strong_buy,1.25,12.0
2026-09-10,ENEV3,27.68,26.6,31.65,31.35,36.0,0.1434248554913295,strong_buy,1.25,12.0
2026-09-11,ENEV3,27.36,26.6,31.65,31.35,36.0,0.1567982456140351,strong_buy,1.25,12.0
2026-09-14,ENEV3,26.94,26.6,31.65,31.35,36.0,0.1748329621380844,strong_buy,1.25,12.0
2026-09-15,ENEV3,26.98,26.6,31.65,31.35,36.0,0.1730911786508524,strong_buy,1.25,12.0
2026-09-16,ENEV3,27.0,26.6,31.65,31.35,36.0,0.1722222222222222,strong_buy,1.25,12.0
2026-09-17,ENEV3,27.56,26.6,31.65,31.35,36.0,0.1484034833091436,strong_buy,1.25,12.0
2026-09-18,ENEV3,27.13,26.6,31.65,31.35,36.0,0.166605234058238,strong_buy,1.25,12.0
2026-09-21,ENEV3,27.97,26.6,31.65,31.35,36.0,0.1315695387915623,strong_buy,1.25,12.0
2026-09-22,ENEV3,27.7,26.6,31.65,31.35,36.0,0.1425992779783393,strong_buy,1.25,12.0
2026-09-23,ENEV3,27.78,26.6,31.65,31.35,36.0,0.13930885529157666,none,,12.0
2026-08-24,ENGI11,45.42,56.0,65.31,62.0,88.3,0.4379128137384411,none,,13.0
2026-08-25,ENGI11,47.24,56.0,65.31,62.0,88.3,0.382514817950889,none,,13.0
2026-08-27,ENGI11,47.57,56.0,65.31,62.0,88.3,0.3729241118351902,none,,13.0
2026-08-28,ENGI11,47.37,56.0,65.31,62.0,88.3,0.3787207093096898,none,,13.0
2026-08-29,ENGI11,47.37,56.0,65.31,62.0,88.3,0.3787207093096898,none,,13.0
2026-08-31,ENGI11,48.0,56.0,65.31,62.0,88.3,0.360625,none,,13.0
2026-09-01,ENGI11,48.78,56.0,65.31,62.0,88.3,0.3388683886838868,none,,13.0
2026-09-02,ENGI11,51.15,56.0,65.31,62.0,88.3,0.2768328445747801,none,,13.0
2026-09-03,ENGI11,51.37,56.0,65.31,62.0,88.3,0.2713646096943742,none,,13.0
2026-09-04,ENGI11,51.43,56.0,65.31,62.0,88.3,0.2698813921835505,none,,13.0
2026-09-07,ENGI11,51.43,56.0,65.31,62.0,88.3,0.2698813921835505,none,,13.0
2026-09-08,ENGI11,51.49,56.0,65.31,62.0,88.3,0.2684016313847348,none,,13.0
2026-09-09,ENGI11,50.46,55.0,65.54077,62.0,88.3,0.298865834324217,strong_buy,1.5,13.0
2026-09-10,ENGI11,51.81,55.0,65.54077,62.0,88.3,0.2650216174483688,strong_buy,1.5,13.0
2026-09-11,ENGI11,51.61,55.0,65.54077,62.0,88.3,0.2699238519666731,strong_buy,1.5,13.0
2026-09-14,ENGI11,51.35,55.0,65.54077,62.0,88.3,0.2763538461538459,strong_buy,1.5,13.0
2026-09-15,ENGI11,51.53,55.0,65.54077,62.0,88.3,0.2718954007374343,strong_buy,1.5,13.0
2026-09-16,ENGI11,52.21,55.0,65.54077,62.0,88.3,0.2553298218732043,strong_buy,1.5,13.0
2026-09-17,ENGI11,52.11,55.0,65.54077,62.0,88.3,0.2577388217232776,strong_buy,1.5,13.0
2026-09-18,ENGI11,52.08,55.0,65.54077,62.0,88.3,0.2584633256528417,strong_buy,1.5,13.0
2026-09-21,ENGI11,52.81,55.0,65.54077,62.0,88.3,0.2410674114750992,strong_buy,1.5,13.0
2026-09-22,ENGI11,53.03,55.0,65.54077,62.0,88.3,0.2359187252498584,strong_buy,1.5,13.0
2026-09-23,ENGI11,52.15,55.0,65.54077,62.0,88.3,0.25677411313518683,none,,13.0
2026-08-24,EQTL3,36.33,46.0,51.44714,50.0,61.7,0.4161062482796587,strong_buy,1.35714,14.0
2026-08-25,EQTL3,37.15,46.0,51.87571,50.0,61.7,0.3963851951547779,strong_buy,1.35714,14.0
2026-08-27,EQTL3,36.83,46.0,51.87571,50.0,61.7,0.4085177844148793,strong_buy,1.35714,14.0
2026-08-28,EQTL3,36.75,46.0,51.87571,50.0,61.7,0.4115839455782313,strong_buy,1.35714,14.0
2026-08-29,EQTL3,36.75,46.0,51.87571,50.0,61.7,0.4115839455782313,strong_buy,1.35714,14.0
2026-08-31,EQTL3,36.67,46.0,51.87571,50.0,61.7,0.4146634851377146,strong_buy,1.35714,14.0
2026-09-01,EQTL3,37.09,46.0,51.87571,50.0,61.7,0.398644108924238,strong_buy,1.35714,14.0
2026-09-02,EQTL3,38.38,46.0,51.87571,50.0,61.7,0.3516339239187076,strong_buy,1.35714,14.0
2026-09-03,EQTL3,38.92,46.0,51.87571,50.0,61.7,0.3328805241521066,strong_buy,1.35714,14.0
2026-09-04,EQTL3,39.16,46.0,51.87571,50.0,61.7,0.3247116956077631,strong_buy,1.35714,14.0
2026-09-07,EQTL3,39.16,46.0,51.87571,50.0,61.7,0.3247116956077631,strong_buy,1.35714,14.0
2026-09-08,EQTL3,39.25,46.0,52.01857,50.0,61.7,0.3253138853503183,strong_buy,1.35714,14.0
2026-09-09,EQTL3,38.81,46.0,52.01857,50.0,61.7,0.3403393455295025,strong_buy,1.35714,14.0
2026-09-10,EQTL3,40.1,46.0,52.50429,51.35,61.7,0.30933391521197,strong_buy,1.35714,14.0
2026-09-11,EQTL3,39.65,46.0,52.50429,51.35,61.7,0.32419394703657,strong_buy,1.35714,14.0
2026-09-14,EQTL3,39.48,46.0,52.50429,51.35,61.7,0.329895896656535,strong_buy,1.35714,14.0
2026-09-15,EQTL3,39.54,46.0,52.50429,51.35,61.7,0.3278778452200304,strong_buy,1.35714,14.0
2026-09-16,EQTL3,39.56,46.0,52.50429,51.35,61.7,0.3272065217391302,strong_buy,1.35714,14.0
2026-09-17,EQTL3,39.17,46.0,52.50429,51.35,61.7,0.3404209854480469,strong_buy,1.35714,14.0
2026-09-18,EQTL3,39.57,46.0,52.50429,51.35,61.7,0.3268711144806671,strong_buy,1.35714,14.0
2026-09-21,EQTL3,40.2,46.0,52.50429,51.35,61.7,0.3060768656716417,strong_buy,1.35714,14.0
2026-09-22,EQTL3,40.54,46.0,52.50429,51.35,61.7,0.2951230883078442,strong_buy,1.35714,14.0
2026-09-23,EQTL3,40.0,46.0,52.50429,51.35,61.7,0.3126072499999999,strong_buy,1.35714,14.0
2026-08-24,EVEN3,4.31,6.0,8.77143,9.0,10.0,1.0351345707656616,hold,2.85714,7.0
2026-08-25,EVEN3,4.52,6.0,8.77143,9.0,10.0,0.94058185840708,hold,2.85714,7.0
2026-08-27,EVEN3,4.51,6.0,8.77143,9.0,10.0,0.9448847006651886,hold,2.85714,7.0
2026-08-28,EVEN3,4.25,4.0,8.48571,9.0,10.0,0.9966376470588234,hold,2.85714,7.0
2026-08-29,EVEN3,4.25,4.0,8.48571,9.0,10.0,0.9966376470588234,hold,2.85714,7.0
2026-08-31,EVEN3,4.27,4.0,8.48571,9.0,10.0,0.9872857142857144,hold,2.85714,7.0
2026-09-01,EVEN3,4.26,4.0,8.48571,9.0,10.0,0.991950704225352,hold,2.85714,7.0
2026-09-02,EVEN3,4.35,4.0,8.48571,9.0,10.0,0.9507379310344828,hold,2.85714,7.0
2026-09-03,EVEN3,4.34,4.0,8.48571,9.0,10.0,0.9552327188940092,hold,2.85714,7.0
2026-09-04,EVEN3,4.23,4.0,8.48571,9.0,10.0,1.0060780141843968,hold,2.85714,7.0
2026-09-07,EVEN3,4.23,4.0,8.48571,9.0,10.0,1.0060780141843968,hold,2.85714,7.0
2026-09-08,EVEN3,4.29,4.0,8.48571,9.0,10.0,0.9780209790209788,hold,2.85714,7.0
2026-09-09,EVEN3,4.15,4.0,8.48571,9.0,10.0,1.044749397590361,hold,2.85714,7.0
2026-09-10,EVEN3,4.2,4.0,8.48571,9.0,10.0,1.0204071428571426,hold,2.85714,7.0
2026-09-11,EVEN3,4.07,4.0,8.48571,9.0,10.0,1.0849410319410318,none,,7.0
2026-09-14,EVEN3,4.1,4.0,8.48571,9.0,10.0,1.0696853658536587,none,,7.0
2026-09-15,EVEN3,4.12,4.0,8.48571,9.0,10.0,1.0596383495145627,none,,7.0
2026-09-16,EVEN3,4.18,4.0,8.48571,9.0,10.0,1.030074162679426,none,,7.0
2026-09-17,EVEN3,4.12,4.0,8.48571,9.0,10.0,1.0596383495145627,none,,7.0
2026-09-18,EVEN3,4.03,4.0,8.48571,9.0,10.0,1.1056352357320094,none,,7.0
2026-09-21,EVEN3,4.21,4.0,7.91429,8.6,10.0,0.8798788598574823,hold,2.85714,7.0
2026-09-22,EVEN3,4.29,4.0,7.91429,8.6,10.0,0.8448228438228438,hold,2.85714,7.0
2026-09-23,EVEN3,4.43,4.0,7.34286,8.3,10.0,0.6575304740406323,hold,2.85714,7.0
2026-08-24,EZTC3,11.01,13.0,17.6,17.0,23.0,0.5985467756584923,hold,2.54545,11.0
2026-08-25,EZTC3,11.76,13.0,17.6,17.0,23.0,0.4965986394557824,hold,2.54545,11.0
2026-08-27,EZTC3,11.55,13.0,17.6,17.0,23.0,0.523809523809524,hold,2.54545,11.0
2026-08-28,EZTC3,11.74,11.0,17.41818,17.0,23.0,0.4836609880749574,hold,2.54545,11.0
2026-08-29,EZTC3,11.74,11.0,17.41818,17.0,23.0,0.4836609880749574,hold,2.54545,11.0
2026-08-31,EZTC3,11.9,11.0,17.41818,17.0,23.0,0.4637126050420168,hold,2.54545,11.0
2026-09-01,EZTC3,13.21,11.0,17.41818,17.0,23.0,0.318560181680545,hold,2.54545,11.0
2026-09-02,EZTC3,13.2,11.0,17.41818,17.0,23.0,0.3195590909090908,hold,2.54545,11.0
2026-09-03,EZTC3,13.25,11.0,17.41818,17.0,23.0,0.3145796226415094,hold,2.54545,11.0
2026-09-04,EZTC3,13.0,11.0,17.41818,17.0,23.0,0.33986,hold,2.54545,11.0
2026-09-07,EZTC3,13.0,11.0,17.41818,17.0,23.0,0.33986,hold,2.54545,11.0
2026-09-08,EZTC3,12.99,11.0,17.41818,17.0,23.0,0.3408914549653579,hold,2.54545,11.0
2026-09-09,EZTC3,12.79,11.0,17.41818,17.0,23.0,0.361859265050821,hold,2.54545,11.0
2026-09-10,EZTC3,13.14,11.0,17.41818,17.0,23.0,0.3255844748858447,hold,2.54545,11.0
2026-09-11,EZTC3,13.09,11.0,17.05455,17.0,21.5,0.302868601986249,hold,2.54545,11.0
2026-09-14,EZTC3,12.86,11.0,17.05455,17.0,21.5,0.326170295489891,hold,2.54545,11.0
2026-09-15,EZTC3,13.1,11.0,17.05455,17.0,21.5,0.3018740458015267,hold,2.54545,11.0
2026-09-16,EZTC3,13.35,11.0,17.05455,17.0,21.5,0.2774943820224718,hold,2.54545,11.0
2026-09-17,EZTC3,12.95,11.0,17.05455,17.0,21.5,0.316953667953668,hold,2.54545,11.0
2026-09-18,EZTC3,13.38,11.0,17.05455,17.0,21.5,0.2746300448430492,hold,2.54545,11.0
2026-09-21,EZTC3,13.82,11.0,16.73636,17.0,21.0,0.2110246020260493,hold,2.54545,11.0
2026-09-22,EZTC3,13.8,11.0,16.73636,17.0,21.0,0.2127797101449275,hold,2.54545,11.0
2026-09-23,EZTC3,13.81,11.0,16.46364,16.5,21.0,0.1921535119478639,hold,2.54545,11.0
2026-08-24,FESA4,5.12,,,,,,none,,
2026-08-25,FESA4,5.16,,,,,,none,,
2026-08-27,FESA4,5.2,,,,,,none,,
2026-08-28,FESA4,5.19,,,,,,none,,
2026-08-29,FESA4,5.19,,,,,,none,,
2026-08-31,FESA4,5.06,,,,,,none,,
2026-09-01,FESA4,5.39,,,,,,none,,
2026-09-02,FESA4,5.66,,,,,,none,,
2026-09-03,FESA4,5.72,,,,,,none,,
2026-09-04,FESA4,5.61,,,,,,none,,
2026-09-07,FESA4,5.61,,,,,,none,,
2026-09-08,FESA4,5.89,,,,,,none,,
2026-09-09,FESA4,5.86,,,,,,none,,
2026-09-10,FESA4,5.85,,,,,,none,,
2026-09-11,FESA4,5.78,,,,,,none,,
2026-09-14,FESA4,5.68,,,,,,none,,
2026-09-15,FESA4,5.76,,,,,,none,,
2026-09-16,FESA4,5.71,,,,,,none,,
2026-09-17,FESA4,5.74,,,,,,none,,
2026-09-18,FESA4,5.62,,,,,,none,,
2026-09-21,FESA4,5.58,,,,,,none,,
2026-09-22,FESA4,5.69,,,,,,none,,
2026-09-23,FESA4,5.56,,,,,,none,,
2026-08-24,FLRY3,18.57,14.0,17.63333,18.0,21.5,-0.0504399569197629,hold,2.75,12.0
2026-08-25,FLRY3,18.64,14.0,17.63333,18.0,21.5,-0.0540059012875536,hold,2.75,12.0
2026-08-27,FLRY3,18.66,14.0,17.63333,18.0,21.5,-0.0550198285101821,hold,2.75,12.0
2026-08-28,FLRY3,18.87,15.8,17.84167,18.0,21.5,-0.0544954954954954,hold,2.75,12.0
2026-08-29,FLRY3,18.87,15.8,17.84167,18.0,21.5,-0.0544954954954954,hold,2.75,12.0
2026-08-31,FLRY3,19.68,15.8,17.84167,18.0,21.5,-0.0934110772357723,hold,2.75,12.0
2026-09-01,FLRY3,19.21,15.8,17.84167,18.0,21.5,-0.0712300884955752,hold,2.75,12.0
2026-09-02,FLRY3,19.67,15.8,17.84167,18.0,21.5,-0.092950177935943,hold,2.75,12.0
2026-09-03,FLRY3,20.1,15.8,17.84167,18.0,21.5,-0.1123547263681592,hold,2.75,12.0
2026-09-04,FLRY3,20.17,15.8,18.34167,18.0,25.0,-0.0906460089241448,hold,2.75,12.0
2026-09-07,FLRY3,20.17,15.8,18.34167,18.0,25.0,-0.0906460089241448,hold,2.75,12.0
2026-09-08,FLRY3,20.78,15.8,18.34167,18.0,25.0,-0.1173402309913378,hold,2.75,12.0
2026-09-09,FLRY3,20.35,15.8,18.34167,18.0,25.0,-0.0986894348894349,hold,2.75,12.0
2026-09-10,FLRY3,20.96,15.8,18.34167,18.0,25.0,-0.1249203244274809,hold,2.75,12.0
2026-09-11,FLRY3,21.06,15.8,18.46667,18.0,25.0,-0.1231400759734092,hold,2.75,12.0
2026-09-14,FLRY3,21.4,15.8,18.46667,18.0,25.0,-0.1370714953271027,hold,2.75,12.0
2026-09-15,FLRY3,21.28,15.8,18.46667,18.0,25.0,-0.1322053571428572,hold,2.75,12.0
2026-09-16,FLRY3,21.35,15.8,18.46667,18.0,25.0,-0.1350505854800937,hold,2.75,12.0
2026-09-17,FLRY3,21.45,15.8,18.46667,18.0,25.0,-0.1390829836829836,hold,2.75,12.0
2026-09-18,FLRY3,21.38,15.8,18.63333,18.0,25.0,-0.1284691300280634,hold,2.75,12.0
2026-09-21,FLRY3,21.98,15.8,19.11667,18.1,25.0,-0.1302697907188353,hold,2.75,12.0
2026-09-22,FLRY3,22.11,15.8,19.11667,18.1,25.0,-0.1353835368611488,hold,2.75,12.0
2026-09-23,FLRY3,21.99,15.8,19.11667,18.1,25.0,-0.13066530241018648,hold,2.75,12.0
2026-08-24,FRAS3,23.25,20.0,26.58889,28.0,30.3,0.1436081720430106,buy,2.22222,9.0
2026-08-25,FRAS3,23.35,20.0,26.58889,28.0,30.3,0.1387104925053532,buy,2.22222,9.0
2026-08-27,FRAS3,23.1,20.0,26.58889,28.0,30.3,0.151034199134199,buy,2.22222,9.0
2026-08-28,FRAS3,23.01,20.0,26.58889,28.0,30.3,0.1555362885701867,buy,2.22222,9.0
2026-08-29,FRAS3,23.01,20.0,26.58889,28.0,30.3,0.1555362885701867,buy,2.22222,9.0
2026-08-31,FRAS3,23.02,20.0,26.58889,28.0,30.3,0.1550343179843614,buy,2.22222,9.0
2026-09-01,FRAS3,23.29,20.0,26.58889,28.0,30.3,0.1416440532417346,buy,2.22222,9.0
2026-09-02,FRAS3,23.53,20.0,26.58889,28.0,30.3,0.1299995750106246,buy,2.22222,9.0
2026-09-03,FRAS3,22.75,20.0,26.58889,28.0,30.3,0.1687424175824174,buy,2.22222,9.0
2026-09-04,FRAS3,22.65,20.0,26.75556,28.0,30.3,0.181260927152318,buy,2.22222,9.0
2026-09-07,FRAS3,22.65,20.0,26.75556,28.0,30.3,0.181260927152318,buy,2.22222,9.0
2026-09-08,FRAS3,22.86,20.0,26.75556,28.0,30.3,0.1704094488188976,buy,2.22222,9.0
2026-09-09,FRAS3,23.14,20.0,26.75556,28.0,30.3,0.1562471910112359,buy,2.22222,9.0
2026-09-10,FRAS3,23.53,20.0,26.75556,28.0,30.3,0.1370828729281767,buy,2.22222,9.0
2026-09-11,FRAS3,23.03,20.0,26.75556,28.0,30.3,0.1617698653929655,buy,2.22222,9.0
2026-09-14,FRAS3,23.2,20.0,26.75556,28.0,30.3,0.153256896551724,buy,2.22222,9.0
2026-09-15,FRAS3,23.34,20.0,26.75556,28.0,30.3,0.1463393316195371,buy,2.22222,9.0
2026-09-16,FRAS3,23.45,20.0,26.75556,28.0,30.3,0.1409620469083154,buy,2.22222,9.0
2026-09-17,FRAS3,23.5,20.0,26.75556,28.0,30.3,0.1385344680851064,buy,2.22222,9.0
2026-09-18,FRAS3,23.57,20.0,26.75556,28.0,30.3,0.1351531607976239,buy,2.22222,9.0
2026-09-21,FRAS3,23.45,20.0,26.64444,28.0,30.3,0.1362234541577824,buy,2.22222,9.0
2026-09-22,FRAS3,23.49,20.0,26.64444,28.0,30.3,0.1342886334610473,buy,2.22222,9.0
2026-09-23,FRAS3,23.52,20.0,26.64444,28.0,30.3,0.13284183673469396,buy,2.22222,9.0
2026-08-24,GFSA3,0.23,,,,,,none,,
2026-08-25,GFSA3,0.21,,,,,,none,,
2026-08-27,GFSA3,0.21,,,,,,none,,
2026-08-28,GFSA3,0.21,,,,,,none,,
2026-08-29,GFSA3,0.21,,,,,,none,,
2026-08-31,GFSA3,0.21,,,,,,none,,
2026-09-01,GFSA3,0.21,,,,,,none,,
2026-09-02,GFSA3,0.21,,,,,,none,,
2026-09-03,GFSA3,0.22,,,,,,none,,
2026-09-04,GFSA3,0.21,,,,,,none,,
2026-09-07,GFSA3,0.21,,,,,,none,,
2026-09-08,GFSA3,0.21,,,,,,none,,
2026-09-09,GFSA3,0.21,,,,,,none,,
2026-09-10,GFSA3,0.2,,,,,,none,,
2026-09-11,GFSA3,0.3,,,,,,none,,
2026-09-14,GFSA3,0.27,,,,,,none,,
2026-09-15,GFSA3,0.26,,,,,,none,,
2026-09-16,GFSA3,0.24,,,,,,none,,
2026-09-17,GFSA3,0.26,,,,,,none,,
2026-09-18,GFSA3,0.26,,,,,,none,,
2026-09-21,GFSA3,0.25,,,,,,none,,
2026-08-24,GGBR4,22.14,22.0,27.13333,28.0,32.0,0.2255343270099368,buy,1.86667,15.0
2026-08-25,GGBR4,22.45,22.0,27.13333,28.0,32.0,0.2086115812917595,buy,1.86667,15.0
2026-08-27,GGBR4,22.88,22.0,27.13333,28.0,32.0,0.1858972902097904,buy,1.86667,15.0
2026-08-28,GGBR4,23.8,22.0,27.13333,28.0,32.0,0.1400558823529412,buy,2.0,15.0
2026-08-29,GGBR4,23.8,22.0,27.13333,28.0,32.0,0.1400558823529412,buy,2.0,15.0
2026-08-31,GGBR4,23.74,22.0,27.33333,28.0,32.0,0.1513618365627633,buy,2.0,15.0
2026-09-01,GGBR4,24.15,22.0,27.33333,28.0,32.0,0.1318149068322982,buy,2.0,15.0
2026-09-02,GGBR4,25.42,22.0,27.33333,28.0,32.0,0.0752686860739575,buy,2.0,15.0
2026-09-03,GGBR4,25.14,22.0,27.33333,28.0,32.0,0.087244630071599,buy,2.0,15.0
2026-09-04,GGBR4,25.34,22.0,27.21429,27.5,34.0,0.0739656669297552,buy,2.0,14.0
2026-09-07,GGBR4,25.34,22.0,27.21429,27.5,34.0,0.0739656669297552,buy,2.0,14.0
2026-09-08,GGBR4,25.7,22.0,27.21429,27.5,34.0,0.0589217898832683,buy,2.0,14.0
2026-09-09,GGBR4,25.41,22.0,27.21429,27.5,34.0,0.0710070838252656,buy,2.0,14.0
2026-09-10,GGBR4,26.01,22.0,27.21429,27.5,34.0,0.0463010380622836,buy,2.0,14.0
2026-09-11,GGBR4,26.1,22.0,27.32143,27.75,34.0,0.0467980842911877,buy,2.0,14.0
2026-09-14,GGBR4,25.06,22.0,27.32143,27.75,34.0,0.0902406225059857,buy,2.0,14.0
2026-09-15,GGBR4,25.85,22.0,27.32143,27.75,34.0,0.0569218568665377,buy,2.0,14.0
2026-09-16,GGBR4,25.6,22.0,27.32143,27.75,34.0,0.0672433593749999,buy,2.0,14.0
2026-09-17,GGBR4,25.98,22.0,27.32143,27.75,34.0,0.0516331793687452,buy,2.0,14.0
2026-09-18,GGBR4,25.34,22.0,27.32143,27.75,34.0,0.0781937647987371,buy,2.0,14.0
2026-09-21,GGBR4,25.52,22.0,27.32143,27.75,34.0,0.0705889498432601,buy,2.0,14.0
2026-09-22,GGBR4,25.64,22.0,27.32143,27.75,34.0,0.0655783931357254,buy,2.0,14.0
2026-09-23,GGBR4,25.25,22.0,27.32143,27.75,34.0,0.08203683168316833,buy,2.0,14.0
2026-08-24,GGPS3,12.2,15.1,19.87273,19.5,30.0,0.6289122950819674,strong_buy,1.27273,11.0
2026-08-25,GGPS3,12.54,15.1,19.64545,18.5,30.0,0.5666228070175441,strong_buy,1.27273,11.0
2026-08-27,GGPS3,12.5,15.1,19.64545,18.5,30.0,0.571636,strong_buy,1.27273,11.0
2026-08-28,GGPS3,12.58,15.1,19.64545,18.5,30.0,0.5616414944356121,strong_buy,1.27273,11.0
2026-08-29,GGPS3,12.58,15.1,19.64545,18.5,30.0,0.5616414944356121,strong_buy,1.27273,11.0
2026-08-31,GGPS3,12.42,15.1,19.64545,18.5,30.0,0.5817592592592593,strong_buy,1.27273,11.0
2026-09-01,GGPS3,12.62,15.1,19.64545,18.5,30.0,0.55669175911252,strong_buy,1.27273,11.0
2026-09-02,GGPS3,13.15,15.1,19.64545,18.5,30.0,0.4939505703422053,strong_buy,1.27273,11.0
2026-09-03,GGPS3,12.9,15.1,19.64545,18.5,30.0,0.5229031007751939,strong_buy,1.27273,11.0
2026-09-04,GGPS3,13.09,15.1,18.82727,18.5,23.0,0.4382941176470587,strong_buy,1.27273,11.0
2026-09-07,GGPS3,13.09,15.1,18.82727,18.5,23.0,0.4382941176470587,strong_buy,1.27273,11.0
2026-09-08,GGPS3,13.06,15.1,18.82727,18.5,23.0,0.4415980091883613,strong_buy,1.27273,11.0
2026-09-09,GGPS3,12.96,15.1,18.82727,18.5,23.0,0.4527214506172836,strong_buy,1.27273,11.0
2026-09-10,GGPS3,13.18,15.1,18.82727,18.5,23.0,0.4284726858877086,strong_buy,1.27273,11.0
2026-09-11,GGPS3,13.05,15.1,18.82727,18.5,23.0,0.442702681992337,strong_buy,1.27273,11.0
2026-09-14,GGPS3,12.8,15.1,18.82727,18.5,23.0,0.4708804687499999,strong_buy,1.27273,11.0
2026-09-15,GGPS3,12.83,15.1,18.82727,18.5,23.0,0.4674411535463756,strong_buy,1.27273,11.0
2026-09-16,GGPS3,13.04,15.1,18.82727,18.5,23.0,0.4438090490797546,strong_buy,1.27273,11.0
2026-09-17,GGPS3,12.85,15.1,18.82727,18.5,23.0,0.4651571984435796,strong_buy,1.27273,11.0
2026-09-18,GGPS3,12.92,15.1,18.82727,18.5,23.0,0.4572190402476779,strong_buy,1.27273,11.0
2026-09-21,GGPS3,13.25,15.0,18.73636,18.5,23.0,0.4140649056603773,strong_buy,1.27273,11.0
2026-09-22,GGPS3,12.76,15.0,18.73636,18.5,23.0,0.4683667711598747,strong_buy,1.27273,11.0
2026-09-23,GGPS3,12.61,15.0,18.73636,18.5,23.0,0.48583346550356876,strong_buy,1.27273,11.0
2026-08-24,GMAT3,4.3,4.0,5.96111,5.9,9.0,0.3863046511627908,hold,2.7,9.0
2026-08-25,GMAT3,4.64,4.0,5.96111,5.9,9.0,0.2847219827586207,hold,2.7,9.0
2026-08-27,GMAT3,4.6,4.0,5.96111,5.9,9.0,0.2958934782608695,hold,2.7,9.0
2026-08-28,GMAT3,4.78,4.0,5.96111,5.9,9.0,0.2470941422594141,hold,2.7,9.0
2026-08-29,GMAT3,4.78,4.0,5.96111,5.9,9.0,0.2470941422594141,hold,2.7,9.0
2026-08-31,GMAT3,4.63,4.0,5.96111,5.9,9.0,0.2874967602591791,hold,2.7,9.0
2026-09-01,GMAT3,4.73,4.0,5.96111,5.9,9.0,0.2602769556025368,hold,2.7,9.0
2026-09-02,GMAT3,4.77,4.0,5.96111,5.9,9.0,0.2497085953878406,hold,2.7,9.0
2026-09-03,GMAT3,4.8,4.0,5.96111,5.9,9.0,0.2418979166666666,none,,9.0
2026-09-04,GMAT3,4.87,4.0,5.96111,5.9,9.0,0.2240472279260779,none,,9.0
2026-09-07,GMAT3,4.87,4.0,5.96111,5.9,9.0,0.2240472279260779,none,,9.0
2026-09-08,GMAT3,4.79,4.0,5.96111,5.9,9.0,0.2444906054279749,none,,9.0
2026-09-09,GMAT3,4.73,4.0,5.96111,5.9,9.0,0.2602769556025368,none,,9.0
2026-09-10,GMAT3,4.83,4.0,5.96111,5.9,9.0,0.2341842650103518,none,,9.0
2026-09-11,GMAT3,4.88,4.0,5.96111,5.9,9.0,0.2215389344262295,none,,9.0
2026-09-14,GMAT3,4.88,4.0,5.96111,5.9,9.0,0.2215389344262295,none,,9.0
2026-09-15,GMAT3,4.85,4.0,5.96111,5.9,9.0,0.2290948453608248,none,,9.0
2026-09-16,GMAT3,4.9,4.0,5.96111,5.9,9.0,0.2165530612244897,none,,9.0
2026-09-17,GMAT3,4.93,4.0,5.96111,5.9,9.0,0.2091501014198782,none,,9.0
2026-09-18,GMAT3,4.91,4.0,5.96111,5.9,9.0,0.2140753564154784,none,,9.0
2026-09-21,GMAT3,4.9,4.0,5.96111,5.9,9.0,0.2165530612244897,none,,9.0
2026-09-22,GMAT3,5.03,4.0,5.96111,5.9,9.0,0.1851113320079522,none,,9.0
2026-09-23,GMAT3,4.9,4.0,5.96111,5.9,9.0,0.2165530612244897,none,,9.0
2026-08-24,GOAU4,9.75,10.3,11.25,11.1,12.5,0.1538461538461537,buy,2.25,4.0
2026-08-25,GOAU4,9.84,10.3,11.25,11.1,12.5,0.1432926829268292,buy,2.25,4.0
2026-08-27,GOAU4,9.94,10.3,11.25,11.1,12.5,0.1317907444668009,buy,2.25,4.0
2026-08-28,GOAU4,10.42,10.3,11.925,12.05,13.3,0.1444337811900193,buy,2.25,4.0
2026-08-29,GOAU4,10.42,10.3,11.925,12.05,13.3,0.1444337811900193,buy,2.25,4.0
2026-08-31,GOAU4,10.39,10.3,11.925,12.05,13.3,0.1477382098171318,buy,2.25,4.0
2026-09-01,GOAU4,10.56,10.3,11.925,12.05,13.3,0.1292613636363637,buy,2.25,4.0
2026-09-02,GOAU4,11.12,10.3,11.925,12.05,13.3,0.0723920863309353,buy,2.25,4.0
2026-09-03,GOAU4,11.1,10.3,11.925,12.05,13.3,0.0743243243243243,buy,2.25,4.0
2026-09-04,GOAU4,11.17,10.3,12.425,12.45,14.5,0.1123545210384959,buy,2.25,4.0
2026-09-07,GOAU4,11.17,10.3,12.425,12.45,14.5,0.1123545210384959,buy,2.25,4.0
2026-09-08,GOAU4,11.21,10.3,12.425,12.45,14.5,0.108385370205174,buy,2.25,4.0
2026-09-09,GOAU4,11.22,10.3,12.425,12.45,14.5,0.107397504456328,buy,2.25,4.0
2026-09-10,GOAU4,11.51,10.3,12.425,12.45,14.5,0.079496090356212,buy,2.25,4.0
2026-09-11,GOAU4,11.63,10.3,12.425,12.45,14.5,0.0683576956147893,buy,2.25,4.0
2026-09-14,GOAU4,11.21,10.3,12.425,12.45,14.5,0.108385370205174,buy,2.25,4.0
2026-09-15,GOAU4,11.61,10.3,12.425,12.45,14.5,0.0701981050818261,buy,2.25,4.0
2026-09-16,GOAU4,11.45,10.3,12.425,12.45,14.5,0.0851528384279476,buy,2.25,4.0
2026-09-17,GOAU4,11.7,10.3,12.425,12.45,14.5,0.0619658119658121,buy,2.25,4.0
2026-09-18,GOAU4,11.42,10.3,12.425,12.45,14.5,0.0880035026269703,none,,4.0
2026-09-21,GOAU4,11.46,10.3,12.425,12.45,14.5,0.0842059336823735,none,,4.0
2026-09-22,GOAU4,11.46,10.3,12.425,12.45,14.5,0.0842059336823735,none,,4.0
2026-09-23,GOAU4,11.32,10.3,12.425,12.45,14.5,0.09761484098939932,none,,4.0
2026-08-24,GRND3,3.51,,,,,,none,,
2026-08-25,GRND3,3.49,,,,,,none,,
2026-08-27,GRND3,3.48,,,,,,none,,
2026-08-28,GRND3,3.46,,,,,,none,,
2026-08-29,GRND3,3.46,,,,,,none,,
2026-08-31,GRND3,3.48,,,,,,none,,
2026-09-01,GRND3,3.49,,,,,,none,,
2026-09-02,GRND3,3.68,,,,,,none,,
2026-09-03,GRND3,3.69,,,,,,none,,
2026-09-04,GRND3,3.68,,,,,,none,,
2026-09-07,GRND3,3.68,,,,,,none,,
2026-09-08,GRND3,3.77,,,,,,none,,
2026-09-09,GRND3,3.73,,,,,,none,,
2026-09-10,GRND3,3.77,,,,,,none,,
2026-09-11,GRND3,3.74,,,,,,none,,
2026-09-14,GRND3,3.76,,,,,,none,,
2026-09-15,GRND3,3.71,,,,,,none,,
2026-09-16,GRND3,3.7,,,,,,none,,
2026-09-17,GRND3,3.65,,,,,,none,,
2026-09-18,GRND3,3.67,,,,,,none,,
2026-09-21,GRND3,3.75,,,,,,none,,
2026-09-22,GRND3,3.77,,,,,,none,,
2026-09-23,GRND3,3.78,,,,,,none,,
2026-08-24,HAPV3,6.36,8.0,13.11538,13.0,19.0,1.0621666666666667,hold,2.92308,13.0
2026-08-25,HAPV3,6.42,8.0,13.11538,13.0,19.0,1.0428940809968847,hold,2.92308,13.0
2026-08-27,HAPV3,6.38,8.0,13.11538,13.0,19.0,1.0557021943573668,hold,2.92308,13.0
2026-08-28,HAPV3,6.49,8.0,13.11538,13.0,19.0,1.020859784283513,hold,2.92308,13.0
2026-08-29,HAPV3,6.49,8.0,13.11538,13.0,19.0,1.020859784283513,hold,2.92308,13.0
2026-08-31,HAPV3,6.61,8.0,12.76923,13.0,19.0,0.931804841149773,hold,2.92308,13.0
2026-09-01,HAPV3,6.6,8.0,12.76923,13.0,19.0,0.9347318181818184,hold,2.92308,13.0
2026-09-02,HAPV3,6.87,6.5,12.34615,13.0,19.0,0.7971106259097525,hold,2.92308,13.0
2026-09-03,HAPV3,7.33,6.5,12.34615,13.0,19.0,0.6843315143246931,hold,2.92308,13.0
2026-09-04,HAPV3,7.26,6.5,12.04167,12.25,19.0,0.6586322314049586,hold,2.92308,12.0
2026-09-07,HAPV3,7.26,6.5,12.04167,12.25,19.0,0.6586322314049586,hold,2.92308,12.0
2026-09-08,HAPV3,7.19,6.5,12.04167,12.25,19.0,0.674780250347705,hold,2.92308,12.0
2026-09-09,HAPV3,7.0,6.5,12.04167,12.25,19.0,0.7202385714285715,hold,2.92308,12.0
2026-09-10,HAPV3,7.32,6.5,12.04167,12.25,19.0,0.6450368852459016,hold,2.92308,12.0
2026-09-11,HAPV3,6.73,6.5,12.04167,12.25,19.0,0.7892526002971767,hold,2.92308,12.0
2026-09-14,HAPV3,6.72,6.5,12.04167,12.25,19.0,0.7919151785714287,hold,2.92308,12.0
2026-09-15,HAPV3,6.63,6.5,12.04167,12.25,19.0,0.8162398190045248,hold,2.92308,12.0
2026-09-16,HAPV3,6.49,6.5,12.04167,12.25,19.0,0.8554191063174112,hold,2.92308,12.0
2026-09-17,HAPV3,6.39,6.5,12.34615,13.0,19.0,0.9321048513302036,hold,2.92308,13.0
2026-09-18,HAPV3,6.21,6.5,12.34615,13.0,19.0,0.9881078904991948,hold,2.92308,13.0
2026-09-21,HAPV3,6.71,6.5,11.71538,11.5,19.0,0.7459582712369597,hold,2.92308,13.0
2026-09-22,HAPV3,6.8,6.5,11.71538,11.5,19.0,0.72285,hold,2.92308,13.0
2026-09-23,HAPV3,6.65,6.5,11.48462,11.5,19.0,0.7270105263157893,hold,2.92308,13.0
2026-08-24,HBOR3,1.95,3.1,4.06667,4.1,5.0,1.0854717948717951,hold,2.66667,3.0
2026-08-25,HBOR3,1.99,3.1,4.06667,4.1,5.0,1.0435527638190956,hold,2.66667,3.0
2026-08-27,HBOR3,2.05,3.1,4.06667,4.1,5.0,0.9837414634146344,hold,2.66667,3.0
2026-08-28,HBOR3,2.15,3.1,4.06667,4.1,5.0,0.8914744186046513,none,,3.0
2026-08-29,HBOR3,2.15,3.1,4.06667,4.1,5.0,0.8914744186046513,none,,3.0
2026-08-31,HBOR3,2.16,3.1,4.06667,4.1,5.0,0.8827175925925925,none,,3.0
2026-09-01,HBOR3,2.05,3.1,4.06667,4.1,5.0,0.9837414634146344,none,,3.0
2026-09-02,HBOR3,2.14,3.1,4.06667,4.1,5.0,0.9003130841121496,none,,3.0
2026-09-03,HBOR3,2.2,3.1,4.06667,4.1,5.0,0.8484863636363635,none,,3.0
2026-09-04,HBOR3,2.07,3.1,4.06667,4.1,5.0,0.9645748792270534,none,,3.0
2026-09-07,HBOR3,2.07,3.1,4.06667,4.1,5.0,0.9645748792270534,none,,3.0
2026-09-08,HBOR3,2.16,3.1,4.06667,4.1,5.0,0.8827175925925925,none,,3.0
2026-09-09,HBOR3,2.13,3.1,4.06667,4.1,5.0,0.9092347417840378,none,,3.0
2026-09-10,HBOR3,2.15,3.1,4.06667,4.1,5.0,0.8914744186046513,none,,3.0
2026-09-11,HBOR3,2.15,3.1,4.06667,4.1,5.0,0.8914744186046513,none,,3.0
2026-09-14,HBOR3,2.12,3.1,4.06667,4.1,5.0,0.918240566037736,none,,3.0
2026-09-15,HBOR3,2.22,3.1,4.06667,4.1,5.0,0.8318333333333332,none,,3.0
2026-09-16,HBOR3,2.23,3.1,4.06667,4.1,5.0,0.8236188340807176,none,,3.0
2026-09-17,HBOR3,2.23,3.1,4.06667,4.1,5.0,0.8236188340807176,none,,3.0
2026-09-18,HBOR3,2.22,3.1,4.06667,4.1,5.0,0.8318333333333332,none,,3.0
2026-09-21,HBOR3,2.31,3.1,4.06667,4.1,5.0,0.7604632034632035,none,,3.0
2026-08-24,HBSA3,3.47,3.0,4.4,4.2,6.1,0.2680115273775216,buy,2.28571,7.0
2026-08-25,HBSA3,3.48,3.0,4.4,4.2,6.1,0.264367816091954,buy,2.28571,7.0
2026-08-27,HBSA3,3.52,3.0,4.4,4.2,6.1,0.25,buy,2.28571,7.0
2026-08-28,HBSA3,3.4,3.0,4.42857,4.2,6.1,0.3025205882352941,buy,2.28571,7.0
2026-08-29,HBSA3,3.4,3.0,4.42857,4.2,6.1,0.3025205882352941,buy,2.28571,7.0
2026-08-31,HBSA3,3.45,3.0,4.42857,4.2,6.1,0.2836434782608694,buy,2.28571,7.0
2026-09-01,HBSA3,3.52,3.0,4.42857,4.2,6.1,0.2581164772727271,buy,2.28571,7.0
2026-09-02,HBSA3,3.55,3.0,4.42857,4.2,6.1,0.2474845070422535,buy,2.28571,7.0
2026-09-03,HBSA3,3.42,3.0,4.42857,4.2,6.1,0.2949035087719298,buy,2.28571,7.0
2026-09-04,HBSA3,3.42,3.0,4.4,4.2,6.1,0.2865497076023393,hold,2.57143,7.0
2026-09-07,HBSA3,3.42,3.0,4.4,4.2,6.1,0.2865497076023393,hold,2.57143,7.0
2026-09-08,HBSA3,3.35,3.0,4.4,4.2,6.1,0.3134328358208955,hold,2.57143,7.0
2026-09-09,HBSA3,3.38,3.0,4.4,4.2,6.1,0.3017751479289943,hold,2.57143,7.0
2026-09-10,HBSA3,3.41,3.0,4.4,4.2,6.1,0.2903225806451612,hold,2.57143,7.0
2026-09-11,HBSA3,3.36,3.0,4.4,4.2,6.1,0.3095238095238097,hold,2.57143,7.0
2026-09-14,HBSA3,3.28,3.0,4.4,4.2,6.1,0.3414634146341464,hold,2.57143,7.0
2026-09-15,HBSA3,3.27,3.0,4.4,4.2,6.1,0.345565749235474,hold,2.57143,7.0
2026-09-16,HBSA3,3.3,3.0,4.4,4.2,6.1,0.3333333333333335,hold,2.57143,7.0
2026-09-17,HBSA3,3.31,3.0,4.4,4.2,6.1,0.3293051359516616,none,,7.0
2026-09-18,HBSA3,3.32,3.0,4.4,4.2,6.1,0.3253012048192774,none,,7.0
2026-09-21,HBSA3,3.38,3.0,4.4,4.2,6.1,0.3017751479289943,hold,2.57143,7.0
2026-09-22,HBSA3,3.4,3.0,4.4,4.2,6.1,0.2941176470588236,hold,2.57143,7.0
2026-09-23,HBSA3,3.38,3.0,4.4,4.2,6.1,0.3017751479289943,hold,2.57143,7.0
2026-08-24,HYPE3,21.42,24.0,29.16667,29.0,33.0,0.3616559290382819,buy,1.53333,15.0
2026-08-25,HYPE3,21.8,24.0,29.2,29.0,33.0,0.3394495412844036,strong_buy,1.4,15.0
2026-08-27,HYPE3,22.01,24.0,29.2,29.0,33.0,0.3266696955929122,strong_buy,1.4,15.0
2026-08-28,HYPE3,21.36,24.0,29.2,29.0,33.0,0.3670411985018726,strong_buy,1.4,15.0
2026-08-29,HYPE3,21.36,24.0,29.2,29.0,33.0,0.3670411985018726,strong_buy,1.4,15.0
2026-08-31,HYPE3,21.7,24.0,29.2,29.0,33.0,0.3456221198156681,strong_buy,1.4,15.0
2026-09-01,HYPE3,21.75,24.0,29.2,29.0,33.0,0.3425287356321838,strong_buy,1.4,15.0
2026-09-02,HYPE3,22.46,24.0,29.2,29.0,33.0,0.3000890471950133,strong_buy,1.4,15.0
2026-09-03,HYPE3,22.73,24.0,29.2,29.0,33.0,0.2846458424989,strong_buy,1.4,15.0
2026-09-04,HYPE3,23.16,24.0,29.2,29.0,33.0,0.2607944732297063,strong_buy,1.4,15.0
2026-09-07,HYPE3,23.16,24.0,29.2,29.0,33.0,0.2607944732297063,strong_buy,1.4,15.0
2026-09-08,HYPE3,23.08,24.0,29.2,29.0,33.0,0.2651646447140381,strong_buy,1.4,15.0
2026-09-09,HYPE3,22.59,24.0,29.26667,30.0,33.0,0.2955586542718018,strong_buy,1.4,15.0
2026-09-10,HYPE3,22.84,24.0,29.26667,30.0,33.0,0.2813778458844134,strong_buy,1.4,15.0
2026-09-11,HYPE3,22.76,24.0,29.53333,30.0,33.0,0.2975979789103689,strong_buy,1.4,15.0
2026-09-14,HYPE3,23.53,24.0,29.53333,30.0,33.0,0.2551351466213343,strong_buy,1.4,15.0
2026-09-15,HYPE3,23.38,24.0,29.6,30.0,33.0,0.2660393498716853,strong_buy,1.4,15.0
2026-09-16,HYPE3,23.55,24.0,29.6,30.0,33.0,0.256900212314225,strong_buy,1.4,15.0
2026-09-17,HYPE3,23.59,24.0,29.6,30.0,33.0,0.2547689699025011,strong_buy,1.4,15.0
2026-09-18,HYPE3,23.8,24.0,29.6,30.0,33.0,0.2436974789915966,strong_buy,1.4,15.0
2026-09-21,HYPE3,24.12,24.0,29.6,30.0,33.0,0.2271973466003316,strong_buy,1.4,15.0
2026-09-22,HYPE3,24.99,24.0,29.6,30.0,33.0,0.1844737895158064,strong_buy,1.4,15.0
2026-09-23,HYPE3,24.37,24.0,29.7,30.0,33.0,0.2187115305703733,strong_buy,1.4,15.0
2026-08-24,IGTI11,23.65,25.0,33.225,34.0,40.7,0.4048625792811842,strong_buy,1.5,12.0
2026-08-25,IGTI11,24.33,25.0,33.225,34.0,40.7,0.3655980271270038,strong_buy,1.5,12.0
2026-08-27,IGTI11,24.5,25.0,33.225,34.0,40.7,0.356122448979592,strong_buy,1.5,12.0
2026-08-28,IGTI11,24.13,25.0,33.05833,33.5,40.7,0.3700095317032739,strong_buy,1.5,12.0
2026-08-29,IGTI11,24.13,25.0,33.05833,33.5,40.7,0.3700095317032739,strong_buy,1.5,12.0
2026-08-31,IGTI11,24.53,25.0,33.05833,33.5,40.7,0.3476693844272318,strong_buy,1.5,12.0
2026-09-01,IGTI11,25.07,25.0,33.05833,33.5,40.7,0.3186410051854806,strong_buy,1.5,12.0
2026-09-02,IGTI11,26.01,25.0,33.05833,33.5,40.7,0.2709853902345249,strong_buy,1.5,12.0
2026-09-03,IGTI11,26.57,25.0,33.05833,33.5,40.7,0.2441975912683476,strong_buy,1.5,12.0
2026-09-04,IGTI11,26.43,25.0,33.05833,33.5,40.7,0.2507881195611048,strong_buy,1.5,12.0
2026-09-07,IGTI11,26.43,25.0,33.05833,33.5,40.7,0.2507881195611048,strong_buy,1.5,12.0
2026-09-08,IGTI11,26.44,25.0,33.05833,33.5,40.7,0.2503150529500755,strong_buy,1.5,12.0
2026-09-09,IGTI11,25.98,25.0,33.05833,33.5,40.7,0.2724530408006158,strong_buy,1.5,12.0
2026-09-10,IGTI11,26.53,25.0,33.05833,33.5,40.7,0.2460735016961928,strong_buy,1.5,12.0
2026-09-11,IGTI11,26.07,25.0,33.05833,33.5,40.7,0.2680602224779438,strong_buy,1.5,12.0
2026-09-14,IGTI11,25.76,25.0,33.05833,33.5,40.7,0.2833202639751551,strong_buy,1.5,12.0
2026-09-15,IGTI11,25.85,25.0,33.05833,33.5,40.7,0.2788522243713731,strong_buy,1.5,12.0
2026-09-16,IGTI11,25.86,25.0,33.05833,33.5,40.7,0.2783576952822892,strong_buy,1.5,12.0
2026-09-17,IGTI11,25.57,25.0,33.05833,33.5,40.7,0.2928560813453265,strong_buy,1.5,12.0
2026-09-18,IGTI11,26.22,25.0,33.475,34.5,40.7,0.276697177726926,strong_buy,1.5,12.0
2026-09-21,IGTI11,26.95,25.0,33.475,34.5,40.7,0.2421150278293136,strong_buy,1.5,12.0
2026-09-22,IGTI11,26.81,25.0,33.475,34.5,40.7,0.2486012681835137,strong_buy,1.5,12.0
2026-09-23,IGTI11,26.8,25.0,33.475,34.5,40.7,0.24906716417910446,strong_buy,1.5,12.0
2026-08-24,INTB3,13.84,13.7,17.07,17.0,19.0,0.2333815028901733,buy,1.9,10.0
2026-08-25,INTB3,14.13,13.7,17.07,17.0,19.0,0.2080679405520169,buy,1.9,10.0
2026-08-27,INTB3,14.43,13.7,17.07,17.0,19.0,0.1829521829521829,buy,1.9,10.0
2026-08-28,INTB3,14.68,13.7,17.07,17.0,19.0,0.1628065395095368,buy,1.9,10.0
2026-08-29,INTB3,14.68,13.7,17.07,17.0,19.0,0.1628065395095368,buy,1.9,10.0
2026-08-31,INTB3,14.93,13.7,17.07,17.0,19.0,0.1433355659745478,buy,1.9,10.0
2026-09-01,INTB3,14.81,13.7,17.07,17.0,19.0,0.152599594868332,buy,1.9,10.0
2026-09-02,INTB3,15.19,13.7,17.07,17.0,19.0,0.1237656352863727,buy,1.9,10.0
2026-09-03,INTB3,15.13,13.7,17.07,17.0,19.0,0.1282220753469927,buy,1.9,10.0
2026-09-04,INTB3,14.94,13.7,17.02,17.0,18.5,0.1392235609103078,buy,2.0,10.0
2026-09-07,INTB3,14.94,13.7,17.02,17.0,18.5,0.1392235609103078,buy,2.0,10.0
2026-09-08,INTB3,15.14,13.7,17.02,17.0,18.5,0.1241743725231174,buy,2.0,10.0
2026-09-09,INTB3,15.16,13.7,17.02,17.0,18.5,0.1226912928759893,buy,2.0,10.0
2026-09-10,INTB3,15.41,13.7,17.02,17.0,18.5,0.1044776119402983,buy,2.0,10.0
2026-09-11,INTB3,15.07,13.7,17.02,17.0,18.5,0.1293961512939614,buy,2.0,10.0
2026-09-14,INTB3,15.09,13.7,17.02,17.0,18.5,0.1278992710404241,buy,2.0,10.0
2026-09-15,INTB3,14.78,13.7,17.02,17.0,18.5,0.1515561569688768,buy,2.0,10.0
2026-09-16,INTB3,14.99,13.7,17.02,17.0,18.5,0.1354236157438291,buy,2.0,10.0
2026-09-17,INTB3,14.73,13.7,17.02,17.0,18.5,0.1554650373387642,buy,2.0,10.0
2026-09-18,INTB3,14.93,13.7,17.02,17.0,18.5,0.1399866041527127,none,,10.0
2026-09-21,INTB3,14.88,13.7,17.02,17.0,18.5,0.1438172043010752,none,,10.0
2026-09-22,INTB3,14.62,13.7,17.02,17.0,18.5,0.1641586867305062,none,,10.0
2026-09-23,INTB3,14.37,13.7,17.02,17.0,18.5,0.18441196938065407,none,,10.0
2026-08-24,IRBR3,51.16,55.0,64.57143,66.0,68.0,0.2621467943706022,buy,1.57143,7.0
2026-08-25,IRBR3,52.94,55.0,64.57143,66.0,68.0,0.2197096713260296,buy,1.57143,7.0
2026-08-27,IRBR3,53.4,55.0,64.57143,66.0,68.0,0.2092028089887643,buy,1.57143,7.0
2026-08-28,IRBR3,56.13,55.0,64.57143,66.0,68.0,0.1503907001603421,buy,1.57143,7.0
2026-08-29,IRBR3,56.13,55.0,64.57143,66.0,68.0,0.1503907001603421,buy,1.57143,7.0
2026-08-31,IRBR3,56.89,55.0,64.57143,66.0,68.0,0.1350224995605555,buy,1.57143,7.0
2026-09-01,IRBR3,57.2,55.0,64.57143,66.0,68.0,0.128871153846154,buy,1.57143,7.0
2026-09-02,IRBR3,57.32,55.0,64.57143,66.0,68.0,0.1265078506629449,none,,7.0
2026-09-03,IRBR3,59.45,55.0,64.57143,66.0,68.0,0.0861468460891505,none,,7.0
2026-09-04,IRBR3,62.21,55.0,65.71429,66.0,75.0,0.0563300112522102,buy,1.57143,7.0
2026-09-07,IRBR3,62.21,55.0,65.71429,66.0,75.0,0.0563300112522102,buy,1.57143,7.0
2026-09-08,IRBR3,62.32,55.0,65.71429,66.0,75.0,0.0544655006418486,buy,1.57143,7.0
2026-09-09,IRBR3,60.95,55.0,65.71429,66.0,75.0,0.0781671862182116,buy,1.57143,7.0
2026-09-10,IRBR3,60.41,55.0,65.71429,66.0,75.0,0.0878048336368153,buy,1.57143,7.0
2026-09-11,IRBR3,60.43,55.0,65.71429,66.0,75.0,0.0874448121793811,buy,1.57143,7.0
2026-09-14,IRBR3,61.93,55.0,65.71429,66.0,75.0,0.0611059260455353,buy,1.57143,7.0
2026-09-15,IRBR3,60.97,55.0,65.71429,66.0,75.0,0.0778135148433656,buy,1.57143,7.0
2026-09-16,IRBR3,60.78,55.0,65.71429,66.0,75.0,0.0811827903915762,buy,1.57143,7.0
2026-09-17,IRBR3,60.98,55.0,65.71429,66.0,75.0,0.0776367661528372,buy,1.57143,7.0
2026-09-18,IRBR3,62.0,55.0,65.71429,66.0,75.0,0.0599079032258065,none,,7.0
2026-09-21,IRBR3,63.43,58.0,67.57143,66.0,75.0,0.0652913447895318,buy,1.57143,7.0
2026-09-22,IRBR3,63.33,58.0,67.57143,66.0,75.0,0.0669734722880153,buy,1.57143,7.0
2026-09-23,IRBR3,59.46,58.0,67.57143,66.0,75.0,0.13641826437941473,buy,1.57143,7.0
2026-08-24,ISAE4,26.08,26.5,30.78714,30.55,35.0,0.1804884969325153,none,,14.0
2026-08-25,ISAE4,26.46,26.5,30.78714,30.55,35.0,0.1635351473922901,none,,14.0
2026-08-27,ISAE4,26.75,26.5,30.78714,30.55,35.0,0.1509211214953272,none,,14.0
2026-08-28,ISAE4,26.7,26.5,30.78714,30.55,35.0,0.1530764044943819,none,,14.0
2026-08-29,ISAE4,26.7,26.5,30.78714,30.55,35.0,0.1530764044943819,none,,14.0
2026-08-31,ISAE4,26.63,26.5,30.78714,30.55,35.0,0.1561073976717988,none,,14.0
2026-09-01,ISAE4,26.96,26.5,30.78714,30.55,35.0,0.1419562314540059,none,,14.0
2026-09-02,ISAE4,27.64,26.5,30.78714,30.55,35.0,0.1138617945007236,none,,14.0
2026-09-03,ISAE4,27.64,26.5,30.78714,30.55,35.0,0.1138617945007236,none,,14.0
2026-09-04,ISAE4,27.7,26.5,30.78714,30.55,35.0,0.1114490974729243,none,,14.0
2026-09-07,ISAE4,27.7,26.5,30.78714,30.55,35.0,0.1114490974729243,none,,14.0
2026-09-08,ISAE4,27.9,26.5,30.78714,30.55,35.0,0.1034817204301075,none,,14.0
2026-09-09,ISAE4,27.69,26.5,30.71571,30.05,35.0,0.1092708559046586,hold,2.78571,14.0
2026-09-10,ISAE4,28.08,26.5,30.71571,30.05,35.0,0.0938643162393164,hold,2.78571,14.0
2026-09-11,ISAE4,27.72,26.5,30.71571,30.05,35.0,0.1080703463203465,hold,2.78571,14.0
2026-09-14,ISAE4,27.28,26.5,30.71571,30.05,35.0,0.1259424486803519,hold,2.78571,14.0
2026-09-15,ISAE4,27.39,26.5,30.71571,30.05,35.0,0.1214205914567361,hold,2.78571,14.0
2026-09-16,ISAE4,27.35,26.5,30.71571,30.05,35.0,0.1230606946983545,hold,2.78571,14.0
2026-09-17,ISAE4,27.28,26.5,30.71571,30.05,35.0,0.1259424486803519,hold,2.78571,14.0
2026-09-18,ISAE4,27.39,26.5,30.71571,30.05,35.0,0.1214205914567361,hold,2.78571,14.0
2026-09-21,ISAE4,27.37,26.5,30.71571,30.05,35.0,0.1222400438436244,hold,2.78571,14.0
2026-09-22,ISAE4,27.4,26.5,30.92286,30.65,35.0,0.1285715328467154,hold,2.64286,14.0
2026-09-23,ISAE4,27.08,26.5,30.92286,30.65,35.0,0.14190768094534723,none,,14.0
2026-08-24,ITSA4,12.65,15.4,16.7,16.3,18.0,0.3201581027667983,strong_buy,1.14286,7.0
2026-08-25,ITSA4,12.85,15.4,16.7,16.3,18.0,0.2996108949416343,strong_buy,1.14286,7.0
2026-08-27,ITSA4,12.9,15.4,16.7,16.3,18.0,0.2945736434108525,strong_buy,1.14286,7.0
2026-08-28,ITSA4,12.95,15.4,16.7,16.3,18.0,0.2895752895752896,strong_buy,1.14286,7.0
2026-08-29,ITSA4,12.95,15.4,16.7,16.3,18.0,0.2895752895752896,strong_buy,1.14286,7.0
2026-08-31,ITSA4,13.1,15.4,16.7,16.3,18.0,0.2748091603053435,strong_buy,1.14286,7.0
2026-09-01,ITSA4,13.19,15.4,16.7,16.3,18.0,0.2661106899166034,strong_buy,1.14286,7.0
2026-09-02,ITSA4,13.65,15.4,16.77143,16.3,18.5,0.2286761904761902,strong_buy,1.14286,7.0
2026-09-03,ITSA4,13.74,15.4,16.77143,16.3,18.5,0.2206280931586608,strong_buy,1.14286,7.0
2026-09-04,ITSA4,13.95,15.4,16.77143,16.3,18.5,0.2022530465949821,strong_buy,1.14286,7.0
2026-09-07,ITSA4,13.95,15.4,16.77143,16.3,18.5,0.2022530465949821,strong_buy,1.14286,7.0
2026-09-08,ITSA4,14.19,15.4,16.77143,16.3,18.5,0.1819189570119801,strong_buy,1.14286,7.0
2026-09-09,ITSA4,13.91,15.4,16.77143,16.3,18.5,0.2057102803738317,strong_buy,1.14286,7.0
2026-09-10,ITSA4,14.17,15.4,16.77143,16.3,18.5,0.1835871559633026,strong_buy,1.14286,7.0
2026-09-11,ITSA4,14.19,15.4,16.77143,16.3,18.5,0.1819189570119801,none,,7.0
2026-09-14,ITSA4,14.05,15.4,16.77143,16.3,18.5,0.1936960854092524,none,,7.0
2026-09-15,ITSA4,14.16,15.4,16.77143,16.3,18.5,0.1844230225988699,strong_buy,1.14286,7.0
2026-09-16,ITSA4,14.2,15.4,16.77143,16.3,18.5,0.1810866197183098,strong_buy,1.14286,7.0
2026-09-17,ITSA4,14.17,15.4,16.77143,16.3,18.5,0.1835871559633026,strong_buy,1.14286,7.0
2026-09-18,ITSA4,14.03,15.4,16.77143,16.3,18.5,0.1953977191732001,strong_buy,1.14286,7.0
2026-09-21,ITSA4,14.34,15.4,16.77143,16.3,18.5,0.1695557880055787,strong_buy,1.14286,7.0
2026-09-22,ITSA4,14.38,15.4,16.77143,16.3,18.5,0.1663025034770513,strong_buy,1.14286,7.0
2026-09-23,ITSA4,14.1,15.4,16.77143,16.3,18.5,0.1894631205673758,strong_buy,1.14286,7.0
2026-08-24,ITUB3,41.66,,,,,,none,,
2026-08-25,ITUB3,42.6,,,,,,none,,
2026-08-27,ITUB3,42.6,,,,,,none,,
2026-08-28,ITUB3,42.44,,,,,,none,,
2026-08-29,ITUB3,42.44,,,,,,none,,
2026-08-31,ITUB3,43.06,,,,,,none,,
2026-09-01,ITUB3,43.38,,,,,,none,,
2026-09-02,ITUB3,44.92,,,,,,none,,
2026-09-03,ITUB3,45.79,,,,,,none,,
2026-09-04,ITUB3,45.72,,,,,,none,,
2026-09-07,ITUB3,45.72,,,,,,none,,
2026-09-08,ITUB3,46.31,,,,,,none,,
2026-09-09,ITUB3,45.61,,,,,,none,,
2026-09-10,ITUB3,46.38,,,,,,none,,
2026-09-11,ITUB3,46.63,,,,,,none,,
2026-09-14,ITUB3,46.25,,,,,,none,,
2026-09-15,ITUB3,46.7,,,,,,none,,
2026-09-16,ITUB3,46.67,,,,,,none,,
2026-09-17,ITUB3,46.78,,,,,,none,,
2026-09-18,ITUB3,46.37,,,,,,none,,
2026-09-21,ITUB3,47.16,,,,,,none,,
2026-09-22,ITUB3,47.28,,,,,,none,,
2026-09-23,ITUB3,46.29,,,,,,none,,
2026-08-24,ITUB4,38.73,30.5,48.15385,50.0,55.0,0.243321714433256,strong_buy,1.46154,13.0
2026-08-25,ITUB4,39.44,30.5,48.15385,50.0,55.0,0.2209394016227182,strong_buy,1.46154,13.0
2026-08-27,ITUB4,39.45,30.5,48.15385,50.0,55.0,0.2206299112801013,strong_buy,1.46154,13.0
2026-08-28,ITUB4,39.19,30.5,48.15385,50.0,55.0,0.2287279918346516,strong_buy,1.46154,13.0
2026-08-29,ITUB4,39.19,30.5,48.15385,50.0,55.0,0.2287279918346516,strong_buy,1.46154,13.0
2026-08-31,ITUB4,39.52,30.5,48.15385,50.0,55.0,0.2184678643724695,strong_buy,1.46154,13.0
2026-09-01,ITUB4,39.88,30.5,48.15385,50.0,55.0,0.2074686559679035,strong_buy,1.46154,13.0
2026-09-02,ITUB4,41.41,30.5,48.15385,50.0,55.0,0.1628555904370925,none,,13.0
2026-09-03,ITUB4,41.92,30.5,48.15385,50.0,55.0,0.1487082538167938,none,,13.0
2026-09-04,ITUB4,41.92,30.5,48.15385,50.0,55.0,0.1487082538167938,strong_buy,1.46154,13.0
2026-09-07,ITUB4,41.92,30.5,48.15385,50.0,55.0,0.1487082538167938,strong_buy,1.46154,13.0
2026-09-08,ITUB4,42.43,30.5,48.23077,50.0,55.0,0.1367138816874853,strong_buy,1.46154,13.0
2026-09-09,ITUB4,41.59,30.5,48.23077,50.0,55.0,0.1596722769896608,strong_buy,1.46154,13.0
2026-09-10,ITUB4,42.35,30.5,48.23077,50.0,55.0,0.1388611570247933,strong_buy,1.46154,13.0
2026-09-11,ITUB4,42.73,30.5,48.23077,50.0,55.0,0.1287332085186052,strong_buy,1.46154,13.0
2026-09-14,ITUB4,42.35,30.5,48.23077,50.0,55.0,0.1388611570247933,strong_buy,1.46154,13.0
2026-09-15,ITUB4,42.67,30.5,48.23077,50.0,55.0,0.1303203655964377,strong_buy,1.46154,13.0
2026-09-16,ITUB4,42.62,30.5,48.23077,50.0,55.0,0.1316464101360863,strong_buy,1.46154,13.0
2026-09-17,ITUB4,42.58,30.5,48.23077,50.0,55.0,0.1327094880225459,strong_buy,1.46154,13.0
2026-09-18,ITUB4,42.33,30.5,47.92308,50.0,52.0,0.1321304039688164,strong_buy,1.46154,13.0
2026-09-21,ITUB4,43.08,30.5,47.92308,50.0,52.0,0.1124206128133704,strong_buy,1.46154,13.0
2026-09-22,ITUB4,43.18,30.5,47.92308,50.0,52.0,0.1098443723946271,strong_buy,1.46154,13.0
2026-09-23,ITUB4,42.37,30.5,47.92308,50.0,52.0,0.13106160018881297,strong_buy,1.46154,13.0
2026-08-24,JHSF3,10.2,9.0,11.71667,11.15,15.0,0.148693137254902,buy,1.83333,6.0
2026-08-25,JHSF3,10.39,9.0,11.71667,11.15,15.0,0.1276871992300288,buy,1.83333,6.0
2026-08-27,JHSF3,10.4,9.0,11.71667,11.15,15.0,0.1266028846153846,buy,1.83333,6.0
2026-08-28,JHSF3,10.28,10.0,12.26,11.5,15.0,0.1926070038910505,buy,1.83333,5.0
2026-08-29,JHSF3,10.28,10.0,12.26,11.5,15.0,0.1926070038910505,buy,1.83333,5.0
2026-08-31,JHSF3,10.9,10.0,12.26,11.5,15.0,0.1247706422018348,buy,1.83333,5.0
2026-09-01,JHSF3,11.13,10.0,12.26,11.5,15.0,0.1015274034141957,buy,1.83333,5.0
2026-09-02,JHSF3,11.54,10.0,12.26,11.5,15.0,0.0623916811091855,none,,5.0
2026-09-03,JHSF3,11.66,10.0,12.26,11.5,15.0,0.0514579759862778,none,,5.0
2026-09-04,JHSF3,11.45,10.0,12.21667,11.75,15.0,0.0669580786026202,buy,2.0,6.0
2026-09-07,JHSF3,11.45,10.0,12.21667,11.75,15.0,0.0669580786026202,buy,2.0,6.0
2026-09-08,JHSF3,11.56,10.0,12.21667,11.75,15.0,0.0568053633217993,buy,2.0,6.0
2026-09-09,JHSF3,11.6,10.0,12.21667,11.75,15.0,0.0531612068965519,buy,2.0,6.0
2026-09-10,JHSF3,11.98,10.0,12.21667,11.75,15.0,0.0197554257095158,buy,2.0,6.0
2026-09-11,JHSF3,12.16,10.0,12.21667,11.75,15.0,0.0046603618421052,buy,2.0,6.0
2026-09-14,JHSF3,11.83,10.0,12.21667,11.75,15.0,0.0326855452240069,buy,2.0,6.0
2026-09-15,JHSF3,11.56,10.0,12.21667,11.75,15.0,0.0568053633217993,buy,2.0,6.0
2026-09-16,JHSF3,11.74,10.0,12.21667,11.75,15.0,0.0406022146507667,buy,2.0,6.0
2026-09-17,JHSF3,11.33,10.0,12.21667,11.75,15.0,0.0782586054721976,buy,2.0,6.0
2026-09-18,JHSF3,11.4,10.0,12.21667,11.75,15.0,0.0716377192982455,buy,2.0,6.0
2026-09-21,JHSF3,11.65,10.0,12.21667,11.75,15.0,0.0486412017167381,buy,2.0,6.0
2026-09-22,JHSF3,11.84,10.0,12.21667,11.75,15.0,0.0318133445945947,buy,2.0,6.0
2026-09-23,JHSF3,11.82,10.0,12.21667,11.75,15.0,0.03355922165820635,buy,2.0,6.0
2026-08-24,JSLG3,5.28,6.6,11.3,10.15,18.0,1.1401515151515151,strong_buy,1.375,8.0
2026-08-25,JSLG3,5.51,6.6,11.3,10.15,18.0,1.0508166969147008,strong_buy,1.375,8.0
2026-08-27,JSLG3,5.41,6.6,11.3,10.15,18.0,1.0887245841035122,strong_buy,1.375,8.0
2026-08-28,JSLG3,5.5,6.6,11.3,10.15,18.0,1.054545454545455,strong_buy,1.375,8.0
2026-08-29,JSLG3,5.5,6.6,11.3,10.15,18.0,1.054545454545455,strong_buy,1.375,8.0
2026-08-31,JSLG3,5.48,6.6,11.3,10.15,18.0,1.062043795620438,strong_buy,1.375,8.0
2026-09-01,JSLG3,5.62,6.6,11.3,10.15,18.0,1.0106761565836302,strong_buy,1.375,8.0
2026-09-02,JSLG3,6.02,6.6,11.225,10.15,18.0,0.8646179401993357,strong_buy,1.375,8.0
2026-09-03,JSLG3,5.9,6.6,11.225,10.15,18.0,0.9025423728813556,strong_buy,1.375,8.0
2026-09-04,JSLG3,5.82,6.6,11.225,10.15,18.0,0.9286941580756012,strong_buy,1.375,8.0
2026-09-07,JSLG3,5.82,6.6,11.225,10.15,18.0,0.9286941580756012,strong_buy,1.375,8.0
2026-09-08,JSLG3,5.99,6.6,11.225,10.15,18.0,0.873956594323873,strong_buy,1.375,8.0
2026-09-09,JSLG3,5.98,6.6,11.225,10.15,18.0,0.8770903010033444,strong_buy,1.375,8.0
2026-09-10,JSLG3,6.0,6.6,11.225,10.15,18.0,0.8708333333333333,strong_buy,1.375,8.0
2026-09-11,JSLG3,5.97,6.6,11.225,10.15,18.0,0.8802345058626466,strong_buy,1.375,8.0
2026-09-14,JSLG3,6.06,6.6,11.225,10.15,18.0,0.8523102310231023,strong_buy,1.375,8.0
2026-09-15,JSLG3,6.0,6.6,11.225,10.15,18.0,0.8708333333333333,strong_buy,1.375,8.0
2026-09-16,JSLG3,6.19,6.6,11.225,10.15,18.0,0.8134087237479803,strong_buy,1.375,8.0
2026-09-17,JSLG3,6.11,6.6,11.225,10.15,18.0,0.8371522094926349,none,,8.0
2026-09-18,JSLG3,6.04,6.6,11.225,10.15,18.0,0.8584437086092715,none,,8.0
2026-09-21,JSLG3,6.62,6.6,11.225,10.15,18.0,0.695619335347432,none,,8.0
2026-09-22,JSLG3,6.37,6.6,11.225,10.15,18.0,0.7621664050235477,none,,8.0
2026-09-23,JSLG3,6.46,6.6,11.225,10.15,18.0,0.7376160990712073,none,,8.0
2026-08-24,KEPL3,6.24,5.6,6.3,6.3,7.0,0.0096153846153845,underperform,4.0,2.0
2026-08-25,KEPL3,6.4,5.6,6.3,6.3,7.0,-0.0156250000000001,underperform,4.0,2.0
2026-08-27,KEPL3,6.52,5.6,6.3,6.3,7.0,-0.0337423312883434,underperform,4.0,2.0
2026-08-28,KEPL3,6.55,5.6,6.3,6.3,7.0,-0.0381679389312976,underperform,4.0,2.0
2026-08-29,KEPL3,6.55,5.6,6.3,6.3,7.0,-0.0381679389312976,underperform,4.0,2.0
2026-08-31,KEPL3,6.58,5.6,6.3,6.3,7.0,-0.0425531914893617,underperform,4.0,2.0
2026-09-01,KEPL3,6.52,5.6,6.3,6.3,7.0,-0.0337423312883434,underperform,4.0,2.0
2026-09-02,KEPL3,6.55,5.6,6.3,6.3,7.0,-0.0381679389312976,none,,2.0
2026-09-03,KEPL3,6.6,5.6,6.3,6.3,7.0,-0.0454545454545454,none,,2.0
2026-09-04,KEPL3,6.68,5.6,6.3,6.3,7.0,-0.0568862275449101,underperform,4.0,2.0
2026-09-07,KEPL3,6.68,5.6,6.3,6.3,7.0,-0.0568862275449101,underperform,4.0,2.0
2026-09-08,KEPL3,6.73,5.6,6.3,6.3,7.0,-0.0638930163447252,underperform,4.0,2.0
2026-09-09,KEPL3,6.77,5.6,6.3,6.3,7.0,-0.069423929098966,underperform,4.0,2.0
2026-09-10,KEPL3,6.67,5.6,6.3,6.3,7.0,-0.055472263868066,underperform,4.0,2.0
2026-09-11,KEPL3,6.63,5.6,6.3,6.3,7.0,-0.0497737556561086,underperform,4.0,2.0
2026-09-14,KEPL3,6.58,5.6,6.3,6.3,7.0,-0.0425531914893617,underperform,4.0,2.0
2026-09-15,KEPL3,6.48,5.6,6.3,6.3,7.0,-0.0277777777777779,underperform,4.0,2.0
2026-09-16,KEPL3,6.41,5.6,6.3,6.3,7.0,-0.0171606864274571,underperform,4.0,2.0
2026-09-17,KEPL3,6.41,5.6,6.3,6.3,7.0,-0.0171606864274571,underperform,4.0,2.0
2026-09-18,KEPL3,6.54,5.6,6.3,6.3,7.0,-0.036697247706422,underperform,4.0,2.0
2026-09-21,KEPL3,6.55,5.6,6.3,6.3,7.0,-0.0381679389312976,underperform,4.0,2.0
2026-09-22,KEPL3,6.55,5.6,6.3,6.3,7.0,-0.0381679389312976,underperform,4.0,2.0
2026-09-23,KEPL3,6.5,5.6,6.3,6.3,7.0,-0.03076923076923077,underperform,4.0,2.0
2026-08-24,KLBN11,18.68,18.5,22.58375,22.5,29.0,0.2089801927194861,buy,1.9375,16.0
2026-08-25,KLBN11,18.74,18.5,22.70875,23.0,29.0,0.2117796157950906,buy,1.9375,16.0
2026-08-27,KLBN11,18.71,18.5,22.70875,23.0,29.0,0.2137226082308925,buy,1.9375,16.0
2026-08-28,KLBN11,18.87,18.5,22.6775,23.0,29.0,0.2017753047164809,buy,1.9375,16.0
2026-08-29,KLBN11,18.87,18.5,22.6775,23.0,29.0,0.2017753047164809,buy,1.9375,16.0
2026-08-31,KLBN11,18.9,18.5,22.69625,23.0,29.0,0.2008597883597884,buy,1.9375,16.0
2026-09-01,KLBN11,19.05,18.5,22.75875,23.0,29.0,0.1946850393700787,buy,1.9375,16.0
2026-09-02,KLBN11,19.5,18.5,22.75875,23.0,29.0,0.1671153846153845,buy,1.9375,16.0
2026-09-03,KLBN11,19.56,18.5,22.75875,23.0,29.0,0.1635352760736197,buy,1.9375,16.0
2026-09-04,KLBN11,19.47,18.5,22.75875,23.0,29.0,0.1689137134052387,buy,1.9375,16.0
2026-09-07,KLBN11,19.47,18.5,22.75875,23.0,29.0,0.1689137134052387,buy,1.9375,16.0
2026-09-08,KLBN11,19.61,18.5,22.69625,23.0,29.0,0.1573814380418154,buy,1.9375,16.0
2026-09-09,KLBN11,19.53,18.5,22.69625,23.0,29.0,0.1621223758320531,buy,1.9375,16.0
2026-09-10,KLBN11,19.57,18.5,22.69625,23.0,29.0,0.1597470618293306,buy,1.9375,16.0
2026-09-11,KLBN11,19.54,18.5,22.69625,23.0,29.0,0.1615276356192425,buy,1.9375,16.0
2026-09-14,KLBN11,19.22,18.5,22.69625,23.0,29.0,0.1808662851196669,buy,1.9375,16.0
2026-09-15,KLBN11,19.42,18.5,22.69625,23.0,29.0,0.1687049433573633,buy,1.9375,16.0
2026-09-16,KLBN11,19.4,18.5,22.69625,23.0,29.0,0.1699097938144329,buy,1.9375,16.0
2026-09-17,KLBN11,19.63,18.5,22.69625,23.0,29.0,0.1562022414671422,buy,1.9375,16.0
2026-09-18,KLBN11,19.14,18.5,22.69625,23.0,29.0,0.1858019853709507,buy,1.9375,16.0
2026-09-21,KLBN11,19.19,18.5,22.50875,22.25,29.0,0.17294163626889,buy,2.0625,16.0
2026-09-22,KLBN11,19.29,18.5,22.50875,22.25,29.0,0.1668610679108346,buy,2.0625,16.0
2026-09-23,KLBN11,18.66,18.5,22.44625,22.25,29.0,0.20290728831725602,buy,2.0625,16.0
2026-08-24,LAVV3,9.81,18.0,22.2,23.0,26.0,1.262996941896024,none,,5.0
2026-08-25,LAVV3,10.36,18.0,22.2,23.0,26.0,1.1428571428571428,none,,5.0
2026-08-27,LAVV3,10.25,18.0,22.2,23.0,26.0,1.1658536585365855,none,,5.0
2026-08-28,LAVV3,10.01,18.0,22.2,23.0,26.0,1.2177822177822175,none,,5.0
2026-08-29,LAVV3,10.01,18.0,22.2,23.0,26.0,1.2177822177822175,none,,5.0
2026-08-31,LAVV3,10.1,18.0,22.2,23.0,26.0,1.1980198019801982,none,,5.0
2026-09-01,LAVV3,10.22,18.0,22.2,23.0,26.0,1.172211350293542,none,,5.0
2026-09-02,LAVV3,10.85,18.0,22.2,23.0,26.0,1.0460829493087558,none,,5.0
2026-09-03,LAVV3,10.69,18.0,22.2,23.0,26.0,1.0767072029934517,none,,5.0
2026-09-04,LAVV3,10.61,18.0,22.2,23.0,26.0,1.0923656927426957,none,,5.0
2026-09-07,LAVV3,10.61,18.0,22.2,23.0,26.0,1.0923656927426957,none,,5.0
2026-09-08,LAVV3,10.98,18.0,22.2,23.0,26.0,1.0218579234972678,none,,5.0
2026-09-09,LAVV3,10.62,18.0,22.2,23.0,26.0,1.0903954802259888,none,,5.0
2026-09-10,LAVV3,11.02,18.0,22.2,23.0,26.0,1.014519056261343,none,,5.0
2026-09-11,LAVV3,10.75,18.0,22.2,23.0,26.0,1.0651162790697677,none,,5.0
2026-09-14,LAVV3,10.71,18.0,22.2,23.0,26.0,1.0728291316526608,none,,5.0
2026-09-15,LAVV3,10.98,18.0,22.2,23.0,26.0,1.0218579234972678,none,,5.0
2026-09-16,LAVV3,10.71,18.0,22.2,23.0,26.0,1.0728291316526608,none,,5.0
2026-09-17,LAVV3,10.25,18.0,22.2,23.0,26.0,1.1658536585365855,none,,5.0
2026-09-18,LAVV3,10.57,18.0,22.2,23.0,26.0,1.1002838221381266,none,,5.0
2026-09-21,LAVV3,10.89,14.0,21.4,23.0,26.0,0.9651056014692376,strong_buy,1.4,5.0
2026-09-22,LAVV3,10.7,14.0,21.4,23.0,26.0,1.0,strong_buy,1.4,5.0
2026-09-23,LAVV3,10.59,14.0,20.0,20.0,24.0,0.8885741265344664,strong_buy,1.4,5.0
2026-08-24,LEVE3,32.44,30.0,35.75,35.5,42.0,0.1020345252774352,hold,3.0,4.0
2026-08-25,LEVE3,32.98,30.0,35.75,35.5,42.0,0.0839902971497879,hold,3.0,4.0
2026-08-27,LEVE3,32.35,30.0,35.75,35.5,42.0,0.1051004636785162,hold,3.0,4.0
2026-08-28,LEVE3,32.44,30.0,35.75,35.5,42.0,0.1020345252774352,none,,4.0
2026-08-29,LEVE3,32.44,30.0,35.75,35.5,42.0,0.1020345252774352,none,,4.0
2026-08-31,LEVE3,32.73,30.0,35.75,35.5,42.0,0.0922700886037275,none,,4.0
2026-09-01,LEVE3,32.69,30.0,35.75,35.5,42.0,0.093606607525237,none,,4.0
2026-09-02,LEVE3,32.9,30.0,35.75,35.5,42.0,0.0866261398176291,none,,4.0
2026-09-03,LEVE3,32.78,30.0,35.75,35.5,42.0,0.0906040268456376,none,,4.0
2026-09-04,LEVE3,32.81,30.0,35.75,35.5,42.0,0.0896068271868331,none,,4.0
2026-09-07,LEVE3,32.81,30.0,35.75,35.5,42.0,0.0896068271868331,none,,4.0
2026-09-08,LEVE3,32.94,30.0,35.75,35.5,42.0,0.0853066180935033,none,,4.0
2026-09-09,LEVE3,32.75,30.0,35.75,35.5,42.0,0.0916030534351144,none,,4.0
2026-09-10,LEVE3,33.07,30.0,35.75,35.5,42.0,0.0810402177199878,none,,4.0
2026-09-11,LEVE3,32.5,30.0,35.75,35.5,42.0,0.1,none,,4.0
2026-09-14,LEVE3,32.67,30.0,35.75,35.5,42.0,0.0942760942760942,none,,4.0
2026-09-15,LEVE3,32.43,33.0,37.25,37.0,42.0,0.1486278137526981,hold,3.0,4.0
2026-09-16,LEVE3,32.84,33.0,37.25,37.0,42.0,0.1342874543239949,hold,3.0,4.0
2026-09-17,LEVE3,32.95,33.0,37.25,37.0,42.0,0.1305007587253412,hold,3.0,4.0
2026-09-18,LEVE3,32.95,33.0,37.25,37.0,42.0,0.1305007587253412,hold,3.0,4.0
2026-09-21,LEVE3,32.84,33.0,37.25,37.0,42.0,0.1342874543239949,hold,3.0,4.0
2026-09-22,LEVE3,32.99,33.0,37.25,37.0,42.0,0.1291300394058805,hold,3.0,4.0
2026-09-23,LEVE3,33.13,33.0,37.25,37.0,42.0,0.1243585873830364,hold,3.0,4.0
2026-08-24,LJQQ3,1.1,3.3,3.83333,3.5,4.7,2.4848454545454546,none,,3.0
2026-08-25,LJQQ3,1.22,3.3,3.83333,3.5,4.7,2.142073770491804,none,,3.0
2026-08-27,LJQQ3,1.22,3.3,3.83333,3.5,4.7,2.142073770491804,none,,3.0
2026-08-28,LJQQ3,1.17,3.3,3.83333,3.5,4.7,2.276350427350428,none,,3.0
2026-08-29,LJQQ3,1.17,3.3,3.83333,3.5,4.7,2.276350427350428,none,,3.0
2026-08-31,LJQQ3,1.16,3.3,3.83333,3.5,4.7,2.304594827586208,none,,3.0
2026-09-01,LJQQ3,1.19,3.3,3.83333,3.5,4.7,2.2212857142857145,none,,3.0
2026-09-02,LJQQ3,1.22,3.3,3.83333,3.5,4.7,2.142073770491804,none,,3.0
2026-09-03,LJQQ3,1.23,3.3,3.83333,3.5,4.7,2.116528455284553,none,,3.0
2026-09-04,LJQQ3,1.25,3.3,3.83333,3.5,4.7,2.0666640000000003,none,,3.0
2026-09-07,LJQQ3,1.25,3.3,3.83333,3.5,4.7,2.0666640000000003,none,,3.0
2026-09-08,LJQQ3,1.25,3.3,3.83333,3.5,4.7,2.0666640000000003,none,,3.0
2026-09-09,LJQQ3,1.28,3.3,3.83333,3.5,4.7,1.9947890625,none,,3.0
2026-09-10,LJQQ3,1.33,3.3,3.83333,3.5,4.7,1.8822030075187968,none,,3.0
2026-09-11,LJQQ3,1.36,3.3,3.83333,3.5,4.7,1.818625,none,,3.0
2026-09-14,LJQQ3,1.3,3.3,3.83333,3.5,4.7,1.9487153846153844,none,,3.0
2026-09-15,LJQQ3,1.3,3.3,3.83333,3.5,4.7,1.9487153846153844,none,,3.0
2026-09-16,LJQQ3,1.37,3.3,3.83333,3.5,4.7,1.7980510948905106,none,,3.0
2026-09-17,LJQQ3,1.32,3.3,3.83333,3.5,4.7,1.904037878787879,none,,3.0
2026-09-18,LJQQ3,1.25,3.3,3.83333,3.5,4.7,2.0666640000000003,none,,3.0
2026-09-21,LJQQ3,1.35,3.3,3.83333,3.5,4.7,1.839503703703704,none,,3.0
2026-09-22,LJQQ3,1.35,3.3,3.83333,3.5,4.7,1.8395037037037036,none,,3.0
2026-09-23,LJQQ3,1.33,3.3,3.83333,3.5,4.7,1.8822030075187968,none,,3.0
2026-08-24,LOGG3,23.5,17.5,30.12222,32.0,35.0,0.2817965957446808,hold,2.88889,9.0
2026-08-25,LOGG3,23.9,17.5,30.12222,32.0,35.0,0.2603439330543933,hold,2.88889,9.0
2026-08-27,LOGG3,23.92,17.5,30.12222,32.0,35.0,0.2592901337792641,hold,2.88889,9.0
2026-08-28,LOGG3,24.09,17.5,30.12222,32.0,35.0,0.2504034869240348,hold,2.88889,9.0
2026-08-29,LOGG3,24.09,17.5,30.12222,32.0,35.0,0.2504034869240348,hold,2.88889,9.0
2026-08-31,LOGG3,24.6,17.5,30.12222,32.0,35.0,0.2244804878048778,hold,2.88889,9.0
2026-09-01,LOGG3,24.36,17.5,30.12222,32.0,35.0,0.2365443349753695,hold,2.88889,9.0
2026-09-02,LOGG3,25.5,17.5,30.12222,32.0,35.0,0.1812635294117646,hold,2.88889,9.0
2026-09-03,LOGG3,25.09,17.5,30.12222,32.0,35.0,0.2005667596652052,hold,2.88889,9.0
2026-09-04,LOGG3,24.71,17.5,30.12222,32.0,35.0,0.2190295426952651,hold,2.88889,9.0
2026-09-07,LOGG3,24.71,17.5,30.12222,32.0,35.0,0.2190295426952651,hold,2.88889,9.0
2026-09-08,LOGG3,24.27,17.5,30.12222,32.0,35.0,0.2411297898640296,hold,2.88889,9.0
2026-09-09,LOGG3,23.7,17.5,30.12222,32.0,35.0,0.2709797468354431,hold,2.88889,9.0
2026-09-10,LOGG3,24.63,17.5,30.12222,32.0,35.0,0.2229890377588306,hold,2.88889,9.0
2026-09-11,LOGG3,23.85,17.5,30.12222,32.0,35.0,0.2629861635220125,none,,9.0
2026-09-14,LOGG3,23.4,17.5,30.12222,32.0,35.0,0.2872743589743589,none,,9.0
2026-09-15,LOGG3,23.4,17.5,30.12222,32.0,35.0,0.2872743589743589,none,,9.0
2026-09-16,LOGG3,23.98,17.5,30.12222,32.0,35.0,0.256139282735613,none,,9.0
2026-09-17,LOGG3,23.94,17.5,30.31,32.0,35.0,0.266081871345029,hold,2.8,10.0
2026-09-18,LOGG3,24.52,17.5,30.31,32.0,35.0,0.2361337683523654,hold,2.8,10.0
2026-09-21,LOGG3,24.85,17.5,30.31,32.0,35.0,0.2197183098591548,hold,2.8,10.0
2026-09-22,LOGG3,25.69,17.5,30.31,32.0,35.0,0.1798365122615803,hold,2.8,10.0
2026-09-23,LOGG3,25.71,17.5,30.31,32.0,35.0,0.17891870867366766,hold,2.8,10.0
2026-08-24,LREN3,10.65,13.5,18.12143,18.0,22.0,0.7015427230046949,buy,1.86667,14.0
2026-08-25,LREN3,11.08,13.5,18.12143,18.0,22.0,0.6355081227436823,buy,1.86667,14.0
2026-08-27,LREN3,10.8,13.5,18.12143,18.0,22.0,0.6779101851851852,buy,1.86667,14.0
2026-08-28,LREN3,10.7,13.5,18.12143,18.0,22.0,0.6935915887850468,buy,1.86667,14.0
2026-08-29,LREN3,10.7,13.5,18.12143,18.0,22.0,0.6935915887850468,buy,1.86667,14.0
2026-08-31,LREN3,10.9,13.5,18.12143,18.0,22.0,0.6625165137614679,buy,1.86667,14.0
2026-09-01,LREN3,11.06,13.5,18.12143,18.0,22.0,0.6384656419529837,buy,1.86667,14.0
2026-09-02,LREN3,11.34,13.0,17.90714,18.0,22.0,0.5791128747795413,buy,1.86667,14.0
2026-09-03,LREN3,11.4,13.0,17.90714,18.0,22.0,0.5708017543859647,buy,1.86667,14.0
2026-09-04,LREN3,11.35,13.0,17.51429,17.75,22.0,0.5431092511013216,buy,1.86667,14.0
2026-09-07,LREN3,11.35,13.0,17.51429,17.75,22.0,0.5431092511013216,buy,1.86667,14.0
2026-09-08,LREN3,11.62,13.0,17.51429,17.75,22.0,0.5072538726333906,buy,1.86667,14.0
2026-09-09,LREN3,11.34,13.0,17.51429,17.75,22.0,0.5444700176366843,buy,1.86667,14.0
2026-09-10,LREN3,11.45,13.0,17.51429,17.75,22.0,0.5296323144104804,buy,1.86667,14.0
2026-09-11,LREN3,11.33,13.0,17.51429,17.75,22.0,0.5458331862312444,buy,1.86667,14.0
2026-09-14,LREN3,11.21,13.0,17.51429,17.75,22.0,0.5623809099018731,buy,1.86667,14.0
2026-09-15,LREN3,11.15,13.0,17.51429,17.75,22.0,0.5707883408071748,buy,1.86667,14.0
2026-09-16,LREN3,11.5,13.0,17.51429,17.75,22.0,0.5229817391304348,buy,1.86667,14.0
2026-09-17,LREN3,11.14,13.0,17.51429,17.75,22.0,0.5721983842010769,buy,1.86667,14.0
2026-09-18,LREN3,11.17,13.0,17.33571,17.5,22.0,0.5519883616830796,buy,1.86667,14.0
2026-09-21,LREN3,11.59,13.0,17.33571,17.5,22.0,0.4957471958584987,buy,1.86667,14.0
2026-09-22,LREN3,11.51,13.0,17.33571,17.5,22.0,0.5061433536055604,buy,1.86667,14.0
2026-09-23,LREN3,11.17,13.0,17.24667,17.5,22.0,0.5440170098478068,buy,1.86667,15.0
2026-08-24,LWSA3,4.14,5.0,5.85455,6.0,7.0,0.4141425120772948,strong_buy,1.45455,11.0
2026-08-25,LWSA3,4.22,5.0,5.85455,6.0,7.0,0.3873341232227487,strong_buy,1.45455,11.0
2026-08-27,LWSA3,4.17,5.0,5.85455,6.0,7.0,0.4039688249400479,strong_buy,1.45455,11.0
2026-08-28,LWSA3,4.31,5.0,5.85455,6.0,7.0,0.3583642691415314,strong_buy,1.45455,11.0
2026-08-29,LWSA3,4.31,5.0,5.85455,6.0,7.0,0.3583642691415314,strong_buy,1.45455,11.0
2026-08-31,LWSA3,4.3,5.0,5.85455,6.0,7.0,0.3615232558139534,strong_buy,1.45455,11.0
2026-09-01,LWSA3,4.22,5.0,5.85455,6.0,7.0,0.3873341232227487,strong_buy,1.45455,11.0
2026-09-02,LWSA3,4.2,5.0,5.79,6.0,7.0,0.3785714285714285,strong_buy,1.45455,10.0
2026-09-03,LWSA3,4.18,5.0,5.79,6.0,7.0,0.3851674641148326,strong_buy,1.45455,10.0
2026-09-04,LWSA3,4.22,5.0,5.79,6.0,7.0,0.3720379146919432,strong_buy,1.45455,10.0
2026-09-07,LWSA3,4.22,5.0,5.79,6.0,7.0,0.3720379146919432,strong_buy,1.45455,10.0
2026-09-08,LWSA3,4.06,5.0,5.79,6.0,7.0,0.4261083743842366,strong_buy,1.45455,10.0
2026-09-09,LWSA3,3.99,5.0,5.79,6.0,7.0,0.4511278195488721,strong_buy,1.45455,10.0
2026-09-10,LWSA3,4.05,5.0,5.79,6.0,7.0,0.4296296296296298,strong_buy,1.45455,10.0
2026-09-11,LWSA3,4.04,5.0,5.79,6.0,7.0,0.4331683168316831,strong_buy,1.45455,10.0
2026-09-14,LWSA3,4.03,5.0,5.79,6.0,7.0,0.4367245657568237,strong_buy,1.45455,10.0
2026-09-15,LWSA3,4.0,5.0,5.79,6.0,7.0,0.4475,strong_buy,1.45455,10.0
2026-09-16,LWSA3,4.01,5.0,5.79,6.0,7.0,0.4438902743142146,strong_buy,1.45455,10.0
2026-09-17,LWSA3,3.93,5.0,5.79,6.0,7.0,0.4732824427480915,strong_buy,1.45455,10.0
2026-09-18,LWSA3,3.93,5.0,5.79,6.0,7.0,0.4732824427480915,strong_buy,1.45455,10.0
2026-09-21,LWSA3,3.99,5.0,5.79,6.0,7.0,0.4511278195488721,strong_buy,1.45455,10.0
2026-09-22,LWSA3,4.17,5.0,5.79,6.0,7.0,0.3884892086330935,strong_buy,1.45455,10.0
2026-09-23,LWSA3,4.05,5.0,5.79,6.0,7.0,0.4296296296296298,strong_buy,1.45455,10.0
2026-08-24,MBRF3,18.46,13.5,22.88,23.0,28.0,0.2394366197183097,buy,2.33333,15.0
2026-08-25,MBRF3,18.31,13.5,22.91333,23.0,28.0,0.251410704533042,buy,2.33333,15.0
2026-08-27,MBRF3,18.56,13.5,22.91333,23.0,28.0,0.2345544181034482,buy,2.33333,15.0
2026-08-28,MBRF3,18.24,13.5,22.87333,23.0,28.0,0.2540202850877193,buy,2.33333,15.0
2026-08-29,MBRF3,18.24,13.5,22.87333,23.0,28.0,0.2540202850877193,buy,2.33333,15.0
2026-08-31,MBRF3,18.26,13.5,22.87333,23.0,28.0,0.2526467688937566,buy,2.33333,15.0
2026-09-01,MBRF3,18.3,13.5,22.87333,23.0,28.0,0.2499087431693989,buy,2.33333,15.0
2026-09-02,MBRF3,18.5,13.5,23.07333,23.0,28.0,0.247207027027027,buy,2.33333,15.0
2026-09-03,MBRF3,18.37,13.5,23.07333,23.0,28.0,0.2560332063146433,buy,2.33333,15.0
2026-09-04,MBRF3,17.69,13.5,23.07333,23.0,28.0,0.3043148671565854,buy,2.33333,15.0
2026-09-07,MBRF3,17.69,13.5,23.07333,23.0,28.0,0.3043148671565854,buy,2.33333,15.0
2026-09-08,MBRF3,17.57,13.5,23.07333,23.0,28.0,0.3132231075697209,buy,2.33333,15.0
2026-09-09,MBRF3,17.16,13.5,23.07333,23.0,28.0,0.3445996503496502,buy,2.33333,15.0
2026-09-10,MBRF3,16.94,13.5,23.07333,23.0,28.0,0.3620619834710741,buy,2.33333,15.0
2026-09-11,MBRF3,17.09,13.5,23.07333,23.0,28.0,0.3501070801638384,buy,2.33333,15.0
2026-09-14,MBRF3,17.21,13.5,23.07333,23.0,28.0,0.3406932016269608,buy,2.33333,15.0
2026-09-15,MBRF3,17.35,13.5,22.87333,23.0,26.2,0.3183475504322766,buy,2.33333,15.0
2026-09-16,MBRF3,17.01,13.5,22.87333,23.0,26.2,0.3446990005878894,buy,2.33333,15.0
2026-09-17,MBRF3,16.67,13.5,22.87333,23.0,26.2,0.3721253749250148,buy,2.33333,15.0
2026-09-18,MBRF3,16.85,13.5,22.87333,23.0,26.2,0.3574676557863501,buy,2.33333,15.0
2026-09-21,MBRF3,16.84,13.5,22.87333,23.0,26.2,0.3582737529691211,buy,2.33333,15.0
2026-09-22,MBRF3,17.25,13.5,22.87333,23.0,26.2,0.3259901449275362,buy,2.33333,15.0
2026-09-23,MBRF3,16.98,13.5,22.87333,23.0,26.2,0.34707479387514706,buy,2.33333,15.0
2026-08-24,MDIA3,17.2,19.0,24.40909,25.0,32.0,0.4191331395348836,hold,3.09091,11.0
2026-08-25,MDIA3,17.31,19.0,24.40909,25.0,32.0,0.4101149624494513,hold,3.09091,11.0
2026-08-27,MDIA3,17.35,19.0,24.40909,25.0,32.0,0.4068639769452449,hold,3.09091,11.0
2026-08-28,MDIA3,17.13,19.0,24.40909,25.0,32.0,0.4249322825452424,hold,3.09091,11.0
2026-08-29,MDIA3,17.13,19.0,24.40909,25.0,32.0,0.4249322825452424,hold,3.09091,11.0
2026-08-31,MDIA3,17.28,19.0,24.40909,25.0,32.0,0.4125630787037035,none,,11.0
2026-09-01,MDIA3,17.29,19.0,24.40909,25.0,32.0,0.4117460960092538,none,,11.0
2026-09-02,MDIA3,17.62,19.0,24.40909,25.0,32.0,0.3853059023836547,none,,11.0
2026-09-03,MDIA3,17.63,19.0,24.40909,25.0,32.0,0.3845201361315939,none,,11.0
2026-09-04,MDIA3,17.78,19.0,24.40909,25.0,32.0,0.3728397075365577,none,,11.0
2026-09-07,MDIA3,17.78,19.0,24.40909,25.0,32.0,0.3728397075365577,none,,11.0
2026-09-08,MDIA3,17.17,19.0,24.40909,25.0,32.0,0.4216126965637738,none,,11.0
2026-09-09,MDIA3,17.23,19.0,24.40909,25.0,32.0,0.4166622170632617,none,,11.0
2026-09-10,MDIA3,17.2,19.0,24.40909,25.0,32.0,0.4191331395348836,none,,11.0
2026-09-11,MDIA3,17.09,19.0,23.95455,23.0,32.0,0.4016705675833822,hold,3.09091,11.0
2026-09-14,MDIA3,17.05,19.0,23.95455,23.0,32.0,0.4049589442815249,hold,3.09091,11.0
2026-09-15,MDIA3,16.93,19.0,23.95455,23.0,32.0,0.4149173065564089,hold,3.09091,11.0
2026-09-16,MDIA3,16.98,19.0,23.95455,23.0,32.0,0.4107508833922262,hold,3.09091,11.0
2026-09-17,MDIA3,16.96,19.0,23.86364,23.0,32.0,0.4070542452830188,hold,3.09091,11.0
2026-09-18,MDIA3,16.81,19.0,23.86364,23.0,32.0,0.4196097560975611,hold,3.09091,11.0
2026-09-21,MDIA3,16.89,19.0,23.86364,23.0,32.0,0.4128857312018945,hold,3.09091,11.0
2026-09-22,MDIA3,17.16,19.0,23.86364,23.0,32.0,0.3906550116550116,hold,3.09091,11.0
2026-09-23,MDIA3,16.93,19.0,23.86364,23.0,32.0,0.40954754873006505,hold,3.09091,11.0
2026-08-24,MDNE3,23.57,38.0,42.66667,43.0,47.0,0.8102108612643191,strong_buy,1.33333,6.0
2026-08-25,MDNE3,24.54,38.0,42.66667,43.0,47.0,0.7386581092094542,strong_buy,1.33333,6.0
2026-08-27,MDNE3,24.6,38.0,42.66667,43.0,47.0,0.7344174796747969,strong_buy,1.33333,6.0
2026-08-28,MDNE3,24.25,38.0,42.66667,43.0,47.0,0.7594503092783507,strong_buy,1.33333,6.0
2026-08-29,MDNE3,24.25,38.0,42.66667,43.0,47.0,0.7594503092783507,strong_buy,1.33333,6.0
2026-08-31,MDNE3,24.45,38.0,42.66667,43.0,47.0,0.7450580777096116,none,,6.0
2026-09-01,MDNE3,25.12,38.0,42.66667,43.0,47.0,0.6985139331210193,none,,6.0
2026-09-02,MDNE3,25.92,38.0,42.66667,43.0,47.0,0.646090663580247,none,,6.0
2026-09-03,MDNE3,25.85,38.0,42.66667,43.0,47.0,0.650548162475822,none,,6.0
2026-09-04,MDNE3,25.81,38.0,42.66667,43.0,47.0,0.6531061604029449,none,,6.0
2026-09-07,MDNE3,25.81,38.0,42.66667,43.0,47.0,0.6531061604029449,none,,6.0
2026-09-08,MDNE3,26.3,38.0,42.66667,43.0,47.0,0.6223068441064639,none,,6.0
2026-09-09,MDNE3,25.27,38.0,42.66667,43.0,47.0,0.6884317372378317,none,,6.0
2026-09-10,MDNE3,26.18,38.0,42.66667,43.0,47.0,0.6297429335370512,none,,6.0
2026-09-11,MDNE3,25.2,38.0,42.66667,43.0,47.0,0.6931218253968257,none,,6.0
2026-09-14,MDNE3,24.71,38.0,42.66667,43.0,47.0,0.7266964791582355,none,,6.0
2026-09-15,MDNE3,25.35,38.0,42.66667,43.0,47.0,0.6831033530571993,none,,6.0
2026-09-16,MDNE3,24.88,38.0,42.66667,43.0,47.0,0.7148983118971064,none,,6.0
2026-09-17,MDNE3,23.6,38.0,42.66667,43.0,47.0,0.8079097457627118,none,,6.0
2026-09-18,MDNE3,24.24,38.0,42.66667,43.0,47.0,0.7601761551155117,none,,6.0
2026-09-21,MDNE3,25.25,37.0,41.83333,42.5,47.0,0.6567655445544553,strong_buy,1.33333,6.0
2026-09-22,MDNE3,24.99,37.0,41.83333,42.5,47.0,0.6740028011204482,strong_buy,1.33333,6.0
2026-09-23,MDNE3,24.95,37.0,41.83333,42.5,47.0,0.6766865731462925,strong_buy,1.33333,6.0
2026-08-24,MGLU3,4.16,5.0,8.17857,6.4,13.6,0.966002403846154,hold,3.06667,14.0
2026-08-25,MGLU3,4.54,5.0,8.17857,6.4,13.6,0.8014471365638767,hold,3.06667,14.0
2026-08-27,MGLU3,4.71,5.0,8.17857,6.4,13.6,0.7364267515923568,hold,3.06667,14.0
2026-08-28,MGLU3,4.62,5.0,8.17857,6.4,13.6,0.7702532467532468,hold,3.06667,14.0
2026-08-29,MGLU3,4.62,5.0,8.17857,6.4,13.6,0.7702532467532468,hold,3.06667,14.0
2026-08-31,MGLU3,4.81,4.0,8.03571,6.4,13.6,0.6706257796257797,hold,3.06667,14.0
2026-09-01,MGLU3,4.62,4.0,8.03571,6.4,13.6,0.7393311688311688,hold,3.06667,14.0
2026-09-02,MGLU3,5.4,4.0,8.03571,6.4,13.6,0.4880944444444444,hold,3.06667,14.0
2026-09-03,MGLU3,5.56,4.0,8.03571,6.4,13.6,0.4452715827338129,hold,3.06667,14.0
2026-09-04,MGLU3,5.79,4.0,8.25,7.25,13.6,0.4248704663212435,hold,2.86667,14.0
2026-09-07,MGLU3,5.79,4.0,8.25,7.25,13.6,0.4248704663212435,hold,2.86667,14.0
2026-09-08,MGLU3,5.83,4.0,8.25,7.25,13.6,0.4150943396226414,hold,2.86667,14.0
2026-09-09,MGLU3,5.57,4.0,8.25,7.25,13.6,0.4811490125673248,hold,2.86667,14.0
2026-09-10,MGLU3,5.94,4.0,8.25,7.25,13.6,0.3888888888888888,hold,2.86667,14.0
2026-09-11,MGLU3,5.76,4.0,8.25,7.25,13.6,0.4322916666666667,hold,2.86667,14.0
2026-09-14,MGLU3,5.57,4.0,8.25,7.25,13.6,0.4811490125673248,hold,2.86667,14.0
2026-09-15,MGLU3,5.57,4.0,8.25,7.25,13.6,0.4811490125673248,hold,2.86667,14.0
2026-09-16,MGLU3,5.94,4.0,8.25,7.25,13.6,0.3888888888888888,hold,2.86667,14.0
2026-09-17,MGLU3,5.79,4.0,8.25,7.25,13.6,0.4248704663212435,hold,2.86667,14.0
2026-09-18,MGLU3,5.85,4.0,8.25,7.25,13.6,0.4102564102564103,none,,14.0
2026-09-21,MGLU3,5.98,4.0,8.25,7.25,13.6,0.3795986622073577,none,,14.0
2026-09-22,MGLU3,5.9,4.0,8.25,7.25,13.6,0.3983050847457625,none,,14.0
2026-09-23,MGLU3,6.12,4.0,8.25,7.25,13.6,0.3480392156862744,none,,14.0
2026-08-24,MILS3,15.75,12.8,16.36,15.0,20.0,0.0387301587301587,none,,5.0
2026-08-25,MILS3,15.75,12.8,16.36,15.0,20.0,0.0387301587301587,none,,5.0
2026-08-27,MILS3,15.67,12.8,16.36,15.0,20.0,0.0440331844288448,none,,5.0
2026-08-28,MILS3,15.7,12.8,16.36,15.0,20.0,0.0420382165605095,none,,5.0
2026-08-29,MILS3,15.7,12.8,16.36,15.0,20.0,0.0420382165605095,none,,5.0
2026-08-31,MILS3,15.74,12.8,16.36,15.0,20.0,0.039390088945362,none,,5.0
2026-09-01,MILS3,15.71,12.8,16.36,15.0,20.0,0.0413749204328453,none,,5.0
2026-09-02,MILS3,15.72,12.8,16.36,15.0,20.0,0.0407124681933841,none,,5.0
2026-09-03,MILS3,15.72,12.8,16.36,15.0,20.0,0.0407124681933841,none,,5.0
2026-09-04,MILS3,15.79,12.8,16.36,15.0,20.0,0.0360987967067765,none,,5.0
2026-09-07,MILS3,15.79,12.8,16.36,15.0,20.0,0.0360987967067765,none,,5.0
2026-09-08,MILS3,15.76,12.8,16.36,15.0,20.0,0.0380710659898477,none,,5.0
2026-09-09,MILS3,15.82,12.8,16.36,15.0,20.0,0.0341340075853349,none,,5.0
2026-09-10,MILS3,15.87,12.8,16.36,15.0,20.0,0.0308758664146187,none,,5.0
2026-09-11,MILS3,15.8,14.6,16.72,15.0,20.0,0.0582278481012656,buy,2.2,5.0
2026-09-14,MILS3,15.8,14.6,16.72,15.0,20.0,0.0582278481012656,buy,2.2,5.0
2026-09-15,MILS3,15.8,14.6,16.72,15.0,20.0,0.0582278481012656,buy,2.2,5.0
2026-09-16,MILS3,15.82,14.6,16.72,15.0,20.0,0.0568900126422249,buy,2.2,5.0
2026-09-17,MILS3,15.91,14.6,16.72,15.0,20.0,0.0509113764927717,buy,2.2,5.0
2026-09-18,MILS3,15.9,14.6,16.72,15.0,20.0,0.0515723270440251,buy,2.2,5.0
2026-09-21,MILS3,15.89,14.6,16.72,15.0,20.0,0.0522341095028318,buy,2.2,5.0
2026-09-22,MILS3,15.93,14.6,16.72,15.0,20.0,0.0495919648462019,buy,2.2,5.0
2026-09-23,MILS3,15.94,14.6,16.72,15.0,20.0,0.04893350062735258,buy,2.2,5.0
2026-08-24,MOTV3,14.47,15.0,18.7,18.4,22.1,0.2923289564616447,strong_buy,1.5,12.0
2026-08-25,MOTV3,15.12,15.0,18.7,18.4,22.1,0.2367724867724867,strong_buy,1.5,12.0
2026-08-27,MOTV3,15.1,15.0,18.7,18.4,22.1,0.2384105960264899,strong_buy,1.5,12.0
2026-08-28,MOTV3,15.06,15.0,18.86667,18.65,22.1,0.2527669322709163,strong_buy,1.5,12.0
2026-08-29,MOTV3,15.06,15.0,18.86667,18.65,22.1,0.2527669322709163,strong_buy,1.5,12.0
2026-08-31,MOTV3,15.46,15.0,18.86667,18.65,22.1,0.2203538163001293,strong_buy,1.5,12.0
2026-09-01,MOTV3,15.69,15.0,18.86667,18.65,22.1,0.2024646271510515,strong_buy,1.5,12.0
2026-09-02,MOTV3,16.17,15.0,18.86667,18.65,22.1,0.1667699443413728,strong_buy,1.5,12.0
2026-09-03,MOTV3,16.46,15.0,18.86667,18.65,22.1,0.1462132442284325,strong_buy,1.5,12.0
2026-09-04,MOTV3,16.78,15.0,18.775,18.5,22.1,0.1188915375446959,buy,1.66667,12.0
2026-09-07,MOTV3,16.78,15.0,18.64167,18.5,21.0,0.110945768772348,buy,1.66667,12.0
2026-09-08,MOTV3,16.28,15.0,18.64167,18.5,21.0,0.1450657248157247,buy,1.66667,12.0
2026-09-09,MOTV3,16.38,15.0,18.64167,18.5,21.0,0.1380750915750916,buy,1.66667,12.0
2026-09-10,MOTV3,16.67,15.0,18.64167,18.5,21.0,0.1182765446910618,buy,1.66667,12.0
2026-09-11,MOTV3,16.54,15.0,18.64167,18.5,21.0,0.127065900846433,buy,1.66667,12.0
2026-09-14,MOTV3,16.38,15.0,18.64167,18.5,21.0,0.1380750915750916,buy,1.66667,12.0
2026-09-15,MOTV3,16.36,15.0,18.64167,18.5,21.0,0.1394663814180929,buy,1.66667,12.0
2026-09-16,MOTV3,16.23,15.0,18.64167,18.5,21.0,0.1485933456561923,buy,1.66667,12.0
2026-09-17,MOTV3,16.1,15.0,18.64167,18.5,21.0,0.157867701863354,buy,1.66667,12.0
2026-09-18,MOTV3,16.14,15.0,18.64167,18.5,21.0,0.1549981412639405,buy,1.66667,12.0
2026-09-21,MOTV3,16.5,15.0,18.64167,18.5,21.0,0.1297981818181819,buy,1.66667,12.0
2026-09-22,MOTV3,16.69,15.0,18.64167,18.5,21.0,0.1169364889155182,buy,1.66667,12.0
2026-09-23,MOTV3,16.47,15.0,18.64167,18.5,21.0,0.13185610200364306,buy,1.66667,12.0
2026-08-24,MOVI3,7.03,8.3,14.02303,15.0,18.0,0.9947411095305831,buy,1.69231,13.0
2026-08-25,MOVI3,7.42,8.3,14.02303,15.0,18.0,0.8898962264150945,buy,1.69231,13.0
2026-08-27,MOVI3,7.19,8.3,14.02303,15.0,18.0,0.9503518776077886,buy,1.69231,13.0
2026-08-28,MOVI3,6.98,8.3,13.86919,15.0,18.0,0.9869899713467049,buy,1.69231,13.0
2026-08-29,MOVI3,6.98,8.3,13.86919,15.0,18.0,0.9869899713467049,buy,1.69231,13.0
2026-08-31,MOVI3,7.3,8.3,13.86919,15.0,18.0,0.8998890410958904,buy,1.69231,13.0
2026-09-01,MOVI3,7.26,8.3,13.86919,15.0,18.0,0.9103567493112948,buy,1.69231,13.0
2026-09-02,MOVI3,7.87,8.3,13.86919,15.0,18.0,0.7622858958068615,buy,1.69231,13.0
2026-09-03,MOVI3,7.76,8.3,13.86919,15.0,18.0,0.7872667525773196,buy,1.69231,13.0
2026-09-04,MOVI3,8.11,8.3,13.66149,15.0,18.0,0.6845240443896425,buy,1.69231,13.0
2026-09-07,MOVI3,8.11,8.3,13.66149,15.0,18.0,0.6845240443896425,buy,1.69231,13.0
2026-09-08,MOVI3,8.21,8.3,13.66149,15.0,18.0,0.6640060901339828,buy,1.69231,13.0
2026-09-09,MOVI3,7.73,8.3,13.66149,15.0,18.0,0.7673337645536868,buy,1.69231,13.0
2026-09-10,MOVI3,8.1,8.3,13.66149,15.0,18.0,0.6866037037037038,buy,1.69231,13.0
2026-09-11,MOVI3,7.98,8.3,13.66149,15.0,18.0,0.7119661654135339,buy,1.69231,13.0
2026-09-14,MOVI3,7.8,8.3,13.66149,15.0,18.0,0.7514730769230771,buy,1.69231,13.0
2026-09-15,MOVI3,7.84,8.3,13.66149,15.0,18.0,0.7425369897959184,buy,1.69231,13.0
2026-09-16,MOVI3,8.0,8.3,13.66149,15.0,18.0,0.7076862500000001,buy,1.69231,13.0
2026-09-17,MOVI3,8.01,8.3,13.66149,15.0,18.0,0.705554307116105,buy,1.69231,13.0
2026-09-18,MOVI3,7.89,8.3,13.31538,13.4,16.0,0.6876273764258556,buy,1.69231,13.0
2026-09-21,MOVI3,8.45,8.3,13.31538,13.4,16.0,0.5757846153846153,buy,1.69231,13.0
2026-09-22,MOVI3,8.44,8.3,13.31538,13.4,16.0,0.5776516587677725,buy,1.69231,13.0
2026-09-23,MOVI3,8.59,8.3,13.27692,13.4,16.0,0.5456251455180443,buy,1.69231,13.0
2026-08-24,MRVE3,5.16,6.0,8.55385,8.0,12.0,0.6577228682170544,buy,2.30769,13.0
2026-08-25,MRVE3,5.46,6.0,8.55385,8.0,12.0,0.5666391941391942,buy,2.30769,13.0
2026-08-27,MRVE3,5.51,6.0,8.55385,8.0,12.0,0.5524228675136118,buy,2.30769,13.0
2026-08-28,MRVE3,5.19,6.0,8.47692,7.5,12.0,0.6333179190751443,buy,2.30769,13.0
2026-08-29,MRVE3,5.19,6.0,8.47692,7.5,12.0,0.6333179190751443,buy,2.30769,13.0
2026-08-31,MRVE3,5.51,6.0,8.47692,7.5,12.0,0.5384609800362976,buy,2.30769,13.0
2026-09-01,MRVE3,5.54,6.0,8.47692,7.5,12.0,0.530129963898917,buy,2.30769,13.0
2026-09-02,MRVE3,5.68,6.0,8.47692,7.5,12.0,0.4924154929577464,buy,2.30769,13.0
2026-09-03,MRVE3,5.61,6.0,8.47692,7.5,12.0,0.51103743315508,buy,2.30769,13.0
2026-09-04,MRVE3,5.55,6.0,8.51667,7.25,12.0,0.5345351351351351,buy,2.30769,12.0
2026-09-07,MRVE3,5.55,6.0,8.51667,7.25,12.0,0.5345351351351351,buy,2.30769,12.0
2026-09-08,MRVE3,5.81,6.0,8.51667,7.25,12.0,0.4658640275387262,buy,2.30769,12.0
2026-09-09,MRVE3,5.64,6.0,8.51667,7.25,12.0,0.5100478723404256,buy,2.30769,12.0
2026-09-10,MRVE3,5.72,6.0,8.51667,7.25,12.0,0.4889283216783215,buy,2.30769,12.0
2026-09-11,MRVE3,5.74,6.0,8.47692,7.5,12.0,0.4768153310104528,buy,2.30769,13.0
2026-09-14,MRVE3,5.55,6.0,8.47692,7.5,12.0,0.527372972972973,buy,2.30769,13.0
2026-09-15,MRVE3,5.69,6.0,8.47692,7.5,12.0,0.4897926186291739,buy,2.30769,13.0
2026-09-16,MRVE3,5.71,6.0,8.47692,7.5,12.0,0.4845744308231172,buy,2.30769,13.0
2026-09-17,MRVE3,5.43,6.0,8.47692,7.5,12.0,0.5611270718232044,buy,2.30769,13.0
2026-09-18,MRVE3,5.23,6.0,8.47692,7.5,12.0,0.6208260038240916,buy,2.30769,13.0
2026-09-21,MRVE3,5.26,6.0,8.47692,7.5,12.0,0.6115817490494297,buy,2.30769,13.0
2026-09-22,MRVE3,5.31,6.0,8.47692,7.5,12.0,0.5964067796610171,buy,2.30769,13.0
2026-09-23,MRVE3,5.24,6.0,8.47692,7.5,12.0,0.6177328244274809,buy,2.30769,13.0
2026-08-24,MULT3,26.94,28.0,37.38462,37.0,46.0,0.3876993318485522,buy,1.53846,13.0
2026-08-25,MULT3,27.52,28.0,37.38462,37.0,46.0,0.3584527616279069,buy,1.53846,13.0
2026-08-27,MULT3,27.42,28.0,37.38462,37.0,46.0,0.3634070021881836,buy,1.53846,13.0
2026-08-28,MULT3,27.38,28.0,37.38462,37.0,46.0,0.3653988312636962,buy,1.53846,13.0
2026-08-29,MULT3,27.38,28.0,37.38462,37.0,46.0,0.3653988312636962,buy,1.53846,13.0
2026-08-31,MULT3,27.92,28.0,37.38462,37.0,46.0,0.3389906876790829,buy,1.53846,13.0
2026-09-01,MULT3,28.35,28.0,37.38462,37.0,46.0,0.3186814814814813,buy,1.53846,13.0
2026-09-02,MULT3,29.43,28.0,37.38462,37.0,46.0,0.2702895005096839,buy,1.53846,13.0
2026-09-03,MULT3,30.35,28.0,37.38462,37.0,46.0,0.2317831960461283,buy,1.53846,13.0
2026-09-04,MULT3,30.18,28.0,37.08333,36.5,46.0,0.228738568588469,strong_buy,1.46154,12.0
2026-09-07,MULT3,30.18,28.0,37.08333,36.5,46.0,0.228738568588469,strong_buy,1.46154,12.0
2026-09-08,MULT3,30.34,28.0,37.08333,36.5,46.0,0.2222587343441,strong_buy,1.46154,12.0
2026-09-09,MULT3,29.87,28.0,37.08333,36.5,46.0,0.2414907934382322,strong_buy,1.46154,12.0
2026-09-10,MULT3,30.39,28.0,37.08333,36.5,46.0,0.2202477788746297,strong_buy,1.46154,12.0
2026-09-11,MULT3,30.07,28.0,37.08333,36.5,46.0,0.2332334552710342,strong_buy,1.46154,12.0
2026-09-14,MULT3,29.83,28.0,37.08333,36.5,46.0,0.2431555481059335,strong_buy,1.46154,12.0
2026-09-15,MULT3,30.19,28.0,37.08333,36.5,46.0,0.2283315667439547,strong_buy,1.46154,12.0
2026-09-16,MULT3,30.06,28.0,37.08333,36.5,46.0,0.2336437125748502,strong_buy,1.46154,12.0
2026-09-17,MULT3,29.62,28.0,37.08333,36.5,46.0,0.2519692775151922,none,,12.0
2026-09-18,MULT3,30.65,28.0,37.5,37.0,46.0,0.2234910277324633,strong_buy,1.46154,12.0
2026-09-21,MULT3,31.52,28.0,37.5,37.0,46.0,0.1897208121827411,strong_buy,1.46154,12.0
2026-09-22,MULT3,31.44,28.0,37.5,37.0,46.0,0.1927480916030532,strong_buy,1.46154,12.0
2026-09-23,MULT3,31.44,28.0,37.5,37.0,46.0,0.19274809160305328,strong_buy,1.46154,12.0
2026-08-24,MYPK3,9.19,11.0,12.95,13.0,16.0,0.4091403699673559,none,,10.0
2026-08-25,MYPK3,9.21,11.0,12.95,13.0,16.0,0.4060803474484253,none,,10.0
2026-08-27,MYPK3,9.1,11.0,12.95,13.0,16.0,0.4230769230769231,none,,10.0
2026-08-28,MYPK3,9.08,11.0,12.95,13.0,16.0,0.4262114537444932,none,,10.0
2026-08-29,MYPK3,9.08,11.0,12.95,13.0,16.0,0.4262114537444932,none,,10.0
2026-08-31,MYPK3,9.12,11.0,12.95,13.0,16.0,0.4199561403508771,none,,10.0
2026-09-01,MYPK3,9.46,11.0,12.95,13.0,16.0,0.3689217758985199,none,,10.0
2026-09-02,MYPK3,9.86,11.0,12.95,13.0,16.0,0.3133874239350913,buy,2.1,10.0
2026-09-03,MYPK3,9.63,11.0,12.95,13.0,16.0,0.3447559709241949,buy,2.1,10.0
2026-09-04,MYPK3,9.81,11.0,12.95,13.0,16.0,0.3200815494393474,buy,2.1,10.0
2026-09-07,MYPK3,9.81,11.0,12.95,13.0,16.0,0.3200815494393474,buy,2.1,10.0
2026-09-08,MYPK3,9.76,11.0,12.95,13.0,16.0,0.326844262295082,buy,2.1,10.0
2026-09-09,MYPK3,9.68,11.0,12.95,13.0,16.0,0.3378099173553719,buy,2.1,10.0
2026-09-10,MYPK3,9.99,11.0,12.95,13.0,16.0,0.2962962962962963,buy,2.1,10.0
2026-09-11,MYPK3,9.91,11.0,12.95,13.0,16.0,0.3067608476286578,buy,2.1,10.0
2026-09-14,MYPK3,9.88,11.0,12.95,13.0,16.0,0.310728744939271,buy,2.1,10.0
2026-09-15,MYPK3,9.59,11.0,12.75,12.75,16.0,0.3295099061522419,buy,2.3,10.0
2026-09-16,MYPK3,9.65,11.0,12.75,12.75,16.0,0.3212435233160622,buy,2.3,10.0
2026-09-17,MYPK3,9.44,11.0,12.75,12.75,16.0,0.3506355932203391,buy,2.3,10.0
2026-09-18,MYPK3,9.22,11.0,12.75,12.75,16.0,0.3828633405639912,buy,2.3,10.0
2026-09-21,MYPK3,9.44,11.0,12.75,12.75,16.0,0.3506355932203391,buy,2.3,10.0
2026-09-22,MYPK3,9.48,11.0,12.75,12.75,16.0,0.3449367088607593,buy,2.3,10.0
2026-09-23,MYPK3,9.31,11.0,12.75,12.75,16.0,0.3694951664876476,buy,2.3,10.0
2026-08-24,NATU3,8.25,9.0,10.42857,10.0,13.5,0.264069090909091,hold,2.78571,14.0
2026-08-25,NATU3,8.76,9.0,10.42857,10.0,13.5,0.1904760273972603,hold,2.78571,14.0
2026-08-27,NATU3,8.94,9.0,10.42857,10.0,13.5,0.1665067114093961,hold,2.78571,14.0
2026-08-28,NATU3,8.74,9.0,10.42857,10.0,13.5,0.1932002288329519,hold,2.78571,14.0
2026-08-29,NATU3,8.74,9.0,10.42857,10.0,13.5,0.1932002288329519,hold,2.78571,14.0
2026-08-31,NATU3,8.74,9.0,10.42857,10.0,13.5,0.1932002288329519,hold,2.78571,14.0
2026-09-01,NATU3,8.79,9.0,10.42857,10.0,13.5,0.1864129692832765,hold,2.78571,14.0
2026-09-02,NATU3,9.28,9.0,10.42857,10.0,13.5,0.1237683189655174,hold,2.78571,14.0
2026-09-03,NATU3,9.2,8.0,10.28571,10.0,13.5,0.1180119565217392,hold,2.92857,14.0
2026-09-04,NATU3,8.85,8.0,10.28571,10.0,13.5,0.1622271186440678,hold,2.92857,14.0
2026-09-07,NATU3,8.85,8.0,10.28571,10.0,13.5,0.1622271186440678,hold,2.92857,14.0
2026-09-08,NATU3,8.9,8.0,10.28571,10.0,13.5,0.1556977528089886,hold,2.92857,14.0
2026-09-09,NATU3,8.8,8.0,10.28571,10.0,13.5,0.1688306818181817,hold,2.92857,14.0
2026-09-10,NATU3,8.51,8.0,10.28571,10.0,13.5,0.2086615746180964,hold,2.92857,14.0
2026-09-11,NATU3,8.33,8.0,10.28571,10.0,13.5,0.2347791116446578,hold,2.92857,14.0
2026-09-14,NATU3,8.03,8.0,10.28571,10.0,13.5,0.2809103362391034,hold,2.92857,14.0
2026-09-15,NATU3,7.93,8.0,10.28571,10.0,13.5,0.297063051702396,hold,2.92857,14.0
2026-09-16,NATU3,7.92,8.0,10.28571,10.0,13.5,0.2987007575757576,hold,2.92857,14.0
2026-09-17,NATU3,7.97,8.0,10.28571,10.0,13.5,0.2905533249686325,hold,2.92857,14.0
2026-09-18,NATU3,7.94,8.0,10.28571,10.0,13.5,0.2954294710327454,none,,14.0
2026-09-21,NATU3,7.95,8.0,10.28571,10.0,13.5,0.2938,none,,14.0
2026-09-22,NATU3,7.78,8.0,10.28571,10.0,13.5,0.3220706940874036,none,,14.0
2026-09-23,NATU3,7.65,8.0,10.28571,10.0,13.5,0.34453725490196074,none,,14.0
2026-09-22,OPCT3,8.86,13.0,13.75,14.0,14.0,0.551918735891648,buy,1.75,4.0
2026-09-23,OPCT3,8.89,13.0,13.75,14.0,14.0,0.5466816647919008,buy,1.75,4.0
2026-08-24,ORVR3,16.03,21.4,23.39556,23.75,26.05,0.4594859638178414,strong_buy,1.22222,9.0
2026-08-25,ORVR3,16.43,21.4,23.39611,23.75,26.05,0.4239872185027389,strong_buy,1.22222,9.0
2026-08-27,ORVR3,16.42,21.4,23.39611,23.75,26.05,0.4248544457978074,strong_buy,1.22222,9.0
2026-08-28,ORVR3,16.38,21.4,23.39611,23.75,26.05,0.4283339438339439,strong_buy,1.22222,9.0
2026-08-29,ORVR3,16.38,21.4,23.39611,23.75,26.05,0.4283339438339439,strong_buy,1.22222,9.0
2026-08-31,ORVR3,16.56,21.4,23.39611,23.75,26.05,0.4128085748792272,strong_buy,1.22222,9.0
2026-09-01,ORVR3,16.35,21.4,23.39611,23.75,26.05,0.4309547400611619,strong_buy,1.22222,9.0
2026-09-02,ORVR3,16.65,21.4,23.39611,23.75,26.05,0.405171771771772,strong_buy,1.22222,9.0
2026-09-03,ORVR3,16.83,21.4,23.39611,23.75,26.05,0.3901431966726085,strong_buy,1.22222,9.0
2026-09-04,ORVR3,17.1,21.4,23.39611,23.75,26.05,0.3681935672514618,none,,9.0
2026-09-07,ORVR3,17.1,21.4,23.39611,23.75,26.05,0.3681935672514618,none,,9.0
2026-09-08,ORVR3,17.5,21.4,23.39611,23.75,26.05,0.3369205714285714,none,,9.0
2026-09-09,ORVR3,17.5,21.4,23.39611,23.75,26.05,0.3369205714285714,none,,9.0
2026-09-10,ORVR3,17.63,21.4,23.39611,23.75,26.05,0.3270623936471923,none,,9.0
2026-09-11,ORVR3,17.4,21.4,23.39611,23.75,26.05,0.3446040229885059,none,,9.0
2026-09-14,ORVR3,17.5,21.4,23.39611,23.75,26.05,0.3369205714285714,none,,9.0
2026-09-15,ORVR3,17.08,21.4,23.39611,23.75,26.05,0.3697956674473068,none,,9.0
2026-09-16,ORVR3,16.91,21.4,23.39611,23.75,26.05,0.3835665286812537,none,,9.0
2026-09-17,ORVR3,16.92,21.4,23.39611,23.75,26.05,0.3827488179669029,none,,9.0
2026-09-18,ORVR3,16.89,21.4,23.39611,23.75,26.05,0.3852048549437536,none,,9.0
2026-09-21,ORVR3,17.2,21.4,23.39611,23.75,26.05,0.3602389534883721,none,,9.0
2026-09-22,ORVR3,17.08,21.4,23.39611,23.75,26.05,0.3697956674473068,none,,9.0
2026-09-23,ORVR3,16.69,21.4,23.39611,23.75,26.05,0.4018040742959854,none,,9.0
2026-08-24,PETR3,46.94,55.0,57.85,58.0,60.8,0.2324243715381337,strong_buy,1.25,8.0
2026-08-25,PETR3,45.98,55.0,57.85,58.0,60.8,0.258155719878208,strong_buy,1.25,8.0
2026-08-27,PETR3,45.93,55.0,57.54286,56.0,60.8,0.2528382320923144,none,,7.0
2026-08-28,PETR3,48.25,55.0,57.54286,56.0,60.8,0.1925981347150258,none,,7.0
2026-08-29,PETR3,48.25,55.0,57.54286,56.0,60.8,0.1925981347150258,none,,7.0
2026-08-31,PETR3,50.29,55.0,57.54286,56.0,60.8,0.1442207198250149,none,,7.0
2026-09-01,PETR3,52.37,55.0,57.54286,56.0,60.8,0.098775253007447,none,,7.0
2026-09-02,PETR3,53.54,55.0,57.9,56.0,62.5,0.0814344415390362,strong_buy,1.25,7.0
2026-09-03,PETR3,52.58,55.0,57.9,56.0,62.5,0.101179155572461,strong_buy,1.25,7.0
2026-09-04,PETR3,52.01,55.0,57.9,56.0,62.5,0.1132474524129976,strong_buy,1.25,7.0
2026-09-07,PETR3,52.01,55.0,57.9,56.0,62.5,0.1132474524129976,strong_buy,1.25,7.0
2026-09-08,PETR3,53.24,55.0,58.21667,58.0,62.5,0.0934761457550712,strong_buy,1.25,6.0
2026-09-09,PETR3,53.69,55.0,58.21667,58.0,62.5,0.0843112311417397,strong_buy,1.25,6.0
2026-09-10,PETR3,54.64,55.0,59.18571,60.0,65.0,0.0831938140556369,strong_buy,1.25,7.0
2026-09-11,PETR3,54.52,55.0,59.18571,60.0,65.0,0.0855779530447542,strong_buy,1.25,7.0
2026-09-14,PETR3,54.26,55.0,59.18571,60.0,65.0,0.0907797640987837,strong_buy,1.25,7.0
2026-09-15,PETR3,56.23,55.0,59.18571,60.0,65.0,0.0525646452071848,strong_buy,1.25,7.0
2026-09-16,PETR3,53.83,55.0,59.18571,60.0,65.0,0.0994930336243731,strong_buy,1.25,7.0
2026-09-17,PETR3,54.0,55.0,59.18571,60.0,65.0,0.0960316666666667,strong_buy,1.25,7.0
2026-09-18,PETR3,53.41,55.0,59.18571,60.0,65.0,0.1081391125257442,strong_buy,1.25,7.0
2026-09-21,PETR3,52.88,55.0,59.18571,60.0,65.0,0.1192456505295007,strong_buy,1.25,7.0
2026-09-22,PETR3,53.2,55.0,59.18571,60.0,65.0,0.1125133458646616,strong_buy,1.25,7.0
2026-09-23,PETR3,54.59,55.0,59.5375,60.4,65.0,0.09063015204249858,strong_buy,1.25,8.0
2026-08-24,PETR4,42.11,47.0,55.90769,56.0,63.0,0.3276582759439563,buy,1.61538,13.0
2026-08-25,PETR4,41.35,47.0,55.90769,56.0,63.0,0.3520602176541716,buy,1.61538,13.0
2026-08-27,PETR4,41.45,47.0,55.56667,56.0,63.0,0.3405710494571772,buy,1.61538,12.0
2026-08-28,PETR4,43.55,47.0,55.56667,56.0,63.0,0.2759281285878301,buy,1.61538,12.0
2026-08-29,PETR4,43.55,47.0,55.56667,56.0,63.0,0.2759281285878301,buy,1.61538,12.0
2026-08-31,PETR4,45.02,47.0,55.56667,56.0,63.0,0.234266326077299,strong_buy,1.46154,12.0
2026-09-01,PETR4,46.87,47.0,55.56667,56.0,63.0,0.1855487518668659,strong_buy,1.46154,12.0
2026-09-02,PETR4,48.2,47.0,55.775,56.0,63.0,0.1571576763485476,strong_buy,1.46154,12.0
2026-09-03,PETR4,47.56,47.0,55.775,56.0,63.0,0.1727291841883935,strong_buy,1.46154,12.0
2026-09-04,PETR4,47.11,47.0,56.275,56.0,63.0,0.1945446826576098,strong_buy,1.46154,12.0
2026-09-07,PETR4,47.11,47.0,56.275,56.0,63.0,0.1945446826576098,strong_buy,1.46154,12.0
2026-09-08,PETR4,48.09,47.0,56.3,56.0,63.0,0.1707215637346639,strong_buy,1.46154,11.0
2026-09-09,PETR4,48.42,47.0,56.3,56.0,63.0,0.1627426683188764,strong_buy,1.46154,11.0
2026-09-10,PETR4,49.12,47.0,57.025,56.4,65.0,0.1609324104234528,strong_buy,1.46154,12.0
2026-09-11,PETR4,49.0,47.0,57.025,56.4,65.0,0.1637755102040816,strong_buy,1.46154,12.0
2026-09-14,PETR4,48.92,47.0,57.025,56.4,65.0,0.1656786590351593,strong_buy,1.46154,12.0
2026-09-15,PETR4,50.43,47.0,57.025,56.4,65.0,0.1307753321435654,strong_buy,1.46154,12.0
2026-09-16,PETR4,48.65,47.0,57.025,56.4,65.0,0.1721479958890031,strong_buy,1.46154,12.0
2026-09-17,PETR4,48.61,47.0,57.025,56.4,65.0,0.1731125282863608,strong_buy,1.46154,12.0
2026-09-18,PETR4,48.5,47.0,57.025,56.4,65.0,0.1757731958762887,strong_buy,1.46154,12.0
2026-09-21,PETR4,48.0,47.0,57.025,56.4,65.0,0.1880208333333333,strong_buy,1.46154,12.0
2026-09-22,PETR4,48.35,47.0,57.10833,56.4,65.0,0.1811443640124095,strong_buy,1.46154,12.0
2026-09-23,PETR4,49.6,47.0,57.48462,56.8,65.0,0.15896411290322576,strong_buy,1.46154,13.0
2026-08-24,PGMN3,3.32,5.0,6.72222,6.5,9.0,1.024765060240964,buy,1.6,9.0
2026-08-25,PGMN3,3.51,5.0,6.72222,6.5,9.0,0.9151623931623932,buy,1.6,9.0
2026-08-27,PGMN3,3.45,5.0,6.72222,6.5,9.0,0.9484695652173912,buy,1.6,9.0
2026-08-28,PGMN3,3.41,5.0,6.72222,6.5,9.0,0.9713255131964807,buy,1.6,9.0
2026-08-29,PGMN3,3.41,5.0,6.72222,6.5,9.0,0.9713255131964807,buy,1.6,9.0
2026-08-31,PGMN3,3.53,5.0,6.77778,6.5,9.0,0.9200509915014166,buy,1.6,9.0
2026-09-01,PGMN3,3.52,5.0,6.77778,6.5,9.0,0.9255056818181816,buy,1.6,9.0
2026-09-02,PGMN3,3.78,5.0,6.77778,6.5,9.0,0.793063492063492,buy,1.6,9.0
2026-09-03,PGMN3,3.75,5.0,6.77778,6.5,9.0,0.8074079999999999,buy,1.6,9.0
2026-09-04,PGMN3,3.84,5.0,6.77778,6.5,9.0,0.7650468750000001,buy,1.6,9.0
2026-09-07,PGMN3,3.84,5.0,6.77778,6.5,9.0,0.7650468750000001,buy,1.6,9.0
2026-09-08,PGMN3,3.9,5.0,6.77778,6.5,9.0,0.7378923076923076,buy,1.6,9.0
2026-09-09,PGMN3,3.73,5.0,6.77778,6.5,9.0,0.8170991957104559,buy,1.6,9.0
2026-09-10,PGMN3,3.83,5.0,6.77778,6.5,9.0,0.7696553524804177,buy,1.6,9.0
2026-09-11,PGMN3,3.8,5.0,6.77778,6.5,9.0,0.7836263157894738,buy,1.6,9.0
2026-09-14,PGMN3,3.8,5.0,6.77778,6.5,9.0,0.7836263157894738,buy,1.6,9.0
2026-09-15,PGMN3,3.9,5.0,6.77778,6.5,9.0,0.7378923076923076,buy,1.6,9.0
2026-09-16,PGMN3,3.81,5.0,6.77778,6.5,9.0,0.7789448818897637,buy,1.6,9.0
2026-09-17,PGMN3,3.74,5.0,6.77778,6.5,9.0,0.8122406417112298,buy,1.6,9.0
2026-09-18,PGMN3,3.69,5.0,6.77778,6.5,9.0,0.8367967479674796,buy,1.6,9.0
2026-09-21,PGMN3,3.89,5.0,6.77778,6.5,9.0,0.7423598971722365,buy,1.6,9.0
2026-09-22,PGMN3,4.05,5.0,6.77778,6.5,9.0,0.6735259259259261,buy,1.6,9.0
2026-09-23,PGMN3,3.75,5.0,6.77778,6.5,9.0,0.8074079999999999,buy,1.6,9.0
2026-08-24,PINE4,10.52,18.0,19.2,19.0,20.0,0.8250950570342206,strong_buy,1.4,5.0
2026-08-25,PINE4,10.9,18.0,19.2,19.0,20.0,0.7614678899082568,strong_buy,1.4,5.0
2026-08-27,PINE4,10.71,18.0,19.2,19.0,20.0,0.7927170868347337,strong_buy,1.4,5.0
2026-08-28,PINE4,10.81,18.0,19.2,19.0,20.0,0.7761332099907492,none,,5.0
2026-08-29,PINE4,10.81,18.0,19.2,19.0,20.0,0.7761332099907492,none,,5.0
2026-08-31,PINE4,11.01,18.0,19.2,19.0,20.0,0.7438692098092643,none,,5.0
2026-09-01,PINE4,11.16,18.0,19.2,19.0,20.0,0.7204301075268815,none,,5.0
2026-09-02,PINE4,11.52,18.0,19.2,19.0,20.0,0.6666666666666667,none,,5.0
2026-09-03,PINE4,11.28,18.0,19.2,19.0,20.0,0.7021276595744681,strong_buy,1.4,5.0
2026-09-04,PINE4,11.14,17.0,19.0,19.0,20.0,0.7055655296229801,strong_buy,1.4,5.0
2026-09-07,PINE4,11.14,17.0,19.0,19.0,20.0,0.7055655296229801,strong_buy,1.4,5.0
2026-09-08,PINE4,11.27,17.0,19.0,19.0,20.0,0.6858917480035494,strong_buy,1.4,5.0
2026-09-09,PINE4,11.34,17.0,19.0,19.0,20.0,0.6754850088183422,strong_buy,1.4,5.0
2026-09-10,PINE4,11.79,17.0,19.0,19.0,20.0,0.611535199321459,strong_buy,1.4,5.0
2026-09-11,PINE4,11.95,17.0,19.0,19.0,20.0,0.589958158995816,strong_buy,1.4,5.0
2026-09-14,PINE4,11.67,17.0,19.0,19.0,20.0,0.6281062553556127,strong_buy,1.4,5.0
2026-09-15,PINE4,11.98,17.0,18.8,19.0,20.0,0.5692821368948247,strong_buy,1.4,5.0
2026-09-16,PINE4,11.8,17.0,18.8,19.0,20.0,0.5932203389830508,strong_buy,1.4,5.0
2026-09-17,PINE4,11.45,17.0,18.8,19.0,20.0,0.6419213973799127,strong_buy,1.4,5.0
2026-09-18,PINE4,11.62,17.0,18.8,19.0,20.0,0.6179001721170398,strong_buy,1.4,5.0
2026-09-21,PINE4,11.8,17.0,18.8,19.0,20.0,0.5932203389830508,strong_buy,1.4,5.0
2026-09-22,PINE4,11.88,17.0,18.8,19.0,20.0,0.5824915824915824,strong_buy,1.4,5.0
2026-09-23,PINE4,11.94,17.0,18.8,19.0,20.0,0.5745393634840872,strong_buy,1.4,5.0
2026-08-24,PLPL3,6.8,12.0,16.77778,17.0,23.0,1.4673205882352942,strong_buy,1.33333,9.0
2026-08-25,PLPL3,7.45,12.0,16.77778,17.0,23.0,1.2520510067114097,strong_buy,1.33333,9.0
2026-08-27,PLPL3,7.12,12.0,16.77778,17.0,23.0,1.356429775280899,strong_buy,1.33333,9.0
2026-08-28,PLPL3,7.02,12.0,16.66667,17.0,23.0,1.3741695156695155,strong_buy,1.33333,9.0
2026-08-29,PLPL3,7.02,12.0,16.66667,17.0,23.0,1.3741695156695155,strong_buy,1.33333,9.0
2026-08-31,PLPL3,7.15,12.0,16.66667,17.0,23.0,1.331002797202797,strong_buy,1.33333,9.0
2026-09-01,PLPL3,7.24,12.0,16.66667,17.0,23.0,1.3020262430939225,strong_buy,1.33333,9.0
2026-09-02,PLPL3,7.61,12.0,16.66667,17.0,23.0,1.190101182654402,strong_buy,1.33333,9.0
2026-09-03,PLPL3,7.18,7.5,15.61111,16.0,23.0,1.17424930362117,buy,1.66667,9.0
2026-09-04,PLPL3,7.23,7.5,15.16667,15.0,23.0,1.0977413554633468,buy,1.66667,9.0
2026-09-07,PLPL3,7.23,7.5,15.16667,15.0,23.0,1.0977413554633468,buy,1.66667,9.0
2026-09-08,PLPL3,7.4,7.5,15.16667,15.0,23.0,1.04955,buy,1.66667,9.0
2026-09-09,PLPL3,6.95,7.5,15.16667,15.0,23.0,1.1822546762589927,buy,1.66667,9.0
2026-09-10,PLPL3,7.2,7.5,15.16667,15.0,23.0,1.1064819444444445,buy,1.66667,9.0
2026-09-11,PLPL3,7.01,7.5,15.16667,15.0,23.0,1.1635763195435094,buy,1.66667,9.0
2026-09-14,PLPL3,6.71,7.5,15.16667,15.0,23.0,1.2603084947839047,buy,1.66667,9.0
2026-09-15,PLPL3,6.71,7.5,15.16667,15.0,23.0,1.2603084947839047,buy,1.66667,9.0
2026-09-16,PLPL3,6.85,7.5,15.16667,15.0,23.0,1.214112408759124,buy,1.66667,9.0
2026-09-17,PLPL3,6.49,7.5,15.16667,15.0,23.0,1.3369291217257318,buy,1.66667,9.0
2026-09-18,PLPL3,6.58,7.5,15.16667,15.0,23.0,1.304965045592705,none,,9.0
2026-09-21,PLPL3,6.79,7.5,15.16667,15.0,23.0,1.2336774668630337,none,,9.0
2026-09-22,PLPL3,7.01,7.5,15.16667,15.0,23.0,1.1635763195435094,none,,9.0
2026-09-23,PLPL3,6.77,7.5,15.16667,15.0,23.0,1.2402762186115215,none,,9.0
2026-08-24,PNVL3,11.5,15.0,17.0,17.0,19.0,0.4782608695652173,none,,6.0
2026-08-25,PNVL3,12.18,15.0,17.0,17.0,19.0,0.3957307060755337,none,,6.0
2026-08-27,PNVL3,12.09,15.0,17.0,17.0,19.0,0.4061207609594706,none,,6.0
2026-08-28,PNVL3,11.94,15.0,17.0,17.0,19.0,0.4237855946398661,none,,6.0
2026-08-29,PNVL3,11.94,15.0,17.0,17.0,19.0,0.4237855946398661,none,,6.0
2026-08-31,PNVL3,11.99,15.0,17.0,17.0,19.0,0.4178482068390325,buy,1.66667,6.0
2026-09-01,PNVL3,12.07,15.0,17.0,17.0,19.0,0.408450704225352,buy,1.66667,6.0
2026-09-02,PNVL3,12.75,15.0,17.0,17.0,19.0,0.3333333333333332,buy,1.66667,6.0
2026-09-03,PNVL3,12.86,15.0,17.0,17.0,19.0,0.3219284603421461,buy,1.66667,6.0
2026-09-04,PNVL3,13.16,15.0,17.0,17.0,19.0,0.2917933130699088,buy,1.66667,6.0
2026-09-07,PNVL3,13.16,15.0,17.0,17.0,19.0,0.2917933130699088,buy,1.66667,6.0
2026-09-08,PNVL3,13.02,15.0,17.0,17.0,19.0,0.3056835637480799,buy,1.66667,6.0
2026-09-09,PNVL3,12.69,15.0,17.0,17.0,19.0,0.3396375098502759,buy,1.66667,6.0
2026-09-10,PNVL3,13.14,15.0,17.0,17.0,19.0,0.2937595129375951,buy,1.66667,6.0
2026-09-11,PNVL3,12.94,15.0,17.0,17.0,19.0,0.313755795981453,buy,1.66667,6.0
2026-09-14,PNVL3,12.95,15.0,17.0,17.0,19.0,0.3127413127413128,buy,1.66667,6.0
2026-09-15,PNVL3,12.94,15.0,17.0,17.0,19.0,0.313755795981453,none,,6.0
2026-09-16,PNVL3,13.1,15.0,17.0,17.0,19.0,0.2977099236641221,none,,6.0
2026-09-17,PNVL3,12.95,15.0,17.0,17.0,19.0,0.3127413127413128,none,,6.0
2026-09-18,PNVL3,13.07,15.0,17.0,17.0,19.0,0.3006885998469777,none,,6.0
2026-09-21,PNVL3,13.24,15.0,17.0,17.0,19.0,0.283987915407855,buy,1.66667,6.0
2026-09-22,PNVL3,13.28,15.0,17.0,17.0,19.0,0.280120481927711,buy,1.66667,6.0
2026-09-23,PNVL3,13.07,15.0,17.0,17.0,19.0,0.3006885998469777,buy,1.66667,6.0
2026-08-24,POMO3,4.16,,,,,,none,,
2026-08-25,POMO3,4.19,,,,,,none,,
2026-08-27,POMO3,4.11,,,,,,none,,
2026-08-28,POMO3,4.15,,,,,,none,,
2026-08-29,POMO3,4.15,,,,,,none,,
2026-08-31,POMO3,4.08,,,,,,none,,
2026-09-01,POMO3,4.22,,,,,,none,,
2026-09-02,POMO3,4.34,,,,,,none,,
2026-09-03,POMO3,4.3,,,,,,none,,
2026-09-04,POMO3,4.26,,,,,,none,,
2026-09-07,POMO3,4.26,,,,,,none,,
2026-09-08,POMO3,4.31,,,,,,none,,
2026-09-09,POMO3,4.18,,,,,,none,,
2026-09-10,POMO3,4.26,,,,,,none,,
2026-09-11,POMO3,4.25,,,,,,none,,
2026-09-14,POMO3,4.19,,,,,,none,,
2026-09-15,POMO3,4.2,,,,,,none,,
2026-09-16,POMO3,4.28,,,,,,none,,
2026-09-17,POMO3,4.08,,,,,,none,,
2026-09-18,POMO3,4.06,,,,,,none,,
2026-09-21,POMO3,4.02,,,,,,none,,
2026-09-22,POMO3,3.97,,,,,,none,,
2026-09-23,POMO3,3.94,,,,,,none,,
2026-08-24,POMO4,4.44,7.0,8.43,8.1,10.5,0.8986486486486485,strong_buy,1.4,10.0
2026-08-25,POMO4,4.51,7.0,8.43,8.1,10.5,0.8691796008869179,strong_buy,1.4,10.0
2026-08-27,POMO4,4.41,7.0,8.43,8.1,10.5,0.91156462585034,strong_buy,1.4,10.0
2026-08-28,POMO4,4.42,6.5,8.18,8.0,10.5,0.8506787330316741,strong_buy,1.4,10.0
2026-08-29,POMO4,4.42,6.5,8.18,8.0,10.5,0.8506787330316741,strong_buy,1.4,10.0
2026-08-31,POMO4,4.4,6.5,8.18,8.0,10.5,0.8590909090909089,strong_buy,1.4,10.0
2026-09-01,POMO4,4.47,6.5,8.18,8.0,10.5,0.8299776286353469,strong_buy,1.4,10.0
2026-09-02,POMO4,4.6,6.5,8.18,8.0,10.5,0.7782608695652176,strong_buy,1.4,10.0
2026-09-03,POMO4,4.56,6.5,8.18,8.0,10.5,0.7938596491228072,strong_buy,1.4,10.0
2026-09-04,POMO4,4.58,6.5,8.03,8.0,9.1,0.7532751091703056,strong_buy,1.4,10.0
2026-09-07,POMO4,4.58,6.5,8.03,8.0,9.1,0.7532751091703056,strong_buy,1.4,10.0
2026-09-08,POMO4,4.59,6.5,8.03,8.0,9.1,0.7494553376906317,strong_buy,1.4,10.0
2026-09-09,POMO4,4.46,6.5,8.03,8.0,9.1,0.8004484304932735,strong_buy,1.4,10.0
2026-09-10,POMO4,4.58,6.5,8.03,8.0,9.1,0.7532751091703056,strong_buy,1.4,10.0
2026-09-11,POMO4,4.5,6.5,8.03,8.0,9.1,0.7844444444444443,strong_buy,1.4,10.0
2026-09-14,POMO4,4.43,6.5,8.03,8.0,9.1,0.8126410835214446,strong_buy,1.4,10.0
2026-09-15,POMO4,4.43,6.0,7.63,7.75,9.1,0.7223476297968399,strong_buy,1.4,10.0
2026-09-16,POMO4,4.53,6.0,7.63,7.75,9.1,0.684326710816777,strong_buy,1.4,10.0
2026-09-17,POMO4,4.3,6.0,7.63,7.75,9.1,0.7744186046511627,strong_buy,1.4,10.0
2026-09-18,POMO4,4.28,5.0,7.33,7.25,9.1,0.7126168224299065,buy,1.6,10.0
2026-09-21,POMO4,4.23,5.0,7.33,7.25,9.1,0.7328605200945626,buy,1.6,10.0
2026-09-22,POMO4,4.2,5.0,7.33,7.25,9.1,0.7452380952380953,buy,1.6,10.0
2026-09-23,POMO4,4.13,5.0,7.33,7.25,9.1,0.7748184019370461,buy,1.6,10.0
2026-08-24,POSI3,3.42,5.2,5.73333,6.0,6.0,0.6764122807017543,buy,1.66667,3.0
2026-08-25,POSI3,3.43,5.2,5.73333,6.0,6.0,0.6715247813411076,buy,1.66667,3.0
2026-08-27,POSI3,3.39,5.2,5.73333,6.0,6.0,0.6912477876106193,buy,1.66667,3.0
2026-08-28,POSI3,3.36,5.2,5.73333,6.0,6.0,0.7063482142857143,buy,1.66667,3.0
2026-08-29,POSI3,3.36,5.2,5.73333,6.0,6.0,0.7063482142857143,buy,1.66667,3.0
2026-08-31,POSI3,3.3,5.2,5.73333,6.0,6.0,0.7373727272727273,none,,3.0
2026-09-01,POSI3,3.39,5.2,5.73333,6.0,6.0,0.6912477876106193,none,,3.0
2026-09-02,POSI3,3.46,5.2,5.73333,6.0,6.0,0.6570317919075144,none,,3.0
2026-09-03,POSI3,3.44,5.2,5.73333,6.0,6.0,0.6666656976744185,none,,3.0
2026-09-04,POSI3,3.42,5.2,5.73333,6.0,6.0,0.6764122807017543,none,,3.0
2026-09-07,POSI3,3.42,5.2,5.73333,6.0,6.0,0.6764122807017543,none,,3.0
2026-09-08,POSI3,3.43,5.2,5.73333,6.0,6.0,0.6715247813411076,none,,3.0
2026-09-09,POSI3,3.4,5.2,5.73333,6.0,6.0,0.6862735294117646,none,,3.0
2026-09-10,POSI3,3.51,5.2,5.73333,6.0,6.0,0.6334273504273504,none,,3.0
2026-09-11,POSI3,3.49,5.2,5.73333,6.0,6.0,0.6427879656160456,none,,3.0
2026-09-14,POSI3,3.48,5.2,5.73333,6.0,6.0,0.647508620689655,none,,3.0
2026-09-15,POSI3,3.46,5.2,5.73333,6.0,6.0,0.6570317919075144,none,,3.0
2026-09-16,POSI3,3.47,5.2,5.73333,6.0,6.0,0.6522564841498557,none,,3.0
2026-09-17,POSI3,3.42,5.2,5.73333,6.0,6.0,0.6764122807017543,none,,3.0
2026-09-18,POSI3,3.42,5.2,5.73333,6.0,6.0,0.6764122807017543,none,,3.0
2026-09-21,POSI3,3.43,5.2,5.73333,6.0,6.0,0.6715247813411076,none,,3.0
2026-09-22,POSI3,3.47,5.2,5.73333,6.0,6.0,0.6522564841498557,none,,3.0
2026-09-23,POSI3,3.46,5.2,5.73333,6.0,6.0,0.6570317919075144,none,,3.0
2026-08-24,PRIO3,61.62,56.0,68.2,68.5,78.0,0.106783511846803,buy,1.78571,14.0
2026-08-25,PRIO3,60.88,56.0,68.2,68.5,78.0,0.1202365308804205,buy,1.78571,14.0
2026-08-27,PRIO3,60.76,56.0,68.50714,68.8,78.0,0.1275039499670838,buy,1.78571,14.0
2026-08-28,PRIO3,60.54,56.0,68.50714,68.8,78.0,0.1316012553683516,buy,1.78571,14.0
2026-08-29,PRIO3,60.54,56.0,68.50714,68.8,78.0,0.1316012553683516,buy,1.78571,14.0
2026-08-31,PRIO3,62.68,56.0,68.50714,68.8,78.0,0.0929664964901086,buy,1.78571,14.0
2026-09-01,PRIO3,63.99,56.0,68.50714,68.8,78.0,0.0705913423972497,buy,1.78571,14.0
2026-09-02,PRIO3,64.41,56.0,68.65,69.5,78.0,0.0658282875329918,buy,1.78571,14.0
2026-09-03,PRIO3,61.5,56.0,68.65,69.5,78.0,0.1162601626016262,buy,1.78571,14.0
2026-09-04,PRIO3,60.19,56.0,68.65,69.5,78.0,0.1405549094533977,buy,1.71429,14.0
2026-09-07,PRIO3,60.19,56.0,68.65,69.5,78.0,0.1405549094533977,buy,1.71429,14.0
2026-09-08,PRIO3,62.0,56.0,68.65,69.5,78.0,0.1072580645161291,buy,1.71429,14.0
2026-09-09,PRIO3,62.52,56.0,68.65,69.5,78.0,0.0980486244401792,buy,1.71429,14.0
2026-09-10,PRIO3,64.19,56.0,68.65,69.5,78.0,0.069481227605546,buy,1.71429,14.0
2026-09-11,PRIO3,64.19,56.0,68.65,69.5,78.0,0.069481227605546,buy,1.71429,14.0
2026-09-14,PRIO3,63.91,56.0,68.65,69.5,78.0,0.0741667970583634,buy,1.71429,14.0
2026-09-15,PRIO3,65.68,56.0,68.65,69.5,78.0,0.0452192448233861,buy,1.71429,14.0
2026-09-16,PRIO3,62.58,56.0,68.65,69.5,78.0,0.0969958453179931,buy,1.71429,14.0
2026-09-17,PRIO3,63.29,56.0,68.65,69.5,78.0,0.0846895244114396,buy,1.71429,14.0
2026-09-18,PRIO3,63.24,56.0,68.65,69.5,78.0,0.0855471220746364,buy,1.71429,14.0
2026-09-21,PRIO3,61.05,56.0,68.65,69.5,78.0,0.1244881244881246,buy,1.71429,14.0
2026-09-22,PRIO3,60.46,56.0,68.65,69.5,78.0,0.1354614621237182,buy,1.71429,14.0
2026-09-23,PRIO3,60.86,56.0,68.65,69.5,78.0,0.12799868550772264,buy,1.71429,14.0
2026-08-24,PRNR3,16.45,28.0,29.66667,30.0,31.0,0.8034449848024316,buy,1.66667,3.0
2026-08-25,PRNR3,17.21,28.0,29.66667,30.0,31.0,0.7238041836141778,buy,1.66667,3.0
2026-08-27,PRNR3,17.54,28.0,29.66667,30.0,31.0,0.6913722919042189,buy,1.66667,3.0
2026-08-28,PRNR3,17.66,28.0,29.66667,30.0,31.0,0.6798793884484711,buy,1.66667,3.0
2026-08-29,PRNR3,17.66,28.0,29.66667,30.0,31.0,0.6798793884484711,buy,1.66667,3.0
2026-08-31,PRNR3,17.6,28.0,29.66667,30.0,31.0,0.6856062499999998,none,,3.0
2026-09-01,PRNR3,17.74,28.0,29.66667,30.0,31.0,0.6723038331454343,none,,3.0
2026-09-02,PRNR3,18.4,28.0,29.66667,30.0,31.0,0.6123190217391306,none,,3.0
2026-09-03,PRNR3,18.26,28.0,29.66667,30.0,31.0,0.6246807228915661,none,,3.0
2026-09-04,PRNR3,18.15,28.0,29.66667,30.0,31.0,0.6345272727272728,none,,3.0
2026-09-07,PRNR3,18.15,28.0,29.66667,30.0,31.0,0.6345272727272728,none,,3.0
2026-09-08,PRNR3,18.0,28.0,29.66667,30.0,31.0,0.6481483333333333,none,,3.0
2026-09-09,PRNR3,17.85,28.0,29.66667,30.0,31.0,0.661998319327731,none,,3.0
2026-09-10,PRNR3,18.19,28.0,29.66667,30.0,31.0,0.6309329301814182,none,,3.0
2026-09-11,PRNR3,18.08,26.0,28.75,29.0,31.0,0.5901548672566372,strong_buy,1.5,4.0
2026-09-14,PRNR3,17.94,26.0,28.75,29.0,31.0,0.6025641025641024,strong_buy,1.5,4.0
2026-09-15,PRNR3,17.89,26.0,28.75,29.0,31.0,0.607043040804919,strong_buy,1.5,4.0
2026-09-16,PRNR3,17.8,26.0,28.75,29.0,31.0,0.6151685393258426,strong_buy,1.5,4.0
2026-09-17,PRNR3,17.73,26.0,28.75,29.0,31.0,0.6215454032712915,strong_buy,1.5,4.0
2026-09-18,PRNR3,18.13,26.0,28.75,29.0,31.0,0.5857694429123002,strong_buy,1.5,4.0
2026-09-21,PRNR3,19.12,26.0,28.75,29.0,31.0,0.5036610878661087,strong_buy,1.5,4.0
2026-09-22,PRNR3,19.0,26.0,28.75,29.0,31.0,0.513157894736842,strong_buy,1.5,4.0
2026-09-23,PRNR3,19.28,26.0,28.75,29.0,31.0,0.4911825726141077,strong_buy,1.5,4.0
2026-08-24,PSSA3,47.59,46.0,57.0,59.0,63.0,0.197730615675562,buy,2.27273,11.0
2026-08-25,PSSA3,48.24,46.0,57.0,59.0,63.0,0.1815920398009949,buy,2.27273,11.0
2026-08-27,PSSA3,48.54,46.0,57.0,59.0,63.0,0.1742892459826948,buy,2.27273,11.0
2026-08-28,PSSA3,48.87,46.0,57.0,59.0,63.0,0.1663597298956416,buy,2.27273,11.0
2026-08-29,PSSA3,48.87,46.0,57.0,59.0,63.0,0.1663597298956416,buy,2.27273,11.0
2026-08-31,PSSA3,49.08,46.0,57.0,59.0,63.0,0.1613691931540342,buy,2.27273,11.0
2026-09-01,PSSA3,49.42,46.0,57.0,59.0,63.0,0.1533791987049777,buy,2.27273,11.0
2026-09-02,PSSA3,50.99,46.0,57.0,59.0,63.0,0.1178662482839771,buy,2.27273,11.0
2026-09-03,PSSA3,51.24,46.0,57.0,59.0,63.0,0.1124121779859483,none,,11.0
2026-09-04,PSSA3,51.66,46.0,57.0,59.0,63.0,0.1033681765389082,none,,11.0
2026-09-07,PSSA3,51.66,46.0,57.0,59.0,63.0,0.1033681765389082,none,,11.0
2026-09-08,PSSA3,51.15,46.0,57.0,59.0,63.0,0.1143695014662757,none,,11.0
2026-09-09,PSSA3,50.8,46.0,57.18182,59.0,63.0,0.125626377952756,buy,2.27273,11.0
2026-09-10,PSSA3,51.3,46.0,57.18182,59.0,63.0,0.1146553606237816,buy,2.27273,11.0
2026-09-11,PSSA3,50.67,46.0,57.18182,59.0,63.0,0.1285143082691928,buy,2.27273,11.0
2026-09-14,PSSA3,50.04,46.0,57.18182,59.0,63.0,0.1427222222222222,buy,2.27273,11.0
2026-09-15,PSSA3,50.45,46.0,57.18182,59.0,63.0,0.1334354806739346,buy,2.27273,11.0
2026-09-16,PSSA3,49.87,46.0,57.18182,59.0,63.0,0.146617605775015,buy,2.27273,11.0
2026-09-17,PSSA3,49.42,46.0,57.18182,59.0,63.0,0.1570582760016188,buy,2.27273,11.0
2026-09-18,PSSA3,49.11,46.0,57.18182,59.0,63.0,0.1643620443901445,buy,2.27273,11.0
2026-09-21,PSSA3,49.46,46.0,57.18182,59.0,63.0,0.1561225232511121,buy,2.27273,11.0
2026-09-22,PSSA3,48.43,46.0,57.18182,59.0,63.0,0.1807107164980383,buy,2.27273,11.0
2026-09-23,PSSA3,48.1,46.0,57.18182,59.0,63.0,0.1888112266112265,buy,2.27273,11.0
2026-08-24,QUAL3,1.63,1.7,2.56667,2.3,4.0,0.5746441717791411,hold,2.8,9.0
2026-08-25,QUAL3,1.69,1.7,2.56667,2.3,4.0,0.518739644970414,hold,2.8,9.0
2026-08-27,QUAL3,1.64,1.7,2.56667,2.3,4.0,0.5650426829268291,hold,2.8,9.0
2026-08-28,QUAL3,1.54,1.7,2.53333,2.3,4.0,0.6450194805194804,hold,2.8,9.0
2026-08-29,QUAL3,1.54,1.7,2.53333,2.3,4.0,0.6450194805194804,hold,2.8,9.0
2026-08-31,QUAL3,1.54,1.7,2.53333,2.3,4.0,0.6450194805194804,hold,2.8,9.0
2026-09-01,QUAL3,1.48,1.7,2.53333,2.3,4.0,0.7117094594594593,hold,2.8,9.0
2026-09-02,QUAL3,1.55,1.7,2.53333,2.3,4.0,0.6344064516129031,hold,2.8,9.0
2026-09-03,QUAL3,1.53,1.7,2.53333,2.3,4.0,0.6557712418300652,hold,2.8,9.0
2026-09-04,QUAL3,1.5,1.7,2.53333,2.3,4.0,0.6888866666666666,hold,2.8,9.0
2026-09-07,QUAL3,1.5,1.7,2.53333,2.3,4.0,0.6888866666666666,hold,2.8,9.0
2026-09-08,QUAL3,1.54,1.7,2.53333,2.3,4.0,0.6450194805194804,hold,2.8,9.0
2026-09-09,QUAL3,1.47,1.7,2.53333,2.3,4.0,0.7233537414965985,hold,2.8,9.0
2026-09-10,QUAL3,1.49,1.7,2.53333,2.3,4.0,0.7002214765100669,hold,2.8,9.0
2026-09-11,QUAL3,1.52,1.7,2.53333,2.3,4.0,0.6666644736842104,hold,2.8,9.0
2026-09-14,QUAL3,1.5,1.7,2.53333,2.3,4.0,0.6888866666666666,hold,2.8,9.0
2026-09-15,QUAL3,1.59,1.7,2.53333,2.3,4.0,0.5932893081761004,hold,2.8,9.0
2026-09-16,QUAL3,1.65,1.7,2.53333,2.3,4.0,0.5353515151515151,hold,2.8,9.0
2026-09-17,QUAL3,1.67,1.7,2.53333,2.3,4.0,0.5169640718562873,hold,2.8,9.0
2026-09-18,QUAL3,1.65,1.7,2.53333,2.3,4.0,0.5353515151515151,hold,2.8,9.0
2026-09-21,QUAL3,1.71,1.7,2.53333,2.3,4.0,0.4814795321637426,hold,2.8,9.0
2026-09-22,QUAL3,1.69,1.7,2.53333,2.3,4.0,0.4990118343195266,hold,2.8,9.0
2026-09-23,QUAL3,1.62,1.7,2.54444,2.3,4.0,0.5706419753086418,hold,2.8,9.0
2026-08-24,RADL3,18.32,18.0,25.25333,26.0,31.0,0.3784568777292576,buy,1.86667,15.0
2026-08-25,RADL3,19.59,18.0,25.25333,26.0,31.0,0.2890929045431341,buy,1.86667,15.0
2026-08-27,RADL3,19.31,18.0,25.25333,26.0,31.0,0.3077850854479544,buy,1.86667,15.0
2026-08-28,RADL3,19.36,18.0,25.25333,26.0,31.0,0.3044075413223139,buy,1.86667,15.0
2026-08-29,RADL3,19.36,18.0,25.25333,26.0,31.0,0.3044075413223139,buy,1.86667,15.0
2026-08-31,RADL3,19.6,18.0,25.25333,26.0,31.0,0.2884352040816325,buy,1.86667,15.0
2026-09-01,RADL3,19.66,18.0,25.25333,26.0,31.0,0.2845030518819937,buy,1.86667,15.0
2026-09-02,RADL3,20.22,18.0,25.25333,26.0,31.0,0.2489282888229476,buy,1.86667,15.0
2026-09-03,RADL3,20.27,18.0,25.25333,26.0,31.0,0.2458475579674395,buy,1.86667,15.0
2026-09-04,RADL3,19.99,18.0,25.25333,26.0,31.0,0.2632981490745372,buy,1.86667,15.0
2026-09-07,RADL3,19.99,18.0,25.25333,26.0,31.0,0.2632981490745372,buy,1.86667,15.0
2026-09-08,RADL3,20.42,18.0,25.25333,26.0,31.0,0.2366958863858959,buy,1.86667,15.0
2026-09-09,RADL3,19.6,18.0,25.25333,26.0,31.0,0.2884352040816325,buy,1.86667,15.0
2026-09-10,RADL3,19.76,18.0,25.25333,26.0,31.0,0.2780025303643723,buy,1.86667,15.0
2026-09-11,RADL3,19.56,18.0,25.45333,26.0,31.0,0.3012949897750512,buy,1.86667,15.0
2026-09-14,RADL3,19.54,18.0,25.45333,26.0,31.0,0.3026269191402253,buy,1.86667,15.0
2026-09-15,RADL3,19.45,18.0,25.45333,26.0,31.0,0.3086544987146531,buy,1.86667,15.0
2026-09-16,RADL3,20.23,18.0,25.45333,26.0,31.0,0.2581972318339101,buy,1.86667,15.0
2026-09-17,RADL3,20.34,18.0,25.45333,26.0,31.0,0.2513928220255654,buy,1.86667,15.0
2026-09-18,RADL3,20.23,18.0,25.45333,26.0,31.0,0.2581972318339101,buy,1.86667,15.0
2026-09-21,RADL3,20.61,18.0,25.45333,26.0,31.0,0.234999029597283,buy,1.86667,15.0
2026-09-22,RADL3,20.23,18.0,25.86667,26.0,31.0,0.2786292634700937,buy,1.73333,15.0
2026-09-23,RADL3,19.5,18.0,25.96667,26.0,31.0,0.3316241025641027,buy,1.73333,15.0
2026-08-24,RAIL3,14.24,12.0,18.78,19.0,23.0,0.3188202247191012,buy,1.93333,15.0
2026-08-25,RAIL3,14.53,12.0,18.78,19.0,23.0,0.292498279421886,buy,1.93333,15.0
2026-08-27,RAIL3,14.59,12.0,18.88,19.5,23.0,0.2940370116518163,buy,1.93333,15.0
2026-08-28,RAIL3,14.88,12.0,18.88,19.5,23.0,0.268817204301075,buy,1.93333,15.0
2026-08-29,RAIL3,14.88,12.0,18.88,19.5,23.0,0.268817204301075,buy,1.93333,15.0
2026-08-31,RAIL3,15.08,12.0,18.88,19.5,23.0,0.2519893899204244,buy,1.93333,15.0
2026-09-01,RAIL3,15.3,12.0,18.88,19.5,23.0,0.233986928104575,buy,1.93333,15.0
2026-09-02,RAIL3,14.66,12.0,18.87333,19.5,23.0,0.2874031377899044,buy,2.06667,15.0
2026-09-03,RAIL3,14.81,12.0,18.87333,19.5,23.0,0.2743639432815663,buy,2.06667,15.0
2026-09-04,RAIL3,14.55,12.0,18.97333,19.5,23.0,0.3040089347079038,buy,2.06667,15.0
2026-09-07,RAIL3,14.55,12.0,18.97333,19.5,23.0,0.3040089347079038,buy,2.06667,15.0
2026-09-08,RAIL3,14.55,12.0,18.97333,19.5,23.0,0.3040089347079038,buy,2.06667,15.0
2026-09-09,RAIL3,14.5,12.0,18.97333,19.5,23.0,0.3085055172413793,buy,2.06667,15.0
2026-09-10,RAIL3,14.95,12.0,18.97333,19.5,23.0,0.2691190635451506,buy,2.06667,15.0
2026-09-11,RAIL3,14.83,12.0,18.97333,19.5,23.0,0.2793884018880648,buy,2.06667,15.0
2026-09-14,RAIL3,14.54,12.0,18.97333,19.5,23.0,0.3049057771664376,buy,2.06667,15.0
2026-09-15,RAIL3,14.7,12.0,18.97333,19.5,23.0,0.2907027210884354,buy,2.06667,15.0
2026-09-16,RAIL3,14.85,12.0,18.97333,19.5,23.0,0.2776653198653198,buy,2.06667,15.0
2026-09-17,RAIL3,14.94,12.0,18.97333,19.5,23.0,0.2699685408299868,buy,2.06667,15.0
2026-09-18,RAIL3,14.97,12.0,18.97333,19.5,23.0,0.2674235136940548,buy,2.06667,15.0
2026-09-21,RAIL3,15.41,12.0,18.97333,19.5,23.0,0.2312349123945489,buy,2.06667,15.0
2026-09-22,RAIL3,15.66,12.0,18.97333,19.5,23.0,0.2115791826309068,buy,2.06667,15.0
2026-09-23,RAIL3,15.88,12.0,19.04,19.5,23.0,0.19899244332493682,buy,2.06667,15.0
2026-08-24,RANI3,7.83,10.0,11.75,11.5,14.0,0.5006385696040869,strong_buy,1.5,4.0
2026-08-25,RANI3,7.78,10.0,11.75,11.5,14.0,0.5102827763496143,strong_buy,1.5,4.0
2026-08-27,RANI3,7.7,10.0,11.75,11.5,14.0,0.525974025974026,strong_buy,1.5,4.0
2026-08-28,RANI3,7.72,10.0,11.75,11.5,14.0,0.5220207253886011,strong_buy,1.5,4.0
2026-08-29,RANI3,7.72,10.0,11.75,11.5,14.0,0.5220207253886011,strong_buy,1.5,4.0
2026-08-31,RANI3,7.56,10.0,12.0,12.0,14.0,0.5873015873015874,strong_buy,1.5,4.0
2026-09-01,RANI3,7.6,10.0,12.0,12.0,14.0,0.5789473684210527,strong_buy,1.5,4.0
2026-09-02,RANI3,7.71,10.0,12.0,12.0,14.0,0.556420233463035,strong_buy,1.5,4.0
2026-09-03,RANI3,7.65,10.0,12.0,12.0,14.0,0.5686274509803921,strong_buy,1.5,4.0
2026-09-04,RANI3,7.66,10.0,12.0,12.0,14.0,0.566579634464752,strong_buy,1.5,4.0
2026-09-07,RANI3,7.66,10.0,12.0,12.0,14.0,0.566579634464752,strong_buy,1.5,4.0
2026-09-08,RANI3,7.87,10.0,12.0,12.0,14.0,0.5247776365946633,strong_buy,1.5,4.0
2026-09-09,RANI3,7.81,10.0,12.0,12.0,14.0,0.5364916773367479,strong_buy,1.5,4.0
2026-09-10,RANI3,7.85,10.0,12.0,12.0,14.0,0.5286624203821657,strong_buy,1.5,4.0
2026-09-11,RANI3,7.95,10.0,12.0,12.0,14.0,0.5094339622641508,strong_buy,1.5,4.0
2026-09-14,RANI3,7.97,10.0,12.0,12.0,14.0,0.50564617314931,strong_buy,1.5,4.0
2026-09-15,RANI3,7.96,10.0,12.0,12.0,14.0,0.5075376884422111,strong_buy,1.5,4.0
2026-09-16,RANI3,8.01,10.0,12.0,12.0,14.0,0.4981273408239701,strong_buy,1.5,4.0
2026-09-17,RANI3,8.03,10.0,12.0,12.0,14.0,0.4943960149439603,strong_buy,1.5,4.0
2026-09-18,RANI3,8.05,10.0,12.0,12.0,14.0,0.4906832298136645,strong_buy,1.5,4.0
2026-09-21,RANI3,7.94,10.0,12.0,12.0,14.0,0.5113350125944585,strong_buy,1.5,4.0
2026-09-22,RANI3,7.92,10.0,12.0,12.0,14.0,0.5151515151515151,strong_buy,1.5,4.0
2026-09-23,RANI3,7.95,10.0,12.0,12.0,14.0,0.5094339622641508,strong_buy,1.5,4.0
2026-08-24,RAPT4,4.73,5.0,7.3125,7.0,10.0,0.5459830866807609,buy,2.16667,12.0
2026-08-25,RAPT4,4.81,5.0,7.3125,7.0,10.0,0.5202702702702704,buy,2.16667,12.0
2026-08-27,RAPT4,4.76,5.0,7.3125,7.0,10.0,0.5362394957983194,buy,2.16667,12.0
2026-08-28,RAPT4,4.83,5.0,7.3125,7.0,10.0,0.5139751552795031,buy,2.16667,12.0
2026-08-29,RAPT4,4.83,5.0,7.3125,7.0,10.0,0.5139751552795031,buy,2.16667,12.0
2026-08-31,RAPT4,4.81,5.0,7.3125,7.0,10.0,0.5202702702702704,buy,2.16667,12.0
2026-09-01,RAPT4,5.04,5.0,7.3125,7.0,10.0,0.4508928571428572,buy,2.16667,12.0
2026-09-02,RAPT4,5.13,5.0,7.3125,7.0,10.0,0.4254385964912281,buy,2.16667,12.0
2026-09-03,RAPT4,5.16,5.0,7.3125,7.0,10.0,0.4171511627906976,buy,2.16667,12.0
2026-09-04,RAPT4,4.8,5.0,7.1875,7.0,10.0,0.4973958333333335,buy,2.16667,12.0
2026-09-07,RAPT4,4.8,5.0,7.1875,7.0,10.0,0.4973958333333335,buy,2.16667,12.0
2026-09-08,RAPT4,4.9,5.0,7.1875,7.0,10.0,0.4668367346938775,buy,2.16667,12.0
2026-09-09,RAPT4,4.89,5.0,7.1875,7.0,10.0,0.469836400817996,buy,2.16667,12.0
2026-09-10,RAPT4,5.12,5.0,7.1875,7.0,10.0,0.40380859375,buy,2.16667,12.0
2026-09-11,RAPT4,5.13,5.0,7.1875,7.0,10.0,0.4010721247563353,buy,2.16667,12.0
2026-09-14,RAPT4,5.04,5.0,7.1875,7.0,10.0,0.4260912698412697,buy,2.16667,12.0
2026-09-15,RAPT4,5.09,5.0,7.14583,7.0,10.0,0.4038958742632614,buy,2.16667,12.0
2026-09-16,RAPT4,5.09,5.0,7.14583,7.0,10.0,0.4038958742632614,buy,2.16667,12.0
2026-09-17,RAPT4,4.99,5.0,7.14583,7.0,10.0,0.4320300601202405,buy,2.16667,12.0
2026-09-18,RAPT4,4.93,5.0,7.14583,7.0,10.0,0.4494584178498986,buy,2.16667,12.0
2026-09-21,RAPT4,5.14,5.0,7.14583,7.0,10.0,0.390239299610895,buy,2.16667,12.0
2026-09-22,RAPT4,5.14,5.0,7.14583,7.0,10.0,0.390239299610895,buy,2.16667,12.0
2026-09-23,RAPT4,5.07,5.0,7.14583,7.0,10.0,0.40943392504930953,buy,2.16667,12.0
2026-08-24,RCSL4,0.75,,,,,,none,,
2026-08-25,RCSL4,0.75,,,,,,none,,
2026-08-27,RCSL4,0.57,,,,,,none,,
2026-08-28,RCSL4,0.41,,,,,,none,,
2026-08-29,RCSL4,0.41,,,,,,none,,
2026-08-31,RCSL4,0.39,,,,,,none,,
2026-09-01,RCSL4,0.41,,,,,,none,,
2026-09-02,RCSL4,0.46,,,,,,none,,
2026-09-03,RCSL4,0.43,,,,,,none,,
2026-09-04,RCSL4,0.42,,,,,,none,,
2026-09-07,RCSL4,0.42,,,,,,none,,
2026-09-08,RCSL4,0.42,,,,,,none,,
2026-09-09,RCSL4,0.42,,,,,,none,,
2026-09-10,RCSL4,0.4,,,,,,none,,
2026-09-11,RCSL4,0.4,,,,,,none,,
2026-09-14,RCSL4,0.38,,,,,,none,,
2026-09-15,RCSL4,0.38,,,,,,none,,
2026-09-16,RCSL4,0.39,,,,,,none,,
2026-09-17,RCSL4,0.37,,,,,,none,,
2026-09-18,RCSL4,0.35,,,,,,none,,
2026-09-21,RCSL4,0.32,,,,,,none,,
2026-08-24,RDOR3,34.52,37.7,47.76429,48.0,58.0,0.383670046349942,strong_buy,1.42857,14.0
2026-08-25,RDOR3,36.07,37.7,47.76429,48.0,58.0,0.3242109786526199,strong_buy,1.42857,14.0
2026-08-27,RDOR3,35.3,37.7,47.76429,48.0,58.0,0.3530960339943345,strong_buy,1.42857,14.0
2026-08-28,RDOR3,35.44,37.7,47.76429,48.0,58.0,0.3477508465011287,strong_buy,1.42857,14.0
2026-08-29,RDOR3,35.44,37.7,47.76429,48.0,58.0,0.3477508465011287,strong_buy,1.42857,14.0
2026-08-31,RDOR3,35.18,37.7,47.76429,48.0,58.0,0.3577114837976123,strong_buy,1.42857,14.0
2026-09-01,RDOR3,35.68,37.7,47.76429,48.0,58.0,0.3386852578475336,strong_buy,1.42857,14.0
2026-09-02,RDOR3,37.13,37.7,47.76429,48.0,58.0,0.2864069485591165,strong_buy,1.42857,14.0
2026-09-03,RDOR3,37.39,37.7,47.76429,48.0,58.0,0.2774616207542124,strong_buy,1.42857,14.0
2026-09-04,RDOR3,37.13,37.7,47.76429,48.0,58.0,0.2864069485591165,strong_buy,1.42857,14.0
2026-09-07,RDOR3,37.13,37.7,47.76429,48.0,58.0,0.2864069485591165,strong_buy,1.42857,14.0
2026-09-08,RDOR3,37.46,37.7,47.76429,48.0,58.0,0.275074479444741,strong_buy,1.42857,14.0
2026-09-09,RDOR3,36.93,37.7,48.12143,49.0,58.0,0.3030444083401027,strong_buy,1.42857,14.0
2026-09-10,RDOR3,38.06,37.7,48.12143,49.0,58.0,0.2643570677877034,strong_buy,1.42857,14.0
2026-09-11,RDOR3,37.61,37.7,48.62143,49.0,58.0,0.2927793140122308,strong_buy,1.42857,14.0
2026-09-14,RDOR3,37.05,37.7,48.62143,49.0,58.0,0.312319298245614,strong_buy,1.42857,14.0
2026-09-15,RDOR3,36.94,37.7,48.62143,49.0,58.0,0.3162271250676773,strong_buy,1.42857,14.0
2026-09-16,RDOR3,37.28,37.7,48.62143,49.0,58.0,0.3042229077253218,strong_buy,1.42857,14.0
2026-09-17,RDOR3,37.13,37.7,48.62143,49.0,58.0,0.3094917856180983,strong_buy,1.42857,14.0
2026-09-18,RDOR3,37.23,37.7,48.62143,49.0,58.0,0.3059744829438624,strong_buy,1.42857,14.0
2026-09-21,RDOR3,38.12,37.7,48.83571,49.0,58.0,0.2811046694648478,strong_buy,1.42857,14.0
2026-09-22,RDOR3,38.41,37.7,48.83571,49.0,58.0,0.2714321791200209,strong_buy,1.42857,14.0
2026-09-23,RDOR3,38.1,37.7,48.83571,49.0,58.0,0.2817771653543306,strong_buy,1.42857,14.0
2026-08-24,RECV3,10.51,8.5,11.92308,12.0,13.5,0.1344509990485252,hold,3.15385,13.0
2026-08-25,RECV3,10.59,8.5,11.92308,12.0,13.5,0.1258810198300284,hold,3.15385,13.0
2026-08-27,RECV3,10.37,8.5,11.92308,12.0,13.5,0.1497666345226616,hold,3.15385,13.0
2026-08-28,RECV3,10.63,7.3,11.83077,12.0,13.5,0.1129604891815614,hold,3.15385,13.0
2026-08-29,RECV3,10.63,7.3,11.83077,12.0,13.5,0.1129604891815614,hold,3.15385,13.0
2026-08-31,RECV3,10.89,7.3,11.75385,12.0,13.5,0.0793250688705233,hold,3.15385,13.0
2026-09-01,RECV3,11.32,7.3,11.75385,12.0,13.5,0.0383259717314488,hold,3.15385,13.0
2026-09-02,RECV3,11.54,7.3,11.75385,12.0,13.5,0.0185311958405547,hold,3.15385,13.0
2026-09-03,RECV3,11.44,7.3,11.75385,12.0,13.5,0.0274344405594406,hold,3.15385,13.0
2026-09-04,RECV3,11.16,7.3,11.75385,12.0,13.5,0.0532123655913978,hold,3.15385,13.0
2026-09-07,RECV3,11.16,7.3,11.75385,12.0,13.5,0.0532123655913978,hold,3.15385,13.0
2026-09-08,RECV3,11.25,7.3,11.75385,12.0,13.5,0.0447866666666667,hold,3.15385,13.0
2026-09-09,RECV3,11.42,7.3,11.75385,12.0,13.5,0.0292338003502627,hold,3.15385,13.0
2026-09-10,RECV3,11.71,7.3,11.75385,12.0,13.5,0.0037446626814687,hold,3.15385,13.0
2026-09-11,RECV3,11.36,7.3,11.75385,12.0,13.5,0.0346698943661971,hold,3.15385,13.0
2026-09-14,RECV3,11.37,7.3,11.75385,12.0,13.5,0.0337598944591028,hold,3.15385,13.0
2026-09-15,RECV3,11.37,7.3,11.75385,12.0,13.5,0.0337598944591028,hold,3.15385,13.0
2026-09-16,RECV3,11.04,7.3,11.75385,12.0,13.5,0.0646603260869564,hold,3.15385,13.0
2026-09-17,RECV3,11.22,7.3,11.75385,12.0,13.5,0.0475802139037433,hold,3.15385,13.0
2026-09-18,RECV3,11.02,7.3,11.75385,12.0,13.5,0.066592558983666,hold,3.15385,13.0
2026-09-21,RECV3,10.85,7.3,11.75385,12.0,13.5,0.0833041474654379,hold,3.15385,13.0
2026-09-22,RECV3,10.94,7.3,11.75385,12.0,13.5,0.0743921389396709,hold,3.15385,13.0
2026-09-23,RECV3,10.9,7.3,11.75385,12.0,13.5,0.07833486238532106,hold,3.15385,13.0
2026-08-24,RENT3,33.7,37.5,55.09333,55.0,70.0,0.6348169139465873,buy,1.6,15.0
2026-08-25,RENT3,35.65,37.5,54.89333,55.0,70.0,0.5397848527349229,buy,1.6,15.0
2026-08-27,RENT3,35.4,37.5,54.89333,55.0,70.0,0.5506590395480226,buy,1.6,15.0
2026-08-28,RENT3,34.81,37.5,54.89333,55.0,70.0,0.5769413961505314,buy,1.6,15.0
2026-08-29,RENT3,34.81,37.5,54.89333,55.0,70.0,0.5769413961505314,buy,1.6,15.0
2026-08-31,RENT3,35.07,37.5,54.89333,55.0,70.0,0.5652503564299971,buy,1.6,15.0
2026-09-01,RENT3,34.64,37.5,54.89333,55.0,70.0,0.5846804272517321,buy,1.6,15.0
2026-09-02,RENT3,36.36,37.5,54.40667,55.0,70.0,0.4963330583058305,buy,1.6,15.0
2026-09-03,RENT3,36.75,37.5,54.40667,55.0,70.0,0.4804536054421768,buy,1.6,15.0
2026-09-04,RENT3,36.64,37.5,54.47333,55.0,68.0,0.4867175218340611,buy,1.6,15.0
2026-09-07,RENT3,36.64,37.5,54.47333,55.0,68.0,0.4867175218340611,buy,1.6,15.0
2026-09-08,RENT3,36.85,37.5,54.47333,55.0,68.0,0.4782450474898234,buy,1.6,15.0
2026-09-09,RENT3,35.72,37.5,54.47333,55.0,68.0,0.5250092385218366,buy,1.6,15.0
2026-09-10,RENT3,36.81,37.5,54.47333,55.0,68.0,0.4798513990763378,buy,1.6,15.0
2026-09-11,RENT3,35.8,37.5,54.47333,55.0,68.0,0.5216013966480448,buy,1.6,15.0
2026-09-14,RENT3,35.59,37.5,54.47333,55.0,68.0,0.5305796572070804,buy,1.6,15.0
2026-09-15,RENT3,35.68,37.5,54.47333,55.0,68.0,0.526718890134529,buy,1.6,15.0
2026-09-16,RENT3,36.44,37.5,54.47333,55.0,68.0,0.4948773326015367,buy,1.6,15.0
2026-09-17,RENT3,36.7,37.5,54.47333,55.0,68.0,0.4842869209809262,buy,1.6,15.0
2026-09-18,RENT3,36.2,37.5,54.47333,55.0,68.0,0.5047881215469612,buy,1.6,15.0
2026-09-21,RENT3,37.44,37.5,54.47333,55.0,68.0,0.4549500534188033,buy,1.6,15.0
2026-09-22,RENT3,37.9,37.5,54.47333,55.0,68.0,0.4372910290237466,buy,1.6,15.0
2026-09-23,RENT3,38.15,37.5,54.14,51.0,68.0,0.4191349934469202,buy,1.6,15.0
2026-08-24,RIAA3,6.82,10.5,12.6,12.75,14.0,0.847507331378299,strong_buy,1.3,10.0
2026-08-25,RIAA3,7.05,10.5,12.6,12.75,14.0,0.7872340425531914,strong_buy,1.3,10.0
2026-08-27,RIAA3,6.91,10.5,12.6,12.75,14.0,0.8234442836468885,strong_buy,1.3,10.0
2026-08-28,RIAA3,6.93,10.5,12.6,12.75,14.0,0.8181818181818181,none,,10.0
2026-08-29,RIAA3,6.93,10.5,12.6,12.75,14.0,0.8181818181818181,none,,10.0
2026-08-31,RIAA3,7.03,10.5,12.6,12.75,14.0,0.7923186344238975,none,,10.0
2026-09-01,RIAA3,7.24,10.5,12.6,12.75,14.0,0.7403314917127071,none,,10.0
2026-09-02,RIAA3,7.38,10.5,12.6,12.75,14.0,0.7073170731707317,none,,10.0
2026-09-03,RIAA3,7.35,10.5,12.6,12.75,14.0,0.7142857142857144,none,,10.0
2026-09-04,RIAA3,7.16,10.0,12.25,12.25,14.0,0.7108938547486032,strong_buy,1.3,10.0
2026-09-07,RIAA3,7.16,10.0,12.25,12.25,14.0,0.7108938547486032,strong_buy,1.3,10.0
2026-09-08,RIAA3,7.44,10.0,12.25,12.25,14.0,0.646505376344086,strong_buy,1.3,10.0
2026-09-09,RIAA3,7.1,10.0,12.25,12.25,14.0,0.7253521126760565,strong_buy,1.3,10.0
2026-09-10,RIAA3,7.32,10.0,12.25,12.25,14.0,0.6734972677595628,strong_buy,1.3,10.0
2026-09-11,RIAA3,7.09,10.0,12.05556,12.0,14.0,0.700361071932299,strong_buy,1.3,9.0
2026-09-14,RIAA3,7.05,10.0,12.05556,12.0,14.0,0.7100085106382978,strong_buy,1.3,9.0
2026-09-15,RIAA3,6.98,10.0,12.05556,12.0,14.0,0.727157593123209,none,,9.0
2026-09-16,RIAA3,7.09,10.0,12.05556,12.0,14.0,0.700361071932299,none,,9.0
2026-09-17,RIAA3,6.8,10.0,12.05556,12.0,14.0,0.7728764705882354,none,,9.0
2026-09-18,RIAA3,6.86,10.0,12.05556,12.0,14.0,0.7573702623906704,none,,9.0
2026-09-21,RIAA3,6.99,10.0,12.05556,12.0,14.0,0.7246866952789699,none,,9.0
2026-09-22,RIAA3,7.26,10.0,12.25,12.25,14.0,0.6873278236914602,none,,10.0
2026-09-23,RIAA3,6.94,10.0,12.25,12.25,14.0,0.7651296829971181,none,,10.0
2026-08-24,SANB11,29.65,27.0,33.43,33.0,44.0,0.127487352445194,none,,10.0
2026-08-25,SANB11,29.69,27.0,33.43,33.0,44.0,0.1259683395082518,none,,10.0
2026-08-27,SANB11,29.73,27.0,33.43,33.0,44.0,0.124453414059872,hold,2.63636,10.0
2026-08-28,SANB11,30.01,27.0,33.43,33.0,44.0,0.1139620126624458,hold,2.63636,10.0
2026-08-29,SANB11,30.01,27.0,33.43,33.0,44.0,0.1139620126624458,hold,2.63636,10.0
2026-08-31,SANB11,29.56,27.0,33.43,33.0,44.0,0.1309201623815967,hold,2.63636,10.0
2026-09-01,SANB11,29.34,27.0,33.43,33.0,44.0,0.1394001363326515,hold,2.63636,10.0
2026-09-02,SANB11,29.92,27.0,33.43,33.0,44.0,0.1173128342245988,hold,2.63636,10.0
2026-09-03,SANB11,30.44,27.0,33.43,33.0,44.0,0.0982260183968462,hold,2.63636,10.0
2026-09-04,SANB11,30.43,27.0,33.36667,32.0,44.0,0.0965057509037135,hold,2.63636,9.0
2026-09-07,SANB11,30.43,27.0,33.36667,32.0,44.0,0.0965057509037135,hold,2.63636,9.0
2026-09-08,SANB11,30.39,27.0,33.36667,32.0,44.0,0.0979489963803883,hold,2.63636,9.0
2026-09-09,SANB11,29.96,27.0,33.36667,32.0,44.0,0.1137072763684912,hold,2.63636,9.0
2026-09-10,SANB11,29.92,27.0,33.36667,32.0,44.0,0.1151961898395721,hold,2.63636,9.0
2026-09-11,SANB11,30.62,27.0,33.36667,32.0,44.0,0.0897018288700195,none,,9.0
2026-09-14,SANB11,30.37,27.0,33.36667,32.0,44.0,0.0986720447810338,none,,9.0
2026-09-15,SANB11,30.07,27.0,32.81111,31.0,44.0,0.091157632191553,hold,2.81818,9.0
2026-09-16,SANB11,29.78,27.0,32.81111,31.0,44.0,0.101783411685695,hold,2.81818,9.0
2026-09-17,SANB11,30.53,27.0,32.81111,31.0,44.0,0.0747169996724532,hold,2.81818,9.0
2026-09-18,SANB11,29.47,27.0,31.81111,31.0,44.0,0.0794404479131321,hold,2.81818,9.0
2026-09-21,SANB11,29.92,27.0,31.81111,31.0,44.0,0.0632055481283422,hold,2.81818,9.0
2026-09-22,SANB11,29.74,27.0,31.51111,31.0,44.0,0.0595531271015468,hold,2.81818,9.0
2026-09-23,SANB11,29.45,27.0,31.51111,31.0,44.0,0.06998675721561964,hold,2.81818,9.0
2026-08-24,SAPR11,33.2,33.45,41.88455,42.5,50.88,0.261582831325301,hold,3.27273,11.0
2026-08-25,SAPR11,33.65,33.45,41.88455,42.5,50.88,0.2447117384843982,hold,3.27273,11.0
2026-08-27,SAPR11,33.26,33.45,41.88455,42.5,50.88,0.2593069753457606,hold,3.27273,11.0
2026-08-28,SAPR11,33.2,33.45,41.88455,42.5,50.88,0.261582831325301,hold,3.27273,11.0
2026-08-29,SAPR11,33.2,33.45,41.88455,42.5,50.88,0.261582831325301,hold,3.27273,11.0
2026-08-31,SAPR11,33.52,33.45,41.88455,42.5,50.88,0.2495390811455844,none,,11.0
2026-09-01,SAPR11,33.64,33.45,41.88455,42.5,50.88,0.2450817479191438,none,,11.0
2026-09-02,SAPR11,34.99,33.45,41.88455,42.5,50.88,0.1970434409831378,none,,11.0
2026-09-03,SAPR11,35.51,33.45,41.61182,41.0,50.88,0.1718338496198255,hold,3.27273,11.0
2026-09-04,SAPR11,34.95,33.45,41.61182,41.0,50.88,0.1906100143061515,hold,3.27273,11.0
2026-09-07,SAPR11,34.95,33.45,41.61182,41.0,50.88,0.1906100143061515,hold,3.27273,11.0
2026-09-08,SAPR11,36.21,33.45,41.61182,41.0,50.88,0.1491803369235018,hold,3.27273,11.0
2026-09-09,SAPR11,35.08,33.45,41.61182,41.0,50.88,0.1861978335233751,hold,3.27273,11.0
2026-09-10,SAPR11,35.81,33.45,41.61182,41.0,50.88,0.1620167550963418,hold,3.27273,11.0
2026-09-11,SAPR11,34.56,33.45,41.61182,41.0,50.88,0.2040457175925925,hold,3.27273,11.0
2026-09-14,SAPR11,34.74,33.45,41.61182,41.0,50.88,0.1978071387449624,hold,3.27273,11.0
2026-09-15,SAPR11,34.35,33.45,41.60273,41.0,50.88,0.2111420669577874,hold,3.45455,11.0
2026-09-16,SAPR11,34.1,33.45,41.60273,41.0,50.88,0.2200214076246334,hold,3.45455,11.0
2026-09-17,SAPR11,34.11,33.45,41.60273,41.0,50.88,0.2196637349750807,hold,3.45455,11.0
2026-09-18,SAPR11,34.51,33.45,41.60273,41.0,50.88,0.2055268038249784,hold,3.45455,11.0
2026-09-21,SAPR11,35.35,33.45,41.60273,41.0,50.88,0.1768806223479491,hold,3.45455,11.0
2026-09-22,SAPR11,34.81,33.45,41.60273,41.0,50.88,0.1951373168629704,hold,3.45455,11.0
2026-09-23,SAPR11,34.04,33.45,41.60273,41.0,50.88,0.2221718566392481,hold,3.45455,11.0
2026-08-24,SAUD3,13.93,13.1,17.68889,18.0,20.0,0.2698413496051688,buy,1.55556,9.0
2026-08-25,SAUD3,13.9,13.1,17.68889,18.0,20.0,0.2725820143884891,buy,1.55556,9.0
2026-08-27,SAUD3,14.0,13.1,17.68889,18.0,20.0,0.2634921428571428,buy,1.55556,9.0
2026-08-28,SAUD3,14.03,13.1,17.74444,18.0,20.0,0.2647498218104063,buy,1.55556,9.0
2026-08-29,SAUD3,14.03,13.1,17.74444,18.0,20.0,0.2647498218104063,buy,1.55556,9.0
2026-08-31,SAUD3,13.87,13.1,17.74444,18.0,20.0,0.2793395818312907,buy,1.55556,9.0
2026-09-01,SAUD3,13.95,13.1,17.74444,18.0,20.0,0.2720028673835126,buy,1.55556,9.0
2026-09-02,SAUD3,14.58,13.1,17.87,18.5,20.0,0.2256515775034293,strong_buy,1.5,10.0
2026-09-03,SAUD3,14.82,13.1,17.87,18.5,20.0,0.2058029689608638,strong_buy,1.5,10.0
2026-09-04,SAUD3,14.69,13.1,17.77,18.5,19.6,0.2096664397549352,strong_buy,1.5,10.0
2026-09-07,SAUD3,14.69,13.1,17.77,18.5,19.6,0.2096664397549352,strong_buy,1.5,10.0
2026-09-08,SAUD3,14.91,13.1,17.77,18.5,19.6,0.1918175720992621,strong_buy,1.5,10.0
2026-09-09,SAUD3,14.6,13.1,17.77,18.5,19.6,0.2171232876712328,strong_buy,1.5,10.0
2026-09-10,SAUD3,15.5,13.1,17.77,18.5,19.6,0.1464516129032258,strong_buy,1.5,10.0
2026-09-11,SAUD3,15.38,13.1,17.77,18.5,19.6,0.1553966189856956,strong_buy,1.5,10.0
2026-09-14,SAUD3,15.02,13.1,17.77,18.5,19.6,0.1830892143808256,strong_buy,1.5,10.0
2026-09-15,SAUD3,14.44,13.1,17.88182,19.0,19.6,0.238353185595568,strong_buy,1.45455,11.0
2026-09-16,SAUD3,14.64,13.1,17.88182,19.0,19.6,0.2214357923497267,strong_buy,1.45455,11.0
2026-09-17,SAUD3,14.74,13.1,17.88182,19.0,19.6,0.2131492537313433,strong_buy,1.45455,11.0
2026-09-18,SAUD3,14.53,13.1,17.88182,19.0,19.6,0.2306827253957331,strong_buy,1.45455,11.0
2026-09-21,SAUD3,14.38,13.1,17.975,19.0,19.6,0.25,strong_buy,1.41667,12.0
2026-09-22,SAUD3,14.23,13.1,17.975,19.0,19.6,0.2631763879128601,strong_buy,1.41667,12.0
2026-09-23,SAUD3,14.1,13.1,17.975,19.0,19.6,0.2748226950354611,strong_buy,1.41667,12.0
2026-08-24,SBFG3,8.18,14.0,16.11111,16.0,20.0,0.969573349633252,strong_buy,1.44444,9.0
2026-08-25,SBFG3,8.51,14.0,16.11111,16.0,20.0,0.8931974148061106,strong_buy,1.44444,9.0
2026-08-27,SBFG3,8.31,14.0,16.11111,16.0,20.0,0.9387617328519856,strong_buy,1.44444,9.0
2026-08-28,SBFG3,8.34,14.0,16.11111,16.0,20.0,0.9317877697841728,strong_buy,1.44444,9.0
2026-08-29,SBFG3,8.34,14.0,16.11111,16.0,20.0,0.9317877697841728,strong_buy,1.44444,9.0
2026-08-31,SBFG3,8.23,14.0,16.11111,16.0,20.0,0.9576075334143376,strong_buy,1.44444,9.0
2026-09-01,SBFG3,8.62,14.0,16.11111,16.0,20.0,0.8690382830626451,strong_buy,1.44444,9.0
2026-09-02,SBFG3,8.93,14.0,16.11111,16.0,20.0,0.8041556550951849,strong_buy,1.44444,9.0
2026-09-03,SBFG3,8.99,14.0,16.11111,16.0,20.0,0.7921145717463849,strong_buy,1.44444,9.0
2026-09-04,SBFG3,9.04,14.0,16.11111,16.0,20.0,0.7822024336283186,strong_buy,1.44444,9.0
2026-09-07,SBFG3,9.04,14.0,16.11111,16.0,20.0,0.7822024336283186,strong_buy,1.44444,9.0
2026-09-08,SBFG3,8.95,14.0,16.11111,16.0,20.0,0.8001240223463688,strong_buy,1.44444,9.0
2026-09-09,SBFG3,8.76,14.0,16.11111,16.0,20.0,0.839167808219178,strong_buy,1.44444,9.0
2026-09-10,SBFG3,9.11,14.0,16.11111,16.0,20.0,0.7685082327113064,strong_buy,1.44444,9.0
2026-09-11,SBFG3,8.92,14.0,16.11111,16.0,20.0,0.8061782511210762,none,,9.0
2026-09-14,SBFG3,8.74,14.0,16.11111,16.0,20.0,0.8433764302059497,none,,9.0
2026-09-15,SBFG3,8.6,14.0,16.11111,16.0,20.0,0.8733848837209304,none,,9.0
2026-09-16,SBFG3,8.6,14.0,16.11111,16.0,20.0,0.8733848837209304,none,,9.0
2026-09-17,SBFG3,8.08,14.0,16.11111,16.0,20.0,0.9939492574257424,none,,9.0
2026-09-18,SBFG3,8.08,14.0,15.88889,16.0,20.0,0.966446782178218,strong_buy,1.44444,9.0
2026-09-21,SBFG3,8.55,14.0,15.88889,16.0,20.0,0.858349707602339,strong_buy,1.44444,9.0
2026-09-22,SBFG3,8.6,14.0,15.88889,16.0,20.0,0.8475453488372093,strong_buy,1.44444,9.0
2026-09-23,SBFG3,8.44,14.0,15.88889,16.0,20.0,0.8825699052132703,strong_buy,1.44444,9.0
2026-08-24,SBSP3,23.86,23.8,34.24133,34.0,40.0,0.4350934618608548,buy,1.5625,15.0
2026-08-25,SBSP3,24.69,23.8,34.24133,34.0,40.0,0.3868501417577965,buy,1.5625,15.0
2026-08-27,SBSP3,25.06,23.8,34.24133,34.0,40.0,0.3663739026336792,buy,1.5625,15.0
2026-08-28,SBSP3,25.24,23.8,34.24133,34.0,40.0,0.3566295562599049,buy,1.5625,15.0
2026-08-29,SBSP3,25.24,23.8,34.24133,34.0,40.0,0.3566295562599049,buy,1.5625,15.0
2026-08-31,SBSP3,25.28,23.8,34.24133,34.0,40.0,0.3544829905063289,buy,1.5625,15.0
2026-09-01,SBSP3,25.1,23.8,34.24133,34.0,40.0,0.3641964143426293,buy,1.5625,15.0
2026-09-02,SBSP3,26.15,23.8,34.24133,34.0,40.0,0.3094198852772467,buy,1.5625,15.0
2026-09-03,SBSP3,26.25,23.8,34.24133,34.0,40.0,0.304431619047619,buy,1.5625,15.0
2026-09-04,SBSP3,26.53,23.8,34.14133,34.0,40.0,0.286895212966453,buy,1.5625,15.0
2026-09-07,SBSP3,26.53,23.8,34.14133,34.0,40.0,0.286895212966453,buy,1.5625,15.0
2026-09-08,SBSP3,26.83,23.8,34.17467,34.0,40.0,0.2737484159522922,buy,1.5625,15.0
2026-09-09,SBSP3,26.7,23.8,34.17467,34.0,40.0,0.2799501872659176,buy,1.5625,15.0
2026-09-10,SBSP3,27.29,23.8,34.17467,34.0,40.0,0.2522781238548919,buy,1.5625,15.0
2026-09-11,SBSP3,27.04,23.8,34.108,34.0,40.0,0.2613905325443786,buy,1.5625,15.0
2026-09-14,SBSP3,26.84,23.8,34.108,34.0,40.0,0.270789865871833,buy,1.5625,15.0
2026-09-15,SBSP3,26.93,23.8,34.108,34.0,40.0,0.2665428889714072,buy,1.5625,15.0
2026-09-16,SBSP3,27.09,23.8,34.108,34.0,40.0,0.2590623846437798,buy,1.5625,15.0
2026-09-17,SBSP3,27.03,23.8,34.108,34.0,40.0,0.2618571957084719,buy,1.5625,15.0
2026-09-18,SBSP3,27.31,23.8,34.108,34.0,40.0,0.2489198095935554,buy,1.5625,15.0
2026-09-21,SBSP3,27.94,23.8,34.22625,34.5,40.0,0.2249910522548317,buy,1.5625,16.0
2026-09-22,SBSP3,27.56,23.8,34.22625,34.5,40.0,0.2418813497822931,buy,1.5625,16.0
2026-09-23,SBSP3,26.79,23.8,34.22625,34.5,40.0,0.2775755879059352,buy,1.5625,16.0
2026-08-24,SEER3,11.75,12.8,16.32857,16.0,20.5,0.3896655319148936,buy,1.85714,7.0
2026-08-25,SEER3,12.03,12.8,16.32857,16.0,20.5,0.3573208645054031,buy,1.85714,7.0
2026-08-27,SEER3,11.81,12.8,16.32857,16.0,20.5,0.382605419136325,buy,1.85714,7.0
2026-08-28,SEER3,12.17,12.8,16.32857,16.0,20.5,0.3417066557107642,buy,1.85714,7.0
2026-08-29,SEER3,12.17,12.8,16.32857,16.0,20.5,0.3417066557107642,buy,1.85714,7.0
2026-08-31,SEER3,12.54,12.8,16.32857,16.0,20.5,0.3021188197767146,none,,7.0
2026-09-01,SEER3,13.21,12.8,16.32857,16.0,20.5,0.2360764572293716,none,,7.0
2026-09-02,SEER3,13.64,12.8,16.32857,16.0,20.5,0.1971092375366567,none,,7.0
2026-09-03,SEER3,13.36,12.8,16.68571,16.0,23.0,0.2489303892215568,buy,1.85714,7.0
2026-09-04,SEER3,13.52,12.8,17.11429,16.0,23.0,0.265849852071006,buy,1.85714,7.0
2026-09-07,SEER3,13.52,12.8,17.11429,16.0,23.0,0.265849852071006,buy,1.85714,7.0
2026-09-08,SEER3,14.04,12.8,17.11429,16.0,23.0,0.2189665242165244,buy,1.85714,7.0
2026-09-09,SEER3,13.67,12.8,17.11429,16.0,23.0,0.2519597659107535,buy,1.85714,7.0
2026-09-10,SEER3,14.1,12.8,17.11429,16.0,23.0,0.2137794326241135,buy,1.85714,7.0
2026-09-11,SEER3,13.78,12.8,17.11429,16.0,23.0,0.2419658925979682,buy,1.85714,7.0
2026-09-14,SEER3,13.87,12.8,17.11429,16.0,23.0,0.2339069935111752,buy,1.85714,7.0
2026-09-15,SEER3,14.04,12.8,17.11429,16.0,23.0,0.2189665242165244,buy,1.85714,7.0
2026-09-16,SEER3,14.05,12.8,17.11429,16.0,23.0,0.2180989323843416,buy,1.85714,7.0
2026-09-17,SEER3,13.94,12.8,17.11429,16.0,23.0,0.2277109038737446,buy,1.85714,7.0
2026-09-18,SEER3,13.82,12.8,17.11429,16.0,23.0,0.2383712011577423,none,,7.0
2026-09-21,SEER3,13.93,12.8,17.11429,16.0,23.0,0.2285922469490309,none,,7.0
2026-09-22,SEER3,14.27,12.8,17.11429,16.0,23.0,0.1993195515066574,none,,7.0
2026-09-23,SEER3,14.0,12.8,17.11429,16.0,23.0,0.22244928571428568,none,,7.0
2026-08-24,SIMH3,6.24,8.5,13.67778,12.0,22.0,1.1919519230769229,buy,2.11111,9.0
2026-08-25,SIMH3,6.56,8.5,13.67778,12.0,22.0,1.0850274390243904,buy,2.11111,9.0
2026-08-27,SIMH3,6.46,8.5,13.67778,12.0,22.0,1.1173034055727555,buy,2.11111,9.0
2026-08-28,SIMH3,6.54,8.5,13.67778,12.0,22.0,1.0914036697247709,buy,2.11111,9.0
2026-08-29,SIMH3,6.54,8.5,13.67778,12.0,22.0,1.0914036697247709,buy,2.11111,9.0
2026-08-31,SIMH3,6.6,8.5,13.67778,12.0,22.0,1.0723909090909092,buy,2.11111,9.0
2026-09-01,SIMH3,6.89,8.5,13.67778,12.0,22.0,0.9851640058055152,buy,2.11111,9.0
2026-09-02,SIMH3,7.53,8.5,13.67778,12.0,22.0,0.8164382470119522,buy,2.11111,9.0
2026-09-03,SIMH3,7.5,8.5,13.51111,12.0,22.0,0.8014813333333335,buy,2.11111,9.0
2026-09-04,SIMH3,7.72,8.5,13.51111,12.0,22.0,0.7501437823834198,buy,2.11111,9.0
2026-09-07,SIMH3,7.72,8.5,13.51111,12.0,22.0,0.7501437823834198,buy,2.11111,9.0
2026-09-08,SIMH3,8.33,8.5,13.51111,12.0,22.0,0.6219819927971189,buy,2.11111,9.0
2026-09-09,SIMH3,7.65,8.5,13.51111,12.0,22.0,0.7661581699346405,buy,2.11111,9.0
2026-09-10,SIMH3,7.89,8.5,13.51111,12.0,22.0,0.7124347275031686,buy,2.11111,9.0
2026-09-11,SIMH3,7.59,8.5,13.51111,12.0,22.0,0.7801198945981556,buy,2.11111,9.0
2026-09-14,SIMH3,7.52,8.5,13.51111,12.0,22.0,0.7966901595744682,buy,2.11111,9.0
2026-09-15,SIMH3,7.5,8.5,13.51111,12.0,22.0,0.8014813333333335,none,,9.0
2026-09-16,SIMH3,7.63,8.5,13.51111,12.0,22.0,0.7707876802096987,none,,9.0
2026-09-17,SIMH3,7.41,8.5,13.51111,12.0,22.0,0.823361673414305,none,,9.0
2026-09-18,SIMH3,7.63,8.5,13.51111,12.0,22.0,0.7707876802096987,none,,9.0
2026-09-21,SIMH3,8.27,8.5,13.51111,12.0,22.0,0.6337496977025394,buy,2.11111,9.0
2026-09-22,SIMH3,8.02,8.5,13.51111,12.0,22.0,0.6846770573566086,buy,2.11111,9.0
2026-09-23,SIMH3,8.05,8.5,13.51111,12.0,22.0,0.678398757763975,buy,2.11111,9.0
2026-08-24,SLCE3,15.74,14.5,17.80909,17.0,23.0,0.1314542566709022,hold,2.90909,11.0
2026-08-25,SLCE3,15.91,14.5,17.80909,17.0,23.0,0.1193645505971088,hold,2.90909,11.0
2026-08-27,SLCE3,16.29,14.5,17.80909,17.0,23.0,0.0932529158993249,hold,2.90909,11.0
2026-08-28,SLCE3,15.77,14.5,17.80909,17.0,23.0,0.1293018389346862,hold,2.90909,11.0
2026-08-29,SLCE3,15.77,14.5,17.80909,17.0,23.0,0.1293018389346862,hold,2.90909,11.0
2026-08-31,SLCE3,16.07,14.5,17.80909,17.0,23.0,0.1082196639701307,hold,2.90909,11.0
2026-09-01,SLCE3,16.31,14.5,17.80909,17.0,23.0,0.0919123237277745,hold,2.90909,11.0
2026-09-02,SLCE3,16.38,14.5,17.80909,17.0,23.0,0.0872460317460319,hold,2.90909,11.0
2026-09-03,SLCE3,16.49,14.5,17.80909,17.0,23.0,0.0799933292904793,hold,2.90909,11.0
2026-09-04,SLCE3,16.41,14.5,17.80909,17.0,23.0,0.0852583790371726,none,,11.0
2026-09-07,SLCE3,16.41,14.5,17.80909,17.0,23.0,0.0852583790371726,none,,11.0
2026-09-08,SLCE3,16.85,14.5,17.80909,17.0,23.0,0.0569192878338278,none,,11.0
2026-09-09,SLCE3,17.88,14.5,17.80909,17.0,23.0,-0.0039658836689037,none,,11.0
2026-09-10,SLCE3,18.43,14.5,18.26364,17.0,23.0,-0.0090265870862724,hold,2.81818,11.0
2026-09-11,SLCE3,17.94,14.5,18.26364,17.0,23.0,0.0180401337792641,hold,2.81818,11.0
2026-09-14,SLCE3,17.35,14.5,18.26364,17.0,23.0,0.0526593659942362,hold,2.81818,11.0
2026-09-15,SLCE3,17.97,14.5,18.26364,17.0,23.0,0.0163405676126877,hold,2.81818,11.0
2026-09-16,SLCE3,17.75,14.5,18.26364,17.0,23.0,0.0289374647887323,hold,2.81818,11.0
2026-09-17,SLCE3,17.96,14.5,18.58182,18.0,23.0,0.0346224944320712,hold,2.81818,11.0
2026-09-18,SLCE3,17.68,14.5,18.78333,18.5,23.0,0.0624055429864254,hold,2.83333,12.0
2026-09-21,SLCE3,17.56,14.5,18.78333,18.5,23.0,0.0696657175398633,hold,2.83333,12.0
2026-09-22,SLCE3,17.99,14.5,18.78333,18.5,23.0,0.0440983879933296,hold,2.83333,12.0
2026-09-23,SLCE3,17.62,14.5,18.78333,18.5,23.0,0.06602326901248579,hold,2.83333,12.0
2026-08-24,SMFT3,17.6,25.0,31.34615,32.0,38.0,0.7810312499999998,strong_buy,1.30769,13.0
2026-08-25,SMFT3,17.45,25.0,31.34615,32.0,38.0,0.7963409742120346,strong_buy,1.30769,13.0
2026-08-27,SMFT3,17.3,25.0,31.34615,32.0,38.0,0.8119161849710983,strong_buy,1.30769,13.0
2026-08-28,SMFT3,16.82,25.0,31.34615,32.0,38.0,0.8636236623067777,strong_buy,1.30769,13.0
2026-08-29,SMFT3,16.82,25.0,31.34615,32.0,38.0,0.8636236623067777,strong_buy,1.30769,13.0
2026-08-31,SMFT3,16.81,25.0,31.34615,32.0,38.0,0.8647323022010711,strong_buy,1.30769,13.0
2026-09-01,SMFT3,17.22,25.0,31.34615,32.0,38.0,0.8203339140534265,strong_buy,1.30769,13.0
2026-09-02,SMFT3,17.72,25.0,31.11538,32.0,38.0,0.7559469525959368,strong_buy,1.30769,13.0
2026-09-03,SMFT3,17.74,25.0,31.11538,32.0,38.0,0.7539673055242391,strong_buy,1.30769,13.0
2026-09-04,SMFT3,17.97,25.0,31.26923,32.0,38.0,0.7400795770728994,strong_buy,1.30769,13.0
2026-09-07,SMFT3,17.97,25.0,31.26923,32.0,38.0,0.7400795770728994,strong_buy,1.30769,13.0
2026-09-08,SMFT3,17.95,25.0,31.26923,32.0,38.0,0.7420183844011143,strong_buy,1.30769,13.0
2026-09-09,SMFT3,17.65,25.0,31.26923,32.0,38.0,0.7716277620396603,strong_buy,1.30769,13.0
2026-09-10,SMFT3,17.79,25.0,31.26923,32.0,38.0,0.7576857785272626,strong_buy,1.30769,13.0
2026-09-11,SMFT3,17.35,25.0,31.26923,32.0,38.0,0.8022610951008644,strong_buy,1.30769,13.0
2026-09-14,SMFT3,17.09,25.0,31.26923,32.0,38.0,0.8296799297834991,strong_buy,1.30769,13.0
2026-09-15,SMFT3,17.1,25.0,31.26923,32.0,38.0,0.8286099415204677,strong_buy,1.30769,13.0
2026-09-16,SMFT3,17.12,25.0,31.26923,32.0,38.0,0.826473714953271,strong_buy,1.30769,13.0
2026-09-17,SMFT3,16.93,25.0,31.26923,32.0,38.0,0.8469716479621974,strong_buy,1.30769,13.0
2026-09-18,SMFT3,17.0,25.0,31.26923,32.0,38.0,0.8393664705882353,strong_buy,1.30769,13.0
2026-09-21,SMFT3,17.46,25.0,31.26923,32.0,38.0,0.7909066437571592,strong_buy,1.30769,13.0
2026-09-22,SMFT3,17.23,25.0,31.26923,32.0,38.0,0.8148131166569936,strong_buy,1.30769,13.0
2026-09-23,SMFT3,17.04,25.0,31.26923,32.0,38.0,0.8350487089201879,strong_buy,1.30769,13.0
2026-08-24,SMTO3,19.27,15.0,20.34,21.0,25.0,0.0555267254800206,hold,2.8,10.0
2026-08-25,SMTO3,18.46,15.0,20.34,21.0,25.0,0.1018418201516793,hold,2.8,10.0
2026-08-27,SMTO3,18.63,15.0,20.34,21.0,25.0,0.0917874396135265,hold,2.8,10.0
2026-08-28,SMTO3,18.58,15.0,20.34,21.0,25.0,0.0947255113024758,hold,2.8,10.0
2026-08-29,SMTO3,18.58,15.0,20.34,21.0,25.0,0.0947255113024758,hold,2.8,10.0
2026-08-31,SMTO3,19.75,15.0,20.34,21.0,25.0,0.0298734177215189,hold,2.8,10.0
2026-09-01,SMTO3,21.21,15.0,20.34,21.0,25.0,-0.0410183875530411,hold,2.8,10.0
2026-09-02,SMTO3,21.19,15.0,20.34,21.0,25.0,-0.0401132609721567,hold,2.8,10.0
2026-09-03,SMTO3,20.24,15.0,20.74,21.0,25.0,0.0247035573122529,hold,2.8,10.0
2026-09-04,SMTO3,20.6,15.0,20.74,21.0,25.0,0.0067961165048542,hold,2.8,10.0
2026-09-07,SMTO3,20.6,15.0,20.74,21.0,25.0,0.0067961165048542,hold,2.8,10.0
2026-09-08,SMTO3,20.58,15.0,20.74,21.0,25.0,0.0077745383867833,hold,2.8,10.0
2026-09-09,SMTO3,20.25,15.0,20.74,21.0,25.0,0.0241975308641975,hold,2.8,10.0
2026-09-10,SMTO3,21.0,15.0,20.74,21.0,25.0,-0.0123809523809524,hold,2.8,10.0
2026-09-11,SMTO3,20.44,15.0,20.74,21.0,25.0,0.0146771037181994,hold,2.8,10.0
2026-09-14,SMTO3,19.74,15.0,20.74,21.0,25.0,0.050658561296859,hold,2.8,10.0
2026-09-15,SMTO3,20.0,15.0,20.74,21.0,25.0,0.0369999999999999,hold,2.8,10.0
2026-09-16,SMTO3,19.23,15.0,20.74,21.0,25.0,0.0785231409256368,hold,2.8,10.0
2026-09-17,SMTO3,19.6,15.0,20.74,21.0,25.0,0.0581632653061223,hold,2.8,10.0
2026-09-18,SMTO3,18.98,15.0,20.74,21.0,25.0,0.0927291886195995,hold,2.8,10.0
2026-09-21,SMTO3,18.53,15.0,20.74,21.0,25.0,0.1192660550458715,hold,2.8,10.0
2026-09-22,SMTO3,18.24,15.0,20.74,21.0,25.0,0.137061403508772,hold,2.8,10.0
2026-09-23,SMTO3,18.33,15.0,20.74,21.0,25.0,0.13147845062738672,hold,2.8,10.0
2026-08-24,SOJA3,6.66,6.5,10.0,10.0,12.0,0.5015015015015014,hold,2.71429,7.0
2026-08-25,SOJA3,6.89,6.5,10.0,10.0,12.0,0.451378809869376,hold,2.71429,7.0
2026-08-27,SOJA3,6.7,6.5,10.0,10.0,12.0,0.4925373134328357,hold,2.71429,7.0
2026-08-28,SOJA3,6.91,6.5,10.0,10.0,12.0,0.4471780028943559,hold,2.71429,7.0
2026-08-29,SOJA3,6.91,6.5,10.0,10.0,12.0,0.4471780028943559,hold,2.71429,7.0
2026-08-31,SOJA3,6.9,6.5,10.0,10.0,12.0,0.4492753623188406,none,,7.0
2026-09-01,SOJA3,7.68,6.5,10.0,10.0,12.0,0.3020833333333335,none,,7.0
2026-09-02,SOJA3,8.1,6.5,10.0,10.0,12.0,0.234567901234568,none,,7.0
2026-09-03,SOJA3,7.81,7.5,10.14286,10.0,12.0,0.2987016645326505,hold,2.71429,7.0
2026-09-04,SOJA3,7.88,7.5,10.14286,10.0,12.0,0.2871649746192894,hold,2.71429,7.0
2026-09-07,SOJA3,7.88,7.5,10.14286,10.0,12.0,0.2871649746192894,hold,2.71429,7.0
2026-09-08,SOJA3,7.93,7.5,10.14286,10.0,12.0,0.2790491803278689,hold,2.71429,7.0
2026-09-09,SOJA3,7.95,7.5,10.14286,10.0,12.0,0.2758314465408806,hold,2.71429,7.0
2026-09-10,SOJA3,7.73,7.5,10.14286,10.0,12.0,0.3121423027166883,hold,2.71429,7.0
2026-09-11,SOJA3,7.71,7.5,10.14286,10.0,12.0,0.3155460440985733,hold,2.71429,7.0
2026-09-14,SOJA3,7.47,7.5,10.14286,10.0,12.0,0.3578125836680055,hold,2.71429,7.0
2026-09-15,SOJA3,7.66,7.5,10.16667,10.35,12.0,0.3272415143603133,hold,2.66667,6.0
2026-09-16,SOJA3,7.64,7.5,10.16667,10.35,12.0,0.3307159685863874,hold,2.66667,6.0
2026-09-17,SOJA3,7.55,7.5,10.16667,10.35,12.0,0.3465788079470198,hold,2.66667,6.0
2026-09-18,SOJA3,7.59,7.5,10.16667,10.35,12.0,0.3394822134387352,hold,2.66667,6.0
2026-09-21,SOJA3,7.79,7.5,10.16667,10.35,12.0,0.3050924261874197,hold,2.66667,6.0
2026-09-22,SOJA3,8.03,7.5,10.16667,10.35,12.0,0.2660859277708594,hold,2.66667,6.0
2026-09-23,SOJA3,7.89,7.5,10.16667,10.35,12.0,0.28855133079847906,hold,2.66667,6.0
2026-08-24,SUZB3,46.32,53.0,65.78235,66.0,75.0,0.4201716321243522,strong_buy,1.41176,17.0
2026-08-25,SUZB3,46.34,53.0,65.78235,66.0,75.0,0.4195586965904183,strong_buy,1.41176,17.0
2026-08-27,SUZB3,46.15,53.0,65.78235,66.0,75.0,0.4254030335861321,strong_buy,1.29412,17.0
2026-08-28,SUZB3,45.99,53.0,65.78235,66.0,75.0,0.4303620352250488,strong_buy,1.29412,17.0
2026-08-29,SUZB3,45.99,53.0,65.78235,66.0,75.0,0.4303620352250488,strong_buy,1.29412,17.0
2026-08-31,SUZB3,45.3,53.0,65.78235,66.0,75.0,0.4521490066225164,strong_buy,1.29412,17.0
2026-09-01,SUZB3,45.76,53.0,65.78235,66.0,75.0,0.4375513548951049,strong_buy,1.29412,17.0
2026-09-02,SUZB3,46.75,53.0,65.78235,66.0,75.0,0.4071090909090908,strong_buy,1.29412,17.0
2026-09-03,SUZB3,46.79,53.0,65.78235,66.0,75.0,0.4059061765334473,strong_buy,1.29412,17.0
2026-09-04,SUZB3,46.89,53.0,65.78235,66.0,75.0,0.4029078694817656,strong_buy,1.29412,17.0
2026-09-07,SUZB3,46.89,53.0,65.78235,66.0,75.0,0.4029078694817656,strong_buy,1.29412,17.0
2026-09-08,SUZB3,47.03,53.0,65.78235,66.0,75.0,0.3987316606421431,strong_buy,1.29412,17.0
2026-09-09,SUZB3,47.23,53.0,65.78235,66.0,75.0,0.3928085962312089,strong_buy,1.29412,17.0
2026-09-10,SUZB3,48.1,53.0,65.78235,66.0,75.0,0.3676164241164239,strong_buy,1.29412,17.0
2026-09-11,SUZB3,47.81,53.0,65.72353,66.0,75.0,0.3746816565572055,strong_buy,1.29412,17.0
2026-09-14,SUZB3,47.3,53.0,65.72353,66.0,75.0,0.3895038054968287,strong_buy,1.29412,17.0
2026-09-15,SUZB3,47.56,53.0,65.72353,66.0,75.0,0.3819076955424725,strong_buy,1.29412,17.0
2026-09-16,SUZB3,46.7,53.0,65.72353,66.0,75.0,0.4073561027837258,strong_buy,1.29412,17.0
2026-09-17,SUZB3,47.4,53.0,65.72353,66.0,75.0,0.3865723628691984,strong_buy,1.29412,17.0
2026-09-18,SUZB3,47.99,53.0,65.72353,66.0,75.0,0.3695255261512813,strong_buy,1.29412,17.0
2026-09-21,SUZB3,47.25,53.0,65.72353,66.0,75.0,0.3909741798941799,strong_buy,1.29412,17.0
2026-09-22,SUZB3,48.58,53.0,64.9,66.0,75.0,0.3359407163441748,strong_buy,1.29412,17.0
2026-09-23,SUZB3,47.49,53.0,64.9,66.0,75.0,0.3666034954727311,strong_buy,1.29412,17.0
2026-08-24,SYNE3,3.59,9.1,9.1,9.1,9.1,1.5348189415041782,none,,1.0
2026-08-25,SYNE3,3.69,9.1,9.1,9.1,9.1,1.4661246612466123,none,,1.0
2026-08-27,SYNE3,3.6,9.1,9.1,9.1,9.1,1.5277777777777777,none,,1.0
2026-08-28,SYNE3,3.67,9.1,9.1,9.1,9.1,1.4795640326975477,none,,1.0
2026-08-29,SYNE3,3.67,9.1,9.1,9.1,9.1,1.4795640326975477,none,,1.0
2026-08-31,SYNE3,3.69,9.1,9.1,9.1,9.1,1.4661246612466123,none,,1.0
2026-09-01,SYNE3,3.68,9.1,9.1,9.1,9.1,1.4728260869565215,none,,1.0
2026-09-02,SYNE3,3.85,9.1,9.1,9.1,9.1,1.363636363636363,none,,1.0
2026-09-03,SYNE3,3.95,9.1,9.1,9.1,9.1,1.3037974683544302,none,,1.0
2026-09-04,SYNE3,3.78,9.1,9.1,9.1,9.1,1.4074074074074074,none,,1.0
2026-09-07,SYNE3,3.78,9.1,9.1,9.1,9.1,1.4074074074074074,none,,1.0
2026-09-08,SYNE3,3.81,9.1,9.1,9.1,9.1,1.388451443569554,none,,1.0
2026-09-09,SYNE3,3.72,9.1,9.1,9.1,9.1,1.4462365591397843,none,,1.0
2026-09-10,SYNE3,3.77,9.1,9.1,9.1,9.1,1.4137931034482758,none,,1.0
2026-09-11,SYNE3,3.69,9.1,9.1,9.1,9.1,1.4661246612466123,none,,1.0
2026-09-14,SYNE3,3.6,9.1,9.1,9.1,9.1,1.5277777777777777,none,,1.0
2026-09-15,SYNE3,3.61,9.1,9.1,9.1,9.1,1.520775623268698,none,,1.0
2026-09-16,SYNE3,3.66,9.1,9.1,9.1,9.1,1.4863387978142075,none,,1.0
2026-09-17,SYNE3,3.57,9.1,9.1,9.1,9.1,1.549019607843137,none,,1.0
2026-09-18,SYNE3,3.56,9.1,9.1,9.1,9.1,1.5561797752808988,none,,1.0
2026-09-21,SYNE3,3.62,9.1,9.1,9.1,9.1,1.5138121546961325,none,,1.0
2026-08-24,TAEE11,37.78,30.0,37.76,37.0,44.88,-0.0005293806246692,underperform,3.76923,13.0
2026-08-25,TAEE11,38.86,30.0,37.76,37.0,44.88,-0.0283067421513124,underperform,3.76923,13.0
2026-08-27,TAEE11,38.94,30.0,37.76,37.0,44.88,-0.0303030303030302,underperform,3.76923,13.0
2026-08-28,TAEE11,38.68,30.0,37.76,37.0,44.88,-0.0237849017580145,underperform,3.76923,13.0
2026-08-29,TAEE11,38.68,30.0,37.76,37.0,44.88,-0.0237849017580145,underperform,3.76923,13.0
2026-08-31,TAEE11,39.1,30.0,37.76,37.0,44.88,-0.0342710997442455,underperform,3.76923,13.0
2026-09-01,TAEE11,39.73,30.0,37.76,37.0,44.88,-0.0495846967027434,underperform,3.76923,13.0
2026-09-02,TAEE11,40.89,30.0,37.76,37.0,44.88,-0.0765468329664955,underperform,3.76923,13.0
2026-09-03,TAEE11,41.55,30.0,37.76,37.0,44.88,-0.0912154031287605,underperform,3.76923,13.0
2026-09-04,TAEE11,41.53,30.0,37.76,37.0,44.88,-0.0907777510233567,none,,13.0
2026-09-07,TAEE11,41.53,30.0,37.76,37.0,44.88,-0.0907777510233567,none,,13.0
2026-09-08,TAEE11,41.83,30.0,37.76,37.0,44.88,-0.0972985895290461,none,,13.0
2026-09-09,TAEE11,40.87,30.0,37.76,37.0,44.88,-0.0760949351602642,none,,13.0
2026-09-10,TAEE11,41.29,30.0,37.76,37.0,44.88,-0.0854928554129329,none,,13.0
2026-09-11,TAEE11,40.73,30.0,37.76,37.0,44.88,-0.0729192241590964,none,,13.0
2026-09-14,TAEE11,40.51,30.0,37.76,37.0,44.88,-0.0678844729696371,none,,13.0
2026-09-15,TAEE11,40.8,30.0,37.76,37.0,44.88,-0.0745098039215685,none,,13.0
2026-09-16,TAEE11,41.05,30.0,37.76,37.0,44.88,-0.0801461632155907,none,,13.0
2026-09-17,TAEE11,41.5,30.0,37.76,37.0,44.88,-0.0901204819277109,none,,13.0
2026-09-18,TAEE11,41.91,30.0,37.74,36.85,44.88,-0.0994989262705796,underperform,3.66667,12.0
2026-09-21,TAEE11,41.64,30.0,37.74,36.85,44.88,-0.0936599423631123,underperform,3.66667,12.0
2026-09-22,TAEE11,41.73,30.0,37.74,36.85,44.88,-0.0956146657081234,underperform,3.66667,12.0
2026-09-23,TAEE11,41.27,30.0,37.74,36.85,44.88,-0.08553428640659078,underperform,3.66667,12.0
2026-08-24,TEND3,31.02,37.0,45.20833,44.0,58.0,0.4573929722759509,strong_buy,1.25,12.0
2026-08-25,TEND3,33.43,37.0,45.20833,44.0,58.0,0.3523281483697276,strong_buy,1.25,12.0
2026-08-27,TEND3,32.06,37.0,45.20833,44.0,58.0,0.4101163443543354,strong_buy,1.25,12.0
2026-08-28,TEND3,32.75,37.0,46.45833,45.0,58.0,0.4185749618320609,strong_buy,1.25,12.0
2026-08-29,TEND3,32.75,37.0,46.45833,45.0,58.0,0.4185749618320609,strong_buy,1.25,12.0
2026-08-31,TEND3,33.1,37.0,46.45833,45.0,58.0,0.4035749244712989,strong_buy,1.25,12.0
2026-09-01,TEND3,33.1,37.0,46.45833,45.0,58.0,0.4035749244712989,strong_buy,1.25,12.0
2026-09-02,TEND3,34.25,37.0,46.45833,45.0,58.0,0.3564475912408757,strong_buy,1.25,12.0
2026-09-03,TEND3,33.62,37.0,46.45833,45.0,58.0,0.3818658536585366,strong_buy,1.25,12.0
2026-09-04,TEND3,34.63,37.0,46.45833,45.0,58.0,0.3415630955818651,strong_buy,1.25,12.0
2026-09-07,TEND3,34.63,37.0,46.45833,45.0,58.0,0.3415630955818651,strong_buy,1.25,12.0
2026-09-08,TEND3,35.16,37.0,46.45833,45.0,58.0,0.3213404436860068,strong_buy,1.25,12.0
2026-09-09,TEND3,33.04,37.0,46.45833,45.0,58.0,0.4061237893462468,strong_buy,1.25,12.0
2026-09-10,TEND3,33.1,37.0,46.45833,45.0,58.0,0.4035749244712989,strong_buy,1.25,12.0
2026-09-11,TEND3,32.11,37.0,46.45833,45.0,58.0,0.4468492681407661,strong_buy,1.25,12.0
2026-09-14,TEND3,31.48,37.0,46.45833,45.0,58.0,0.4758046378653111,strong_buy,1.25,12.0
2026-09-15,TEND3,31.15,37.0,46.45833,45.0,58.0,0.4914391653290528,strong_buy,1.25,12.0
2026-09-16,TEND3,30.78,37.0,46.45833,45.0,58.0,0.5093674463937621,strong_buy,1.25,12.0
2026-09-17,TEND3,29.25,37.0,46.45833,45.0,58.0,0.5883189743589743,strong_buy,1.25,12.0
2026-09-18,TEND3,30.12,37.0,46.79167,45.0,58.0,0.5535083001328023,strong_buy,1.25,12.0
2026-09-21,TEND3,29.24,37.0,46.79167,45.0,58.0,0.6002623119015049,strong_buy,1.25,12.0
2026-09-22,TEND3,29.06,37.0,46.79167,45.0,58.0,0.6101744666207847,strong_buy,1.25,12.0
2026-09-23,TEND3,27.31,37.0,46.79167,45.0,58.0,0.7133529842548518,strong_buy,1.25,12.0
2026-08-24,TFCO4,12.65,18.0,19.3,19.0,20.5,0.5256916996047432,buy,1.66667,5.0
2026-08-25,TFCO4,12.96,18.0,19.3,19.0,20.5,0.4891975308641976,buy,1.66667,5.0
2026-08-27,TFCO4,12.82,18.0,19.3,19.0,20.5,0.5054602184087365,buy,1.66667,5.0
2026-08-28,TFCO4,12.9,18.0,19.3,19.0,20.5,0.4961240310077519,buy,1.66667,5.0
2026-08-29,TFCO4,12.9,18.0,19.3,19.0,20.5,0.4961240310077519,buy,1.66667,5.0
2026-08-31,TFCO4,12.78,18.0,19.3,19.0,20.5,0.5101721439749609,buy,1.66667,5.0
2026-09-01,TFCO4,13.35,18.0,19.3,19.0,20.5,0.4456928838951313,buy,1.66667,5.0
2026-09-02,TFCO4,13.41,18.0,19.3,19.0,20.5,0.4392244593586876,buy,1.66667,5.0
2026-09-03,TFCO4,13.1,18.0,19.3,19.0,20.5,0.4732824427480917,buy,1.66667,5.0
2026-09-04,TFCO4,13.06,18.0,19.3,19.0,20.5,0.4777947932618682,none,,5.0
2026-09-07,TFCO4,13.06,18.0,19.3,19.0,20.5,0.4777947932618682,none,,5.0
2026-09-08,TFCO4,12.95,18.0,19.3,19.0,20.5,0.4903474903474905,none,,5.0
2026-09-09,TFCO4,12.64,18.0,19.3,19.0,20.5,0.5268987341772151,none,,5.0
2026-09-10,TFCO4,13.05,18.0,19.3,19.0,20.5,0.4789272030651341,none,,5.0
2026-09-11,TFCO4,13.02,18.0,19.3,19.0,20.5,0.4823348694316438,none,,5.0
2026-09-14,TFCO4,12.94,18.0,19.3,19.0,20.5,0.4914992272024729,none,,5.0
2026-09-15,TFCO4,13.1,18.0,19.3,19.0,20.5,0.4732824427480917,none,,5.0
2026-09-16,TFCO4,13.18,18.0,19.3,19.0,20.5,0.4643399089529592,none,,5.0
2026-09-17,TFCO4,13.24,18.0,19.3,19.0,20.5,0.4577039274924472,none,,5.0
2026-09-18,TFCO4,13.14,18.0,19.3,19.0,20.5,0.4687975646879756,none,,5.0
2026-09-21,TFCO4,13.26,18.0,19.3,19.0,20.5,0.4555052790346909,none,,5.0
2026-09-22,TFCO4,13.33,18.0,19.3,19.0,20.5,0.4478619654913729,none,,5.0
2026-09-23,TFCO4,13.39,18.0,19.3,19.0,20.5,0.44137415982076167,none,,5.0
2026-08-24,TGMA3,34.7,43.5,44.6,44.6,45.7,0.2853025936599422,none,,2.0
2026-08-25,TGMA3,35.2,43.5,44.6,44.6,45.7,0.2670454545454546,none,,2.0
2026-08-27,TGMA3,35.39,43.5,44.6,44.6,45.7,0.2602430064990111,none,,2.0
2026-08-28,TGMA3,34.76,43.5,44.6,44.6,45.7,0.2830840046029921,none,,2.0
2026-08-29,TGMA3,34.76,43.5,44.6,44.6,45.7,0.2830840046029921,none,,2.0
2026-08-31,TGMA3,34.11,43.5,44.6,44.6,45.7,0.3075344473761361,none,,2.0
2026-09-01,TGMA3,34.23,43.5,44.6,44.6,45.7,0.3029506281040024,none,,2.0
2026-09-02,TGMA3,34.49,43.5,44.6,44.6,45.7,0.2931284430269643,none,,2.0
2026-09-03,TGMA3,34.28,43.5,44.6,44.6,45.7,0.3010501750291714,none,,2.0
2026-09-04,TGMA3,33.66,43.5,44.6,44.6,45.7,0.3250148544266193,none,,2.0
2026-09-07,TGMA3,33.66,43.5,44.6,44.6,45.7,0.3250148544266193,none,,2.0
2026-09-08,TGMA3,34.0,43.5,44.6,44.6,45.7,0.3117647058823529,none,,2.0
2026-09-09,TGMA3,34.06,43.5,44.6,44.6,45.7,0.3094539048737521,none,,2.0
2026-09-10,TGMA3,34.7,43.5,44.6,44.6,45.7,0.2853025936599422,none,,2.0
2026-09-11,TGMA3,34.7,43.5,44.6,44.6,45.7,0.2853025936599422,none,,2.0
2026-09-14,TGMA3,35.25,43.5,44.6,44.6,45.7,0.2652482269503546,none,,2.0
2026-09-15,TGMA3,35.82,43.5,44.6,44.6,45.7,0.2451144611948632,none,,2.0
2026-09-16,TGMA3,36.37,43.5,44.6,44.6,45.7,0.2262854000549905,none,,2.0
2026-09-17,TGMA3,35.95,43.5,44.6,44.6,45.7,0.2406119610570236,none,,2.0
2026-09-18,TGMA3,35.38,43.5,44.6,44.6,45.7,0.2605992085924251,none,,2.0
2026-09-21,TGMA3,35.9,43.5,44.6,44.6,45.7,0.2423398328690809,none,,2.0
2026-09-22,TGMA3,36.13,43.5,44.6,44.6,45.7,0.2344312205923056,none,,2.0
2026-09-23,TGMA3,36.04,43.5,44.6,44.6,45.7,0.23751387347391795,none,,2.0
2026-08-24,TIMS3,18.58,20.0,24.12857,23.25,30.0,0.2986313240043059,hold,2.6,14.0
2026-08-25,TIMS3,18.74,20.0,24.12857,23.25,30.0,0.2875437566702241,hold,2.6,14.0
2026-08-27,TIMS3,18.74,20.0,24.12857,23.25,30.0,0.2875437566702241,hold,2.6,14.0
2026-08-28,TIMS3,18.3,20.0,24.12857,23.25,30.0,0.3185010928961749,hold,2.6,14.0
2026-08-29,TIMS3,18.3,20.0,24.12857,23.25,30.0,0.3185010928961749,hold,2.6,14.0
2026-08-31,TIMS3,18.61,20.0,24.12857,23.25,30.0,0.2965378828586782,hold,2.6,14.0
2026-09-01,TIMS3,18.75,20.0,24.12857,23.25,30.0,0.2868570666666665,hold,2.6,14.0
2026-09-02,TIMS3,18.8,20.0,24.12857,23.25,30.0,0.283434574468085,hold,2.6,14.0
2026-09-03,TIMS3,18.97,20.0,24.12857,23.25,30.0,0.2719330521876648,hold,2.6,14.0
2026-09-04,TIMS3,18.99,20.0,24.12857,23.25,30.0,0.2705934702474988,none,,14.0
2026-09-07,TIMS3,18.99,20.0,24.12857,23.25,30.0,0.2705934702474988,none,,14.0
2026-09-08,TIMS3,19.11,20.0,24.12857,23.25,30.0,0.262614861329147,none,,14.0
2026-09-09,TIMS3,19.39,20.0,24.12857,23.25,30.0,0.2443821557503867,none,,14.0
2026-09-10,TIMS3,19.54,20.0,24.12857,23.25,30.0,0.234829580348004,none,,14.0
2026-09-11,TIMS3,19.37,20.0,24.12857,23.25,30.0,0.2456670108415073,none,,14.0
2026-09-14,TIMS3,19.6,20.0,24.12857,23.25,30.0,0.2310494897959183,none,,14.0
2026-09-15,TIMS3,19.64,20.0,24.12857,23.25,30.0,0.2285422606924643,none,,14.0
2026-09-16,TIMS3,19.58,20.0,24.12857,23.25,30.0,0.2323069458631257,none,,14.0
2026-09-17,TIMS3,19.48,20.0,24.12857,23.25,30.0,0.2386329568788501,none,,14.0
2026-09-18,TIMS3,19.46,20.0,24.12857,23.25,30.0,0.2399059609455291,none,,14.0
2026-09-21,TIMS3,19.46,20.0,24.12857,23.25,30.0,0.2399059609455291,hold,2.6,14.0
2026-09-22,TIMS3,19.34,20.0,24.12857,23.25,30.0,0.2475992761116856,hold,2.6,14.0
2026-09-23,TIMS3,18.64,20.0,24.12857,23.25,30.0,0.2944511802575107,hold,2.6,14.0
2026-08-24,TOTS3,31.92,36.5,48.38462,47.0,61.0,0.5158088972431076,strong_buy,1.46154,13.0
2026-08-25,TOTS3,32.75,36.5,48.38462,47.0,61.0,0.4773929770992366,strong_buy,1.46154,13.0
2026-08-27,TOTS3,32.6,36.5,48.38462,47.0,61.0,0.4841907975460122,strong_buy,1.46154,13.0
2026-08-28,TOTS3,34.41,36.5,48.38462,47.0,61.0,0.406120895088637,strong_buy,1.46154,13.0
2026-08-29,TOTS3,34.41,36.5,48.38462,47.0,61.0,0.406120895088637,strong_buy,1.46154,13.0
2026-08-31,TOTS3,35.45,36.5,48.23077,47.0,61.0,0.3605294781382226,strong_buy,1.46154,13.0
2026-09-01,TOTS3,34.99,36.5,48.23077,47.0,61.0,0.3784158330951699,strong_buy,1.46154,13.0
2026-09-02,TOTS3,34.74,36.5,48.23077,47.0,61.0,0.3883353483016694,strong_buy,1.46154,13.0
2026-09-03,TOTS3,34.82,36.5,48.23077,47.0,61.0,0.3851456059735783,strong_buy,1.46154,13.0
2026-09-04,TOTS3,34.5,36.5,48.23077,47.0,61.0,0.3979933333333334,strong_buy,1.46154,13.0
2026-09-07,TOTS3,34.5,36.5,48.23077,47.0,61.0,0.3979933333333334,strong_buy,1.46154,13.0
2026-09-08,TOTS3,34.29,36.5,48.23077,47.0,61.0,0.4065549722951298,strong_buy,1.46154,13.0
2026-09-09,TOTS3,33.17,36.5,48.23077,47.0,61.0,0.4540479348809163,strong_buy,1.46154,13.0
2026-09-10,TOTS3,33.0,36.5,48.23077,47.0,61.0,0.4615384848484849,strong_buy,1.46154,13.0
2026-09-11,TOTS3,32.94,36.5,48.30769,47.0,61.0,0.4665358227079539,strong_buy,1.46154,13.0
2026-09-14,TOTS3,34.37,36.5,48.30769,47.0,61.0,0.4055190573174281,strong_buy,1.46154,13.0
2026-09-15,TOTS3,33.83,36.5,48.30769,47.0,61.0,0.4279541826780964,strong_buy,1.46154,13.0
2026-09-16,TOTS3,34.24,36.5,48.30769,47.0,61.0,0.4108554322429907,strong_buy,1.46154,13.0
2026-09-17,TOTS3,34.65,39.0,48.5,47.0,61.0,0.3997113997113997,strong_buy,1.46154,13.0
2026-09-18,TOTS3,34.3,39.0,48.23077,47.0,61.0,0.4061448979591837,strong_buy,1.46154,13.0
2026-09-21,TOTS3,34.94,39.0,48.23077,47.0,61.0,0.3803883800801375,strong_buy,1.46154,13.0
2026-09-22,TOTS3,35.91,39.0,48.23077,47.0,61.0,0.3431013645224172,strong_buy,1.46154,13.0
2026-09-23,TOTS3,35.55,39.0,48.23077,47.0,61.0,0.3567023909985936,strong_buy,1.46154,13.0
2026-08-24,TTEN3,11.04,17.0,21.50909,21.6,26.6,0.9482871376811596,strong_buy,1.27273,11.0
2026-08-25,TTEN3,11.46,17.0,21.50909,21.6,26.6,0.8768839441535776,strong_buy,1.27273,11.0
2026-08-27,TTEN3,11.16,17.0,21.50909,21.6,26.6,0.9273378136200716,strong_buy,1.27273,11.0
2026-08-28,TTEN3,11.46,17.0,21.50909,21.6,26.6,0.8768839441535776,strong_buy,1.27273,11.0
2026-08-29,TTEN3,11.46,17.0,21.50909,21.6,26.6,0.8768839441535776,strong_buy,1.27273,11.0
2026-08-31,TTEN3,11.51,17.0,21.50909,21.6,26.6,0.8687306689834926,strong_buy,1.27273,11.0
2026-09-01,TTEN3,11.54,17.0,21.50909,21.6,26.6,0.8638726169844022,strong_buy,1.27273,11.0
2026-09-02,TTEN3,11.96,17.0,21.41818,21.6,26.6,0.7908177257525082,strong_buy,1.27273,11.0
2026-09-03,TTEN3,11.59,17.0,21.41818,21.6,26.6,0.8479879206212251,strong_buy,1.27273,11.0
2026-09-04,TTEN3,11.28,17.0,21.41818,21.6,26.6,0.8987748226950356,strong_buy,1.27273,11.0
2026-09-07,TTEN3,11.28,15.0,20.69091,20.9,26.6,0.8343005319148935,strong_buy,1.27273,11.0
2026-09-08,TTEN3,11.4,15.0,20.69091,20.9,26.6,0.8149921052631577,strong_buy,1.27273,11.0
2026-09-09,TTEN3,11.49,15.0,20.69091,20.9,26.6,0.8007754569190599,strong_buy,1.27273,11.0
2026-09-10,TTEN3,11.79,15.0,20.69091,20.9,26.6,0.7549541984732824,strong_buy,1.27273,11.0
2026-09-11,TTEN3,11.4,15.0,20.69091,20.9,26.6,0.8149921052631577,strong_buy,1.27273,11.0
2026-09-14,TTEN3,10.59,15.0,20.69091,20.9,26.6,0.9538158640226628,strong_buy,1.27273,11.0
2026-09-15,TTEN3,10.38,15.0,20.69091,20.9,26.6,0.9933439306358378,strong_buy,1.27273,11.0
2026-09-16,TTEN3,10.47,15.0,20.69091,20.9,26.6,0.976209169054441,strong_buy,1.27273,11.0
2026-09-17,TTEN3,10.47,15.0,20.69091,20.9,26.6,0.976209169054441,strong_buy,1.27273,11.0
2026-09-18,TTEN3,10.35,15.0,20.69091,20.9,26.6,0.9991217391304348,none,,11.0
2026-09-21,TTEN3,10.55,15.0,20.69091,20.9,26.6,0.961223696682464,strong_buy,1.27273,11.0
2026-09-22,TTEN3,10.4,15.0,20.69091,20.9,26.6,0.9895105769230768,strong_buy,1.27273,11.0
2026-09-23,TTEN3,10.18,15.0,20.69091,20.9,26.6,1.0325058939096268,strong_buy,1.27273,11.0
2026-08-24,TUPY3,14.96,13.0,18.66667,18.0,35.0,0.2477720588235292,none,,9.0
2026-08-25,TUPY3,15.35,13.0,18.66667,18.0,35.0,0.2160697068403909,none,,9.0
2026-08-27,TUPY3,15.03,13.0,18.66667,18.0,35.0,0.2419607451763141,none,,9.0
2026-08-28,TUPY3,15.25,13.0,18.66667,18.0,35.0,0.2240439344262295,none,,9.0
2026-08-29,TUPY3,15.25,13.0,18.66667,18.0,35.0,0.2240439344262295,none,,9.0
2026-08-31,TUPY3,15.24,13.0,18.66667,18.0,35.0,0.2248471128608924,none,,9.0
2026-09-01,TUPY3,15.4,13.0,18.66667,18.0,35.0,0.2121214285714285,none,,9.0
2026-09-02,TUPY3,15.81,13.0,18.66667,18.0,35.0,0.1806875395319418,none,,9.0
2026-09-03,TUPY3,15.7,13.0,18.66667,18.0,35.0,0.1889598726114649,none,,9.0
2026-09-04,TUPY3,15.72,13.0,18.66667,18.0,35.0,0.1874472010178116,none,,9.0
2026-09-07,TUPY3,15.72,13.0,18.66667,18.0,35.0,0.1874472010178116,none,,9.0
2026-09-08,TUPY3,15.78,13.0,18.66667,18.0,35.0,0.1829321926489227,none,,9.0
2026-09-09,TUPY3,15.34,13.0,18.66667,18.0,35.0,0.2168624511082137,none,,9.0
2026-09-10,TUPY3,16.01,13.0,18.66667,18.0,35.0,0.1659381636477199,none,,9.0
2026-09-11,TUPY3,15.96,13.0,18.66667,18.0,35.0,0.1695908521303257,none,,9.0
2026-09-14,TUPY3,15.79,13.0,18.66667,18.0,35.0,0.1821830272324256,none,,9.0
2026-09-15,TUPY3,15.8,13.0,18.55556,17.0,35.0,0.1744025316455695,buy,2.44444,9.0
2026-09-16,TUPY3,15.85,13.0,18.55556,17.0,35.0,0.1706977917981071,buy,2.44444,9.0
2026-09-17,TUPY3,15.84,13.0,18.55556,17.0,35.0,0.1714368686868685,buy,2.44444,9.0
2026-09-18,TUPY3,15.83,13.0,18.55556,17.0,35.0,0.1721768793430196,buy,2.44444,9.0
2026-09-21,TUPY3,16.12,13.0,18.55556,17.0,35.0,0.1510893300248137,buy,2.44444,9.0
2026-09-22,TUPY3,16.5,13.0,18.88889,17.5,35.0,0.1447812121212122,buy,2.44444,9.0
2026-09-23,TUPY3,16.19,13.0,18.88889,17.5,35.0,0.1667010500308832,buy,2.44444,9.0
2026-08-24,UGPA3,34.72,25.0,34.54667,34.0,43.0,-0.0049922235023041,buy,2.125,15.0
2026-08-25,UGPA3,33.62,25.0,34.54667,34.0,43.0,0.0275630577037477,buy,2.125,15.0
2026-08-27,UGPA3,33.46,25.0,34.99333,35.0,43.0,0.0458257621040048,buy,2.0,15.0
2026-08-28,UGPA3,33.63,25.0,34.99333,35.0,43.0,0.0405391019922687,buy,2.0,15.0
2026-08-29,UGPA3,33.63,25.0,34.99333,35.0,43.0,0.0405391019922687,buy,2.0,15.0
2026-08-31,UGPA3,34.82,25.0,34.99333,35.0,43.0,0.0049778862722573,buy,2.0,15.0
2026-09-01,UGPA3,35.29,25.0,34.99333,35.0,43.0,-0.0084066307735902,buy,2.0,15.0
2026-09-02,UGPA3,36.73,25.0,35.26,35.0,43.0,-0.0400217805608493,buy,2.0,15.0
2026-09-03,UGPA3,36.45,25.0,35.26,35.0,43.0,-0.032647462277092,buy,2.0,15.0
2026-09-04,UGPA3,37.42,25.0,35.61875,35.5,43.0,-0.0481360235168359,buy,2.0,16.0
2026-09-07,UGPA3,37.42,25.0,35.61875,35.5,43.0,-0.0481360235168359,buy,2.0,16.0
2026-09-08,UGPA3,38.04,25.0,35.61875,35.5,43.0,-0.063650105152471,buy,2.0,16.0
2026-09-09,UGPA3,38.4,25.0,35.61875,35.5,43.0,-0.0724283854166666,buy,2.0,16.0
2026-09-10,UGPA3,38.53,25.0,35.61875,35.5,43.0,-0.0755580067479886,buy,2.0,16.0
2026-09-11,UGPA3,38.02,25.0,35.61875,35.5,43.0,-0.0631575486586009,buy,2.0,16.0
2026-09-14,UGPA3,38.37,25.0,35.61875,35.5,43.0,-0.0717031535053427,buy,2.0,16.0
2026-09-15,UGPA3,38.43,25.0,35.61875,35.5,43.0,-0.0731524850377309,buy,2.0,16.0
2026-09-16,UGPA3,38.93,25.0,35.61875,35.5,43.0,-0.0850565116876445,buy,2.0,16.0
2026-09-17,UGPA3,38.88,25.0,36.93125,37.5,48.0,-0.050122170781893,buy,2.0,16.0
2026-09-18,UGPA3,39.13,25.0,37.80625,39.5,48.0,-0.0338295425504728,buy,2.0625,16.0
2026-09-21,UGPA3,38.82,25.0,37.80625,39.5,48.0,-0.0261141164348274,buy,2.0625,16.0
2026-09-22,UGPA3,39.48,25.0,37.80625,39.5,48.0,-0.0423948834853089,buy,2.0625,16.0
2026-09-23,UGPA3,39.74,25.0,37.80625,39.5,48.0,-0.04866004026170112,buy,2.0625,16.0
2026-08-24,UNIP6,58.88,58.0,64.0,64.0,70.0,0.0869565217391303,none,,2.0
2026-08-25,UNIP6,58.12,58.0,64.0,64.0,70.0,0.1011699931176874,none,,2.0
2026-08-27,UNIP6,56.21,58.0,64.0,64.0,70.0,0.138587439957303,none,,2.0
2026-08-28,UNIP6,55.44,58.0,64.0,64.0,70.0,0.1544011544011545,none,,2.0
2026-08-29,UNIP6,55.44,58.0,64.0,64.0,70.0,0.1544011544011545,none,,2.0
2026-08-31,UNIP6,55.98,58.0,64.0,64.0,70.0,0.1432654519471241,none,,2.0
2026-09-01,UNIP6,55.91,58.0,64.0,64.0,70.0,0.1446968341978181,none,,2.0
2026-09-02,UNIP6,57.27,58.0,64.0,64.0,70.0,0.1175135323904312,none,,2.0
2026-09-03,UNIP6,57.24,58.0,64.0,64.0,70.0,0.1180992313067783,none,,2.0
2026-09-04,UNIP6,56.97,58.0,64.0,64.0,70.0,0.1233982797963841,none,,2.0
2026-09-07,UNIP6,56.97,58.0,64.0,64.0,70.0,0.1233982797963841,none,,2.0
2026-09-08,UNIP6,57.31,58.0,64.0,64.0,70.0,0.1167335543535159,none,,2.0
2026-09-09,UNIP6,56.66,58.0,64.0,64.0,70.0,0.1295446523120367,none,,2.0
2026-09-10,UNIP6,56.79,58.0,64.0,64.0,70.0,0.1269589716499384,none,,2.0
2026-09-11,UNIP6,56.51,58.0,64.0,64.0,70.0,0.1325429127588038,none,,2.0
2026-09-14,UNIP6,57.04,58.0,64.0,64.0,70.0,0.1220196353436184,none,,2.0
2026-09-15,UNIP6,57.48,58.0,64.0,64.0,70.0,0.1134307585247043,none,,2.0
2026-09-16,UNIP6,58.14,58.0,64.0,64.0,70.0,0.1007911936704506,none,,2.0
2026-09-17,UNIP6,57.62,58.0,64.0,64.0,70.0,0.1107254425546686,none,,2.0
2026-09-18,UNIP6,57.79,58.0,64.0,64.0,70.0,0.1074580377227893,none,,2.0
2026-09-21,UNIP6,57.09,58.0,64.0,64.0,70.0,0.1210369591872482,none,,2.0
2026-09-22,UNIP6,57.83,58.0,64.0,64.0,70.0,0.1066920283589831,none,,2.0
2026-09-23,UNIP6,57.2,58.0,64.0,64.0,70.0,0.11888111888111874,none,,2.0
2026-08-24,USIM5,7.12,5.0,8.8,8.5,14.0,0.2359550561797754,buy,2.42857,14.0
2026-08-25,USIM5,6.97,5.0,8.8,8.5,14.0,0.2625538020086084,buy,2.42857,14.0
2026-08-27,USIM5,7.13,5.0,8.8,8.5,14.0,0.2342215988779805,buy,2.42857,14.0
2026-08-28,USIM5,7.2,5.0,8.8,8.5,14.0,0.2222222222222223,buy,2.42857,14.0
2026-08-29,USIM5,7.2,5.0,8.8,8.5,14.0,0.2222222222222223,buy,2.42857,14.0
2026-08-31,USIM5,7.47,5.0,8.8,8.5,14.0,0.1780455153949132,buy,2.42857,14.0
2026-09-01,USIM5,7.59,5.0,8.8,8.5,14.0,0.1594202898550725,buy,2.42857,14.0
2026-09-02,USIM5,7.79,5.0,8.65714,8.5,12.0,0.1113145057766367,buy,2.42857,14.0
2026-09-03,USIM5,7.81,5.0,8.65714,8.5,12.0,0.1084686299615877,buy,2.42857,14.0
2026-09-04,USIM5,7.63,5.0,8.58571,8.5,12.0,0.1252568807339451,buy,2.42857,14.0
2026-09-07,USIM5,7.63,5.0,8.58571,8.5,12.0,0.1252568807339451,buy,2.42857,14.0
2026-09-08,USIM5,7.56,5.0,8.57857,8.5,12.0,0.1347314814814815,buy,2.42857,14.0
2026-09-09,USIM5,7.63,5.0,8.57857,8.5,12.0,0.1243211009174312,buy,2.42857,14.0
2026-09-10,USIM5,7.65,5.0,8.57857,8.5,12.0,0.1213816993464049,buy,2.42857,14.0
2026-09-11,USIM5,7.38,5.0,8.51429,8.5,12.0,0.15369783197832,buy,2.42857,14.0
2026-09-14,USIM5,7.03,5.0,8.51429,8.5,12.0,0.2111365576102419,buy,2.42857,14.0
2026-09-15,USIM5,7.26,5.0,8.51429,8.5,12.0,0.1727672176308541,buy,2.42857,14.0
2026-09-16,USIM5,7.03,5.0,8.51429,8.5,12.0,0.2111365576102419,buy,2.42857,14.0
2026-09-17,USIM5,7.09,5.0,8.51429,8.5,12.0,0.2008871650211567,buy,2.42857,14.0
2026-09-18,USIM5,6.9,5.0,8.51429,8.5,12.0,0.2339550724637682,buy,2.42857,14.0
2026-09-21,USIM5,6.91,5.0,8.51429,8.5,12.0,0.2321693198263388,buy,2.42857,14.0
2026-09-22,USIM5,7.08,5.0,8.51429,8.5,12.0,0.2025833333333333,buy,2.42857,14.0
2026-09-23,USIM5,7.05,5.0,8.51429,8.5,12.0,0.2077007092198584,none,,14.0
2026-08-24,VALE3,77.13,59.89056,88.13227,86.87819,108.672516,0.1426457928173214,buy,2.30769,12.0
2026-08-25,VALE3,78.7,59.77211,87.957954,86.70636,108.45758,0.1176360101651843,buy,2.30769,12.0
2026-08-27,VALE3,78.45,59.791855,87.987015,86.73501,108.493416,0.121568068833652,buy,2.30769,12.0
2026-08-28,VALE3,78.58,60.45031,88.95597,87.69017,109.688194,0.1320433952659709,buy,2.30769,12.0
2026-08-29,VALE3,78.58,60.213406,88.607346,87.34651,109.25832,0.1276068465258337,buy,2.30769,12.0
2026-08-31,VALE3,77.85,60.18205,88.56121,87.30103,109.20143,0.1375877970456005,buy,2.30769,12.0
2026-09-01,VALE3,78.3,59.838303,88.05537,86.80238,108.5777,0.1245896551724137,buy,2.30769,12.0
2026-09-02,VALE3,80.8,59.27159,87.22141,85.9803,107.549385,0.079472896039604,buy,2.30769,12.0
2026-09-03,VALE3,78.45,59.227463,87.15648,85.91629,107.46931,0.1109812619502867,buy,2.30769,12.0
2026-09-04,VALE3,78.62,59.51546,87.580284,86.33407,107.99189,0.1139695242940728,none,,12.0
2026-09-07,VALE3,78.62,59.527073,87.597374,86.350914,108.01296,0.114186899007886,none,,12.0
2026-09-08,VALE3,79.02,59.10088,86.97021,85.732666,107.239624,0.1006100987091875,none,,12.0
2026-09-09,VALE3,79.1,59.258816,87.202614,85.96177,107.5262,0.1024350695322378,none,,12.0
2026-09-10,VALE3,78.23,59.24024,87.17528,85.93482,107.49249,0.1143459031062252,none,,12.0
2026-09-11,VALE3,78.2,59.530563,87.60251,86.35597,108.019295,0.1202367007672633,none,,12.0
2026-09-14,VALE3,75.48,59.731464,87.89815,86.6474,108.383835,0.1645223900370958,none,,12.0
2026-09-15,VALE3,74.6,59.79069,88.06165,86.321434,108.4913,0.180451072386059,none,,11.0
2026-09-16,VALE3,73.0,59.830173,88.119804,86.37843,108.56294,0.2071206027397261,none,,11.0
2026-09-17,VALE3,74.51,59.510815,87.34198,85.917366,107.98346,0.1722182257415112,buy,2.30769,11.0
2026-09-18,VALE3,73.37,59.739594,87.59873,85.59948,108.39858,0.1939311707782471,buy,2.30769,11.0
2026-09-21,VALE3,72.55,64.318085,87.486244,85.048706,107.7011,0.2058751757408683,buy,2.30769,11.0
2026-09-22,VALE3,72.83,64.19098,87.31336,84.88063,107.48827,0.1988653027598517,buy,2.30769,11.0
2026-09-23,VALE3,71.48,64.9649,88.36605,85.90399,108.7842,0.23623461108002242,buy,2.30769,11.0
2026-08-24,VAMO3,2.82,3.5,4.81538,4.8,7.0,0.7075815602836881,buy,2.07692,13.0
2026-08-25,VAMO3,3.01,3.5,4.81538,4.8,7.0,0.599794019933555,buy,2.07692,13.0
2026-08-27,VAMO3,3.05,3.5,4.81538,4.8,7.0,0.5788131147540985,buy,2.07692,13.0
2026-08-28,VAMO3,2.99,3.5,4.81538,4.8,7.0,0.6104949832775919,buy,2.07692,13.0
2026-08-29,VAMO3,2.99,3.5,4.81538,4.8,7.0,0.6104949832775919,buy,2.07692,13.0
2026-08-31,VAMO3,2.99,3.5,4.81538,4.8,7.0,0.6104949832775919,buy,2.07692,13.0
2026-09-01,VAMO3,2.98,3.5,4.81538,4.8,7.0,0.6158993288590604,buy,2.07692,13.0
2026-09-02,VAMO3,3.46,3.5,4.80769,4.7,7.0,0.3895057803468209,buy,2.07692,13.0
2026-09-03,VAMO3,3.38,3.5,4.80769,4.7,7.0,0.4223934911242604,buy,2.07692,13.0
2026-09-04,VAMO3,3.5,3.5,4.80769,4.7,7.0,0.3736257142857142,buy,2.07692,13.0
2026-09-07,VAMO3,3.5,3.5,4.80769,4.7,7.0,0.3736257142857142,buy,2.07692,13.0
2026-09-08,VAMO3,3.53,3.5,4.80769,4.7,7.0,0.3619518413597735,buy,2.07692,13.0
2026-09-09,VAMO3,3.37,3.5,4.80769,4.7,7.0,0.4266142433234421,buy,2.07692,13.0
2026-09-10,VAMO3,3.44,3.5,4.80769,4.7,7.0,0.3975843023255814,buy,2.07692,13.0
2026-09-11,VAMO3,3.27,3.5,4.80769,4.7,7.0,0.4702415902140673,buy,2.07692,13.0
2026-09-14,VAMO3,3.24,3.5,4.80769,4.7,7.0,0.4838549382716048,buy,2.07692,13.0
2026-09-15,VAMO3,3.31,3.5,4.80769,4.7,7.0,0.4524743202416919,buy,2.07692,13.0
2026-09-16,VAMO3,3.33,3.5,4.80769,4.7,7.0,0.4437507507507507,buy,2.07692,13.0
2026-09-17,VAMO3,3.35,3.5,4.80769,4.7,7.0,0.4351313432835821,none,,13.0
2026-09-18,VAMO3,3.45,3.5,4.80769,4.7,7.0,0.3935333333333333,none,,13.0
2026-09-21,VAMO3,3.66,3.5,4.80769,4.7,7.0,0.3135765027322403,none,,13.0
2026-09-22,VAMO3,3.68,3.5,4.80769,4.7,7.0,0.3064374999999999,none,,13.0
2026-09-23,VAMO3,3.79,3.5,4.85385,4.7,7.0,0.2806992084432718,buy,2.07692,13.0
2026-08-24,VBBR3,33.86,27.0,38.825,39.5,47.0,0.1466331955109274,buy,1.5625,16.0
2026-08-25,VBBR3,34.09,27.0,38.825,39.5,47.0,0.1388970372543267,buy,1.5625,16.0
2026-08-27,VBBR3,33.61,27.0,39.15625,40.0,47.0,0.1650178518298126,buy,1.6875,16.0
2026-08-28,VBBR3,33.38,27.0,39.15625,40.0,47.0,0.1730452366686636,buy,1.6875,16.0
2026-08-29,VBBR3,33.38,27.0,39.15625,40.0,47.0,0.1730452366686636,buy,1.6875,16.0
2026-08-31,VBBR3,34.42,27.0,39.15625,40.0,47.0,0.1376016850668215,buy,1.6875,16.0
2026-09-01,VBBR3,34.83,27.0,39.15625,40.0,47.0,0.1242104507608383,buy,1.6875,16.0
2026-09-02,VBBR3,36.35,27.0,39.34375,40.5,47.0,0.0823590096286106,buy,1.6875,16.0
2026-09-03,VBBR3,36.87,27.0,39.34375,40.5,47.0,0.0670938432329808,buy,1.6875,16.0
2026-09-04,VBBR3,36.99,27.0,39.59375,41.5,47.0,0.070390646120573,buy,1.6875,16.0
2026-09-07,VBBR3,36.99,27.0,39.59375,41.5,47.0,0.070390646120573,buy,1.6875,16.0
2026-09-08,VBBR3,37.49,27.0,39.59375,41.5,47.0,0.0561149639903972,buy,1.6875,16.0
2026-09-09,VBBR3,37.95,27.0,39.59375,41.5,47.0,0.0433135704874834,buy,1.6875,16.0
2026-09-10,VBBR3,38.25,27.0,39.59375,41.5,47.0,0.0351307189542484,buy,1.6875,16.0
2026-09-11,VBBR3,37.55,27.0,39.59375,41.5,47.0,0.054427430093209,buy,1.6875,16.0
2026-09-14,VBBR3,37.7,27.0,39.59375,41.5,47.0,0.050232095490716,buy,1.6875,16.0
2026-09-15,VBBR3,38.76,27.0,39.59375,41.5,47.0,0.0215105779153768,buy,1.6875,16.0
2026-09-16,VBBR3,39.06,27.0,39.59375,41.5,47.0,0.0136648745519711,buy,1.6875,16.0
2026-09-17,VBBR3,39.43,27.0,41.2375,42.5,48.0,0.0458407304083183,buy,1.6875,16.0
2026-09-18,VBBR3,39.64,27.0,41.425,43.0,48.0,0.0450302724520685,buy,1.6875,16.0
2026-09-21,VBBR3,39.62,27.0,41.425,43.0,48.0,0.045557799091368,buy,1.6875,16.0
2026-09-22,VBBR3,39.7,27.0,41.425,43.0,48.0,0.0434508816120904,buy,1.6875,16.0
2026-09-23,VBBR3,39.97,27.0,41.425,43.0,48.0,0.03640230172629466,buy,1.6875,16.0
2026-08-24,VIVA3,21.6,24.0,31.85714,32.0,37.0,0.4748675925925925,buy,1.57143,14.0
2026-08-25,VIVA3,22.07,24.0,31.85714,32.0,37.0,0.4434589941096512,buy,1.57143,14.0
2026-08-27,VIVA3,22.7,24.0,31.85714,32.0,37.0,0.4033982378854626,buy,1.57143,14.0
2026-08-28,VIVA3,21.97,24.0,31.85714,32.0,37.0,0.4500291306326811,buy,1.57143,14.0
2026-08-29,VIVA3,21.97,24.0,31.85714,32.0,37.0,0.4500291306326811,buy,1.57143,14.0
2026-08-31,VIVA3,22.28,24.0,31.85714,32.0,37.0,0.4298536804308797,buy,1.57143,14.0
2026-09-01,VIVA3,22.5,24.0,31.85714,32.0,37.0,0.4158728888888889,buy,1.57143,14.0
2026-09-02,VIVA3,23.76,24.0,31.64286,32.0,37.0,0.3317702020202018,buy,1.57143,14.0
2026-09-03,VIVA3,23.27,24.0,31.64286,32.0,37.0,0.3598134937688011,buy,1.57143,14.0
2026-09-04,VIVA3,23.13,23.0,31.57143,32.0,37.0,0.3649559014267185,buy,1.57143,14.0
2026-09-07,VIVA3,23.13,23.0,31.57143,32.0,37.0,0.3649559014267185,buy,1.57143,14.0
2026-09-08,VIVA3,22.8,23.0,31.57143,32.0,37.0,0.3847118421052631,buy,1.57143,14.0
2026-09-09,VIVA3,22.38,23.0,31.57143,32.0,37.0,0.4106983914209114,buy,1.57143,14.0
2026-09-10,VIVA3,22.75,23.0,31.57143,32.0,37.0,0.3877551648351647,buy,1.57143,14.0
2026-09-11,VIVA3,22.33,23.0,31.42857,31.5,37.0,0.40745947156292,buy,1.57143,14.0
2026-09-14,VIVA3,22.4,23.0,31.42857,31.5,37.0,0.4030611607142857,buy,1.57143,14.0
2026-09-15,VIVA3,22.44,23.0,31.42857,31.5,37.0,0.4005601604278075,buy,1.57143,14.0
2026-09-16,VIVA3,22.72,23.0,31.42857,31.5,37.0,0.383299735915493,buy,1.57143,14.0
2026-09-17,VIVA3,22.39,23.0,31.42857,31.5,37.0,0.4036878070567218,buy,1.57143,14.0
2026-09-18,VIVA3,22.58,23.0,31.42857,31.5,37.0,0.3918764393268381,buy,1.57143,14.0
2026-09-21,VIVA3,23.82,23.0,31.42857,31.5,37.0,0.3194193954659949,buy,1.57143,14.0
2026-09-22,VIVA3,22.78,23.0,31.42857,31.5,37.0,0.3796562774363476,buy,1.57143,14.0
2026-09-23,VIVA3,22.31,23.0,31.42857,31.5,37.0,0.40872120125504274,buy,1.57143,14.0
2026-08-24,VIVT3,29.42,30.5,37.44667,37.0,50.0,0.2728303874915021,hold,2.8,15.0
2026-08-25,VIVT3,30.0,30.5,37.44667,37.0,50.0,0.2482223333333333,hold,2.8,15.0
2026-08-27,VIVT3,30.06,30.5,37.44667,37.0,50.0,0.2457308715901529,hold,2.8,15.0
2026-08-28,VIVT3,29.61,30.5,37.44667,37.0,50.0,0.2646629517055048,hold,2.8,15.0
2026-08-29,VIVT3,29.61,30.5,37.44667,37.0,50.0,0.2646629517055048,hold,2.8,15.0
2026-08-31,VIVT3,29.85,30.5,37.44667,37.0,50.0,0.254494807370184,hold,2.8,15.0
2026-09-01,VIVT3,29.99,30.5,37.44667,37.0,50.0,0.2486385461820606,hold,2.8,15.0
2026-09-02,VIVT3,30.2,30.5,37.44667,37.0,50.0,0.2399559602649006,hold,2.8,15.0
2026-09-03,VIVT3,30.31,30.5,37.44667,37.0,50.0,0.2354559551303199,hold,2.8,15.0
2026-09-04,VIVT3,30.06,30.5,37.44667,37.0,50.0,0.2457308715901529,hold,2.8,15.0
2026-09-07,VIVT3,30.06,30.5,37.44667,37.0,50.0,0.2457308715901529,hold,2.8,15.0
2026-09-08,VIVT3,30.03,30.5,37.44667,37.0,50.0,0.2469753579753577,hold,2.8,15.0
2026-09-09,VIVT3,30.2,30.5,37.44667,37.0,50.0,0.2399559602649006,hold,2.8,15.0
2026-09-10,VIVT3,30.46,30.5,37.44667,37.0,50.0,0.229371963230466,hold,2.8,15.0
2026-09-11,VIVT3,30.27,30.5,37.44667,37.0,50.0,0.2370885365047901,hold,2.8,15.0
2026-09-14,VIVT3,30.51,30.5,37.44667,37.0,50.0,0.2273572599147819,hold,2.8,15.0
2026-09-15,VIVT3,30.77,30.5,37.44667,37.0,50.0,0.2169863503412414,hold,2.8,15.0
2026-09-16,VIVT3,30.71,30.5,37.44667,37.0,50.0,0.2193640507977856,hold,2.8,15.0
2026-09-17,VIVT3,30.9,30.5,37.44667,37.0,50.0,0.211866343042071,hold,2.8,15.0
2026-09-18,VIVT3,30.95,30.5,37.44667,37.0,50.0,0.2099085621970919,hold,2.8,15.0
2026-09-21,VIVT3,30.73,30.5,37.44667,37.0,50.0,0.2185704523267164,hold,2.8,15.0
2026-09-22,VIVT3,30.69,30.5,37.44667,37.0,50.0,0.2201586836102964,hold,2.8,15.0
2026-09-23,VIVT3,30.12,30.5,37.44667,37.0,50.0,0.2432493359893757,hold,2.8,15.0
2026-08-24,VLID3,17.33,,,,,,none,,
2026-08-25,VLID3,17.53,,,,,,none,,
2026-08-27,VLID3,17.48,,,,,,none,,
2026-08-28,VLID3,17.42,,,,,,none,,
2026-08-29,VLID3,17.42,,,,,,none,,
2026-08-31,VLID3,16.75,,,,,,none,,
2026-09-01,VLID3,17.5,,,,,,none,,
2026-09-02,VLID3,18.0,,,,,,none,,
2026-09-03,VLID3,17.78,,,,,,none,,
2026-09-04,VLID3,17.88,,,,,,none,,
2026-09-07,VLID3,17.88,,,,,,none,,
2026-09-08,VLID3,18.06,,,,,,none,,
2026-09-09,VLID3,17.7,,,,,,none,,
2026-09-10,VLID3,17.86,,,,,,none,,
2026-09-11,VLID3,17.92,,,,,,none,,
2026-09-14,VLID3,17.7,,,,,,none,,
2026-09-15,VLID3,17.7,,,,,,none,,
2026-09-16,VLID3,17.99,,,,,,none,,
2026-09-17,VLID3,17.67,,,,,,none,,
2026-09-18,VLID3,17.31,,,,,,none,,
2026-09-21,VLID3,17.64,,,,,,none,,
2026-09-22,VLID3,17.8,,,,,,none,,
2026-09-23,VLID3,17.33,,,,,,none,,
2026-08-24,VTRU3,13.42,15.0,19.4125,20.0,22.0,0.4465350223546946,buy,1.75,8.0
2026-08-25,VTRU3,13.82,15.0,19.4125,20.0,22.0,0.4046671490593343,buy,1.75,8.0
2026-08-27,VTRU3,13.57,15.0,19.4125,20.0,22.0,0.4305453205600591,buy,1.75,8.0
2026-08-28,VTRU3,13.67,15.0,19.4125,20.0,22.0,0.4200804681784931,none,,8.0
2026-08-29,VTRU3,13.67,15.0,19.4125,20.0,22.0,0.4200804681784931,none,,8.0
2026-08-31,VTRU3,14.06,15.0,19.4125,20.0,22.0,0.3806899004267425,none,,8.0
2026-09-01,VTRU3,14.19,15.0,19.4125,20.0,22.0,0.3680408738548275,none,,8.0
2026-09-02,VTRU3,14.73,15.0,19.4125,20.0,22.0,0.317888662593347,none,,8.0
2026-09-03,VTRU3,14.5,15.0,19.4125,20.0,22.0,0.338793103448276,none,,8.0
2026-09-04,VTRU3,14.77,15.0,19.5375,20.0,22.0,0.3227826675693976,buy,1.75,8.0
2026-09-07,VTRU3,14.77,15.0,19.5375,20.0,22.0,0.3227826675693976,buy,1.75,8.0
2026-09-08,VTRU3,14.68,15.0,19.5375,20.0,22.0,0.3308923705722071,buy,1.75,8.0
2026-09-09,VTRU3,14.49,15.0,19.5375,20.0,22.0,0.3483436853002071,buy,1.75,8.0
2026-09-10,VTRU3,15.0,15.0,19.5375,20.0,22.0,0.3025,buy,1.75,8.0
2026-09-11,VTRU3,14.65,15.0,19.47778,19.0,22.0,0.3295412969283275,buy,1.66667,9.0
2026-09-14,VTRU3,14.66,15.0,19.47778,19.0,22.0,0.3286343792633015,buy,1.66667,9.0
2026-09-15,VTRU3,14.81,15.0,19.47778,19.0,22.0,0.3151775827143821,buy,1.66667,9.0
2026-09-16,VTRU3,14.66,15.0,19.47778,19.0,22.0,0.3286343792633015,buy,1.66667,9.0
2026-09-17,VTRU3,14.65,15.0,19.47778,19.0,22.0,0.3295412969283275,buy,1.66667,9.0
2026-09-18,VTRU3,14.72,15.0,19.47778,19.0,22.0,0.3232187499999999,none,,9.0
2026-09-21,VTRU3,15.18,17.5,20.14444,21.0,22.0,0.3270382081686429,buy,1.66667,9.0
2026-09-22,VTRU3,15.13,17.5,20.14444,21.0,22.0,0.3314236615994712,buy,1.66667,9.0
2026-09-23,VTRU3,15.1,17.5,20.25556,21.0,23.0,0.3414278145695364,buy,1.66667,9.0
2026-08-24,VULC3,13.55,20.0,22.83333,22.5,26.0,0.6851166051660516,none,,6.0
2026-08-25,VULC3,13.61,20.0,22.83333,22.5,26.0,0.6776877296105805,none,,6.0
2026-08-27,VULC3,13.37,20.0,22.83333,22.5,26.0,0.7078032909498879,none,,6.0
2026-08-28,VULC3,13.39,20.0,22.83333,22.5,26.0,0.705252427184466,none,,6.0
2026-08-29,VULC3,13.39,20.0,22.83333,22.5,26.0,0.705252427184466,none,,6.0
2026-08-31,VULC3,13.46,20.0,22.83333,22.5,26.0,0.6963841010401188,none,,6.0
2026-09-01,VULC3,13.42,20.0,22.83333,22.5,26.0,0.701440387481371,none,,6.0
2026-09-02,VULC3,13.3,20.0,22.83333,22.5,26.0,0.7167917293233081,none,,6.0
2026-09-03,VULC3,13.01,20.0,22.83333,22.5,26.0,0.7550599538816296,none,,6.0
2026-09-04,VULC3,13.01,20.0,22.83333,22.5,26.0,0.7550599538816296,none,,6.0
2026-09-07,VULC3,13.01,20.0,22.83333,22.5,26.0,0.7550599538816296,none,,6.0
2026-09-08,VULC3,13.07,20.0,22.83333,22.5,26.0,0.7470030604437643,none,,6.0
2026-09-09,VULC3,12.98,16.0,21.66667,21.5,26.0,0.6692349768875192,none,,6.0
2026-09-10,VULC3,13.25,16.0,21.66667,21.5,26.0,0.6352203773584906,none,,6.0
2026-09-11,VULC3,13.19,16.0,21.66667,21.5,26.0,0.6426588324488249,strong_buy,1.33333,6.0
2026-09-14,VULC3,13.29,16.0,21.66667,21.5,26.0,0.6302987208427391,strong_buy,1.33333,6.0
2026-09-15,VULC3,13.43,16.0,21.66667,21.5,26.0,0.6133037974683544,strong_buy,1.33333,6.0
2026-09-16,VULC3,13.95,16.0,21.66667,21.5,26.0,0.5531663082437277,strong_buy,1.33333,6.0
2026-09-17,VULC3,13.4,16.0,21.66667,21.5,26.0,0.616915671641791,strong_buy,1.33333,6.0
2026-09-18,VULC3,13.41,16.0,21.66667,21.5,26.0,0.615709917971663,strong_buy,1.33333,6.0
2026-09-21,VULC3,13.66,16.0,21.66667,21.5,26.0,0.5861398243045388,strong_buy,1.33333,6.0
2026-09-22,VULC3,13.57,16.0,21.66667,21.5,26.0,0.596659543109801,strong_buy,1.33333,6.0
2026-09-23,VULC3,13.39,16.0,21.66667,21.5,26.0,0.6181232262882748,none,,6.0
2026-08-24,WEGE3,49.07,42.6,55.3,54.5,70.0,0.1269614835948644,buy,2.0,16.0
2026-08-25,WEGE3,49.58,42.6,55.3,54.5,70.0,0.1153691004437273,buy,2.0,16.0
2026-08-27,WEGE3,50.42,42.6,55.3,54.5,70.0,0.0967869892899642,buy,2.0,16.0
2026-08-28,WEGE3,49.98,42.6,55.3,54.5,70.0,0.1064425770308123,buy,2.0,16.0
2026-08-29,WEGE3,49.98,42.6,55.3,54.5,70.0,0.1064425770308123,buy,2.0,16.0
2026-08-31,WEGE3,50.15,42.6,55.3,54.5,70.0,0.1026919242273181,buy,2.0,16.0
2026-09-01,WEGE3,49.7,42.6,55.3,54.5,70.0,0.112676056338028,buy,2.0,16.0
2026-09-02,WEGE3,50.84,42.6,55.3,54.5,70.0,0.0877261998426435,buy,2.0,16.0
2026-09-03,WEGE3,52.06,42.6,55.3,54.5,70.0,0.0622358816749903,buy,2.0,16.0
2026-09-04,WEGE3,51.74,42.6,55.425,54.5,70.0,0.0712214920757632,buy,2.0,16.0
2026-09-07,WEGE3,51.74,42.6,55.425,54.5,70.0,0.0712214920757632,buy,2.0,16.0
2026-09-08,WEGE3,52.65,42.6,55.425,54.5,70.0,0.0527065527065526,buy,2.0,16.0
2026-09-09,WEGE3,51.69,42.6,55.425,54.5,70.0,0.0722576900754496,buy,2.0,16.0
2026-09-10,WEGE3,52.17,42.6,55.425,54.5,70.0,0.0623921794134558,buy,2.0,16.0
2026-09-11,WEGE3,51.49,42.6,55.425,54.5,70.0,0.0764226063313264,buy,2.0,16.0
2026-09-14,WEGE3,50.74,42.6,55.425,54.5,70.0,0.0923334647221125,buy,2.0,16.0
2026-09-15,WEGE3,50.88,42.6,55.55,54.5,70.0,0.0917845911949684,buy,2.0,16.0
2026-09-16,WEGE3,51.28,42.6,55.55,54.5,70.0,0.0832683307332291,buy,2.0,16.0
2026-09-17,WEGE3,51.08,42.6,55.55,54.5,70.0,0.0875097885669538,buy,2.0,16.0
2026-09-18,WEGE3,51.78,42.6,55.55,54.5,70.0,0.0728080339899575,buy,2.0,16.0
2026-09-21,WEGE3,51.08,42.6,55.55,54.5,70.0,0.0875097885669538,buy,2.0,16.0
2026-09-22,WEGE3,51.8,42.6,55.55,54.5,70.0,0.0723938223938223,buy,2.0,16.0
2026-09-23,WEGE3,51.16,44.0,55.64375,54.5,70.0,0.08764171227521511,buy,2.0,16.0
2026-08-24,YDUQ3,8.88,10.0,16.0625,16.0,23.0,0.8088400900900898,buy,1.75,12.0
2026-08-25,YDUQ3,8.74,9.5,15.97917,16.0,23.0,0.8282803203661326,buy,1.75,12.0
2026-08-27,YDUQ3,8.62,9.5,15.97917,16.0,23.0,0.8537320185614852,buy,1.75,12.0
2026-08-28,YDUQ3,8.84,9.5,15.97917,16.0,23.0,0.8075984162895928,buy,1.75,12.0
2026-08-29,YDUQ3,8.84,9.5,15.97917,16.0,23.0,0.8075984162895928,buy,1.75,12.0
2026-08-31,YDUQ3,8.73,9.5,15.97917,16.0,23.0,0.8303745704467353,buy,1.75,12.0
2026-09-01,YDUQ3,8.82,9.5,15.97917,16.0,23.0,0.8116972789115646,buy,1.75,12.0
2026-09-02,YDUQ3,9.31,9.5,15.97917,16.0,23.0,0.716344790547798,buy,1.75,12.0
2026-09-03,YDUQ3,9.49,9.5,15.63462,16.0,23.0,0.6474836670179136,buy,1.69231,13.0
2026-09-04,YDUQ3,9.64,9.5,15.71154,16.0,23.0,0.6298278008298754,buy,1.69231,13.0
2026-09-07,YDUQ3,9.64,9.5,15.71154,16.0,23.0,0.6298278008298754,buy,1.69231,13.0
2026-09-08,YDUQ3,9.95,9.5,15.71154,16.0,23.0,0.5790492462311558,buy,1.69231,13.0
2026-09-09,YDUQ3,10.2,9.5,15.71154,16.0,23.0,0.5403470588235295,buy,1.69231,13.0
2026-09-10,YDUQ3,10.09,9.5,15.71154,16.0,23.0,0.5571397423191278,buy,1.69231,13.0
2026-09-11,YDUQ3,9.91,9.5,15.71154,16.0,23.0,0.585422805247225,buy,1.69231,13.0
2026-09-14,YDUQ3,9.92,9.5,15.71154,16.0,23.0,0.5838245967741935,buy,1.69231,13.0
2026-09-15,YDUQ3,10.15,9.5,15.71154,16.0,23.0,0.547934975369458,buy,1.69231,13.0
2026-09-16,YDUQ3,10.1,9.5,15.71154,16.0,23.0,0.5555980198019801,buy,1.69231,13.0
2026-09-17,YDUQ3,10.41,9.5,15.71154,16.0,23.0,0.5092737752161383,buy,1.69231,13.0
2026-09-18,YDUQ3,10.6,9.5,15.86538,16.0,23.0,0.4967339622641509,buy,1.69231,13.0
2026-09-21,YDUQ3,11.14,9.5,15.28846,16.0,23.0,0.3723931777378815,buy,1.69231,13.0
2026-09-22,YDUQ3,11.21,9.5,15.28846,16.0,23.0,0.3638233719892951,buy,1.69231,13.0
2026-09-23,YDUQ3,10.86,9.5,15.0625,15.5,23.0,0.3869705340699816,buy,1.69231,12.0
