data,ticker,nome,setor,industria,preco_atual,market_cap,pl,pl_forward,pvp,psr,ev_ebitda,roe,roa,margem_liquida,margem_bruta,margem_ebitda,dividend_yield,payout_ratio,divida_patrimonio,lpa,lpa_forward,beta,volume_medio
2026-08-24,ABCB4,ABC BRASIL  PN      N2,Financial Services,Banks - Regional,22.72,5854939136.0,4.0789943,4.7514977,0.8073916,2.3489144,,0.14905,0.01544,0.40916002,0.0,0.0,10.27,0.48479998,,5.57,4.78165,0.191,613946
2026-08-25,ABCB4,ABC BRASIL  PN      N2,Financial Services,Banks - Regional,23.05,5939979776.0,4.1382403,4.8205113,0.8191187,2.3830314,,0.14905,0.01544,0.40916002,0.0,0.0,10.28,0.48479998,,5.57,4.78165,0.191,618677
2026-08-27,ABCB4,ABC BRASIL  PN      N2,Financial Services,Banks - Regional,23.04,5937403392.0,4.136445,4.8184204,0.8187634,2.3819978,,0.14905,0.01544,0.40916002,0.0,0.0,10.13,0.48479998,,5.57,4.78165,0.191,622279
2026-08-28,ABCB4,ABC BRASIL  PN      N2,Financial Services,Banks - Regional,23.1,5952865280.0,4.1472173,4.923641,0.82089555,2.388201,,0.14905,0.01544,0.40916002,0.0,0.0,10.14,0.48479998,,5.57,4.69165,0.191,627710
2026-08-29,ABCB4,ABC BRASIL  PN      N2,Financial Services,Banks - Regional,23.1,5952865280.0,4.1472173,4.923641,0.82089555,2.388201,,0.14905,0.01544,0.40916002,0.0,0.0,10.14,0.48479998,,5.57,4.69165,0.191,627710
2026-08-31,ABCB4,ABC BRASIL  PN      N2,Financial Services,Banks - Regional,23.1,5952865280.0,4.1472173,4.923641,0.82089555,2.388201,,0.14905,0.01544,0.40916002,0.0,0.0,10.11,0.48479998,,5.57,4.69165,0.191,621884
2026-09-01,ABCB4,ABC BRASIL  PN      N2,Financial Services,Banks - Regional,23.6,6081715200.0,4.236984,5.0302134,0.8386639,2.4398937,,0.14905,0.01544,0.40916002,0.0,0.0,10.11,0.48479998,,5.57,4.69165,0.191,619614
2026-08-24,ABEV3,AMBEV S/A   ON,Consumer Defensive,Beverages - Brewers,15.25,235154964480.0,14.805825,13.736759,2.6684163,2.6640933,8.1,0.184,0.10296,0.18406,0.51903,0.30346,4.87,0.7648,3.317,1.03,1.11016,0.262,27466189
2026-08-25,ABEV3,AMBEV S/A   ON,Consumer Defensive,Beverages - Brewers,15.31,236080185344.0,14.8640785,13.790806,2.678915,2.674575,8.245,0.184,0.10296,0.18406,0.51903,0.30346,4.79,0.7648,3.317,1.03,1.11016,0.262,27769703
2026-08-27,ABEV3,AMBEV S/A   ON,Consumer Defensive,Beverages - Brewers,15.24,235000774656.0,14.796117,13.727751,2.6666665,2.6623464,8.239,0.184,0.10296,0.18406,0.51903,0.30346,4.78,0.7648,3.317,1.03,1.11016,0.262,27481376
2026-08-28,ABEV3,AMBEV S/A   ON,Consumer Defensive,Beverages - Brewers,15.19,234229760000.0,14.747573,13.682713,2.6579175,2.6536117,8.17,0.184,0.10296,0.18406,0.51903,0.30346,4.84,0.7648,3.317,1.03,1.11016,0.262,27087164
2026-08-29,ABEV3,AMBEV S/A   ON,Consumer Defensive,Beverages - Brewers,15.19,234229760000.0,14.747573,13.682713,2.6579175,2.6536117,8.17,0.184,0.10296,0.18406,0.51903,0.30346,4.84,0.7648,3.317,1.03,1.11016,0.262,26145663
2026-08-31,ABEV3,AMBEV S/A   ON,Consumer Defensive,Beverages - Brewers,15.03,231762575360.0,14.735294,13.538589,2.6299212,2.6256607,8.118,0.184,0.10296,0.18406,0.51903,0.30346,4.81,0.7648,3.317,1.02,1.11016,0.262,25815384
2026-09-01,ABEV3,AMBEV S/A   ON,Consumer Defensive,Beverages - Brewers,15.17,233921380352.0,14.728156,13.664697,2.6544182,2.6501179,8.198,0.184,0.10296,0.18406,0.51903,0.30346,4.86,0.7648,3.317,1.03,1.11016,0.262,26203746
2026-08-24,ALOS3,ALLOS       ON      NM,Real Estate,Real Estate Services,26.01,13008670720.0,13.689474,13.390858,1.0120622,4.370368,9.596,0.07586,0.03656,0.31397,0.73697996,0.71266,13.43,1.5509,56.087,1.9,1.94237,0.123,4782490
2026-08-25,ALOS3,ALLOS       ON  ED  NM,Real Estate,Real Estate Services,26.56,13283747840.0,14.05291,13.674016,1.033463,4.4627824,9.58,0.07586,0.03656,0.31397,0.73697996,0.71266,13.47,1.5509,56.087,1.89,1.94237,0.123,4755887
2026-08-27,ALOS3,ALLOS       ON  ED  NM,Real Estate,Real Estate Services,26.43,13218729984.0,13.984127,13.607088,1.0284046,4.440939,9.71,0.07586,0.03656,0.31397,0.73697996,0.71266,13.19,1.5509,56.087,1.89,1.94237,0.123,4751846
2026-08-28,ALOS3,ALLOS       ON  ED  NM,Real Estate,Real Estate Services,26.41,13208726528.0,13.973545,13.596791,1.0276264,4.437578,9.627,0.07586,0.03656,0.31397,0.73697996,0.71266,13.37,1.5509,56.087,1.89,1.94237,0.123,4723759
2026-08-29,ALOS3,ALLOS       ON  ED  NM,Real Estate,Real Estate Services,26.41,13208726528.0,13.973545,13.596791,1.0276264,4.437578,9.627,0.07586,0.03656,0.31397,0.73697996,0.71266,13.37,1.5509,56.087,1.89,1.94237,0.123,4680441
2026-08-31,ALOS3,ALLOS       ON  ED  NM,Real Estate,Real Estate Services,26.69,13348766720.0,14.121694,13.740945,1.0385214,4.484626,9.74,0.07586,0.03656,0.31397,0.73697996,0.71266,13.26,1.5509,56.087,1.89,1.94237,0.123,4551888
2026-09-01,ALOS3,ALLOS       ON  ED  NM,Real Estate,Real Estate Services,27.32,13663855616.0,14.455027,14.06529,1.063035,4.5904827,9.889,0.07586,0.03656,0.31397,0.73697996,0.71266,13.12,1.5509,56.087,1.89,1.94237,0.123,4554428
2026-08-24,ALPA4,ALPARGATAS  PN      N1,Consumer Cyclical,Footwear & Accessories,12.7,8625871872.0,12.828282,10.339998,2.3831863,1.7870628,11.343,0.18084998,0.07609,0.14524001,0.52955,0.17177,5.04,0.5444,38.72,0.99,1.22824,0.545,1541273
2026-08-25,ALPA4,ALPARGATAS  PN      N1,Consumer Cyclical,Footwear & Accessories,13.24,8992642048.0,13.373737,10.779652,2.4845185,1.8630483,11.228,0.18084998,0.07609,0.14524001,0.52955,0.17177,5.1,0.5444,38.72,0.99,1.22824,0.545,1548087
2026-08-27,ALPA4,ALPARGATAS  PN      N1,Consumer Cyclical,Footwear & Accessories,13.6,9237154816.0,13.737374,11.072755,2.5520737,1.9137052,11.671,0.18084998,0.07609,0.14524001,0.52955,0.17177,4.89,0.5444,38.72,0.99,1.22824,0.545,1553075
2026-08-28,ALPA4,ALPARGATAS  PN      N1,Consumer Cyclical,Footwear & Accessories,14.4,9780516864.0,14.545454,11.554756,2.7021954,2.026276,12.556,0.18084998,0.07609,0.14524001,0.52955,0.17177,4.52,0.5444,38.72,0.99,1.24624,0.545,1590350
2026-08-29,ALPA4,ALPARGATAS  PN      N1,Consumer Cyclical,Footwear & Accessories,14.4,9780516864.0,14.545454,11.554756,2.7021954,2.026276,12.556,0.18084998,0.07609,0.14524001,0.52955,0.17177,4.52,0.5444,38.72,0.99,1.24624,0.545,1586923
2026-08-31,ALPA4,ALPARGATAS  PN      N1,Consumer Cyclical,Footwear & Accessories,14.99,10181462016.0,15.141414,12.02818,2.8129106,2.1093419,13.104,0.18084998,0.07609,0.14524001,0.52955,0.17177,4.5,0.5444,38.72,0.99,1.24624,0.545,1615792
2026-09-01,ALPA4,ALPARGATAS  PN      N1,Consumer Cyclical,Footwear & Accessories,14.0,9508835328.0,14.141414,11.233791,2.6271346,1.9699905,12.293,0.18084998,0.07609,0.14524001,0.52955,0.17177,4.32,0.5444,38.72,0.99,1.24624,0.545,1628548
2026-08-24,ALUP11,ALUPAR      UNT ED  N2,Utilities,Utilities - Renewable,31.96,15201965056.0,7.6587586,11.524343,1.1495988,3.0343657,7.9,0.15841,0.05696,0.27677,0.65850997,0.64697,2.33,,111.329,4.173,2.77326,0.141,880614
2026-08-25,ALUP11,ALUPAR      UNT ED  N2,Utilities,Utilities - Renewable,32.66,15534924800.0,7.8265038,11.776753,1.1166958,3.1008255,7.882,0.15841,0.05696,0.27677,0.65850997,0.64697,2.35,,111.329,4.173,2.77326,0.141,882693
2026-08-27,ALUP11,ALUPAR      UNT ED  N2,Utilities,Utilities - Renewable,32.8,15601516544.0,7.8600526,11.827235,1.1214825,3.1141176,7.968,0.15841,0.05696,0.27677,0.65850997,0.64697,2.3,,111.329,4.173,2.77326,0.141,877610
2026-08-28,ALUP11,ALUPAR      UNT ED  N2,Utilities,Utilities - Renewable,32.7,15553951744.0,7.8360896,11.791177,1.1180634,3.1046236,7.94,0.15841,0.05696,0.27677,0.65850997,0.64697,2.31,,111.329,4.173,2.77326,0.141,891146
2026-08-29,ALUP11,ALUPAR      UNT ED  N2,Utilities,Utilities - Renewable,32.7,15553951744.0,7.8360896,11.791177,1.1180634,3.1046236,7.94,0.15841,0.05696,0.27677,0.65850997,0.64697,2.31,,111.329,4.173,2.77326,0.141,879322
2026-08-31,ALUP11,ALUPAR      UNT     N2,Utilities,Utilities - Renewable,32.74,15572978688.0,7.8456755,11.805601,1.1194311,3.1084213,7.962,0.15841,0.05696,0.27677,0.65850997,0.64697,2.29,,111.329,4.173,2.77326,0.141,874279
2026-09-01,ALUP11,ALUPAR      UNT     N2,Utilities,Utilities - Renewable,32.63,15520655360.0,7.819315,11.765936,1.1156701,3.0979774,7.95,0.15841,0.05696,0.27677,0.65850997,0.64697,2.29,,111.329,4.173,2.77326,0.141,880495
2026-08-24,ANIM3,ANIMA       ON      NM,Consumer Defensive,Education & Training Services,2.51,948429056.0,6.121951,3.3433678,0.4122865,0.22860944,4.858,0.09607001,0.065349996,0.03708,0.63391,0.30563998,3.28,0.18969999,161.397,0.41,0.75074,,9610831
2026-08-25,ANIM3,ANIMA       ON      NM,Consumer Defensive,Education & Training Services,2.74,1035336960.0,6.682927,3.6497324,0.45006573,0.24955773,4.9,0.09607001,0.065349996,0.03708,0.63391,0.30563998,3.1,0.18969999,161.397,0.41,0.75074,,9708448
2026-08-27,ANIM3,ANIMA       ON      NM,Consumer Defensive,Education & Training Services,2.73,1031558336.0,6.658537,3.6364121,0.42669585,0.24864693,4.606,0.09607001,0.065349996,0.03708,0.63391,0.30524,2.84,0.18969999,201.974,0.41,0.75074,0.716,9873139
2026-08-28,ANIM3,ANIMA       ON      NM,Consumer Defensive,Education & Training Services,2.75,1039115520.0,6.7073174,3.6630526,0.42982185,0.25046852,4.621,0.09607001,0.065349996,0.03708,0.63391,0.30524,2.8,0.18969999,201.974,0.41,0.75074,0.716,10105620
2026-08-29,ANIM3,ANIMA       ON      NM,Consumer Defensive,Education & Training Services,2.75,1039115520.0,6.7073174,3.6630526,0.42982185,0.25046852,4.621,0.09607001,0.065349996,0.03708,0.63391,0.30524,2.8,0.18969999,201.974,0.41,0.75074,0.716,10211987
2026-08-31,ANIM3,ANIMA       ON      NM,Consumer Defensive,Education & Training Services,2.81,1061787136.0,6.8536587,3.640132,0.43919975,0.25593328,4.63,0.09607001,0.065349996,0.03708,0.63391,0.30524,2.83,0.18969999,201.974,0.41,0.77195,0.716,10191743
2026-09-01,ANIM3,ANIMA       ON      NM,Consumer Defensive,Education & Training Services,2.8,1058008512.0,6.8292685,3.6271777,0.43763676,0.2550225,4.627,0.09607001,0.065349996,0.03708,0.63391,0.30524,2.77,0.18969999,201.974,0.41,0.77195,0.716,10230126
2026-08-24,ARML3,ARMAC       ON      NM,Industrials,Rental & Leasing Services,3.45,1193817088.0,20.294117,3.108108,0.8778626,0.59892994,5.104,0.06273,0.05254,0.031089999,0.31827,0.36566,18.72,3.14,212.081,0.17,1.11,0.096,947121
2026-08-25,ARML3,ARMAC       ON      NM,Industrials,Rental & Leasing Services,3.7,1280325632.0,21.764706,3.3333333,0.9315207,0.64233065,5.175,0.06273,0.05254,0.031089999,0.31827,0.36566,17.9,3.14,212.081,0.17,1.11,0.096,940040
2026-08-27,ARML3,ARMAC       ON      NM,Industrials,Rental & Leasing Services,3.7,1280325632.0,20.555555,3.3333333,0.9315207,0.64233065,5.294,0.06273,0.05254,0.031089999,0.31827,0.36566,16.69,3.14,212.081,0.18,1.11,0.096,939451
2026-08-28,ARML3,ARMAC       ON      NM,Industrials,Rental & Leasing Services,3.65,1263024000.0,20.277777,3.2882884,0.91893256,0.63365054,5.284,0.06273,0.05254,0.031089999,0.31827,0.36566,16.78,3.14,212.081,0.18,1.11,0.096,940695
2026-08-29,ARML3,ARMAC       ON      NM,Industrials,Rental & Leasing Services,3.65,1263024000.0,20.277777,3.2882884,0.91893256,0.63365054,5.284,0.06273,0.05254,0.031089999,0.31827,0.36566,16.78,3.14,212.081,0.18,1.11,0.096,940801
2026-08-31,ARML3,ARMAC       ON      NM,Industrials,Rental & Leasing Services,3.58,1238801536.0,21.058823,3.2252252,0.9013092,0.6214983,5.237,0.06273,0.05254,0.031089999,0.31827,0.36566,16.92,3.14,212.081,0.17,1.11,0.096,932448
2026-09-01,ARML3,ARMAC       ON      NM,Industrials,Rental & Leasing Services,3.6,1245722240.0,19.999998,3.2432432,0.9063444,0.6249704,5.246,0.06273,0.05254,0.031089999,0.31827,0.36566,17.25,3.14,212.081,0.18,1.11,0.096,915164
2026-08-24,ASAI3,ASSAI       ON      NM,Consumer Defensive,Grocery Stores,8.31,11122577408.0,22.459461,8.843625,1.7527947,0.143395,5.576,0.16157,0.06763,0.01244,0.18195999,0.078049995,1.42,0.32099998,425.355,0.37,0.93966,0.237,10738504
2026-08-25,ASAI3,ASSAI       ON      NM,Consumer Defensive,Grocery Stores,8.96,11992573952.0,24.216215,9.535364,1.8898966,0.15461121,5.556,0.16157,0.06763,0.01244,0.18195999,0.078049995,1.43,0.32099998,425.355,0.37,0.93966,0.237,10658756
2026-08-27,ASAI3,ASSAI       ON      NM,Consumer Defensive,Grocery Stores,8.37,11202884608.0,22.62162,8.375947,1.7654502,0.14443035,5.569,0.16157,0.06763,0.01244,0.18195999,0.078049995,1.33,0.32099998,425.355,0.37,0.99929,0.237,10569650
2026-08-28,ASAI3,ASSAI       ON      NM,Consumer Defensive,Grocery Stores,8.16,10921808896.0,22.054054,8.515079,1.7211558,0.14080665,5.532,0.16157,0.06763,0.01244,0.18195999,0.078049995,1.45,0.32099998,425.355,0.37,0.9583,0.237,10462737
2026-08-29,ASAI3,ASSAI       ON      NM,Consumer Defensive,Grocery Stores,8.16,10921808896.0,22.054054,8.515079,1.7211558,0.14080665,5.532,0.16157,0.06763,0.01244,0.18195999,0.078049995,1.45,0.32099998,425.355,0.37,0.9583,0.237,10281060
2026-08-31,ASAI3,ASSAI       ON      NM,Consumer Defensive,Grocery Stores,8.44,11296576512.0,22.81081,8.807262,1.780215,0.14563824,5.585,0.16157,0.06763,0.01244,0.18195999,0.078049995,1.46,0.32099998,425.355,0.37,0.9583,0.237,10191788
2026-09-01,ASAI3,ASSAI       ON      NM,Consumer Defensive,Grocery Stores,8.5,11376883712.0,22.972973,8.869874,1.7928706,0.14667359,5.598,0.16157,0.06763,0.01244,0.18195999,0.078049995,1.41,0.32099998,425.355,0.37,0.9583,0.237,10312328
2026-08-24,AUAU3,PETZCOBASI  ON      NM,Consumer Cyclical,Personal Services,3.23,2780364032.0,,9.526057,0.8890724,0.5541868,6.996,0.09104,0.05605,0.03836,0.46493,0.12603,0.94,,70.19,,0.33907,,3061290
2026-08-25,AUAU3,PETZCOBASI  ON      NM,Consumer Cyclical,Personal Services,3.33,2866443264.0,,9.820981,0.91659784,0.57134426,6.996,0.09104,0.05605,0.03836,0.46493,0.12603,0.94,,70.19,,0.33907,,3075690
2026-08-27,AUAU3,PETZCOBASI  ON      NM,Consumer Cyclical,Personal Services,3.28,2823403520.0,,9.673519,0.90283513,0.56276554,7.079,0.09104,0.05605,0.03836,0.46493,0.12603,0.91,,70.19,,0.33907,,3119878
2026-08-28,AUAU3,PETZCOBASI  ON      NM,Consumer Cyclical,Personal Services,3.35,2883659008.0,,9.879966,0.9221029,0.57477576,7.107,0.09104,0.05605,0.03836,0.46493,0.12603,0.92,,70.19,,0.33907,,3131540
2026-08-29,AUAU3,PETZCOBASI  ON      NM,Consumer Cyclical,Personal Services,3.35,2883659008.0,,9.879966,0.9221029,0.57477576,7.107,0.09104,0.05605,0.03836,0.46493,0.12603,0.92,,70.19,,0.33907,,3100866
2026-08-31,AUAU3,PETZCOBASI  ON      NM,Consumer Cyclical,Personal Services,3.44,2961130752.0,,10.145398,0.94687593,0.59021753,7.301,0.09104,0.05605,0.03836,0.46493,0.12603,0.9,,70.19,,0.33907,,3071668
2026-09-01,AUAU3,PETZCOBASI  ON      NM,Consumer Cyclical,Personal Services,3.56,3064425728.0,,10.499307,0.97990644,0.61080647,7.467,0.09104,0.05605,0.03836,0.46493,0.12603,0.88,,70.19,,0.33907,,3112995
2026-08-24,AURE3,AUREN       ON      NM,Utilities,Utilities - Renewable,10.25,10707509248.0,,-72.20344,0.9304648,0.7949652,10.36,-0.076799996,0.020380002,-0.08088,0.16885,0.22895001,0.41,0.0,185.482,-1.04,-0.14196,0.2,2833615
2026-08-25,AURE3,AUREN       ON      NM,Utilities,Utilities - Renewable,10.71,11188041728.0,,-75.44379,0.97222227,0.83064175,10.367,-0.076799996,0.020380002,-0.08088,0.16885,0.22895001,0.41,0.0,185.482,-1.04,-0.14196,0.2,2857660
2026-08-27,AURE3,AUREN       ON      NM,Utilities,Utilities - Renewable,10.85,11334290432.0,,-76.429985,0.98493105,0.8414998,10.523,-0.076799996,0.020380002,-0.08088,0.16885,0.22895001,0.41,0.0,185.482,-1.04,-0.14196,0.2,2868387
2026-08-28,AURE3,AUREN       ON      NM,Utilities,Utilities - Renewable,10.8,11282059264.0,,-76.077774,0.9803922,0.8376219,10.574,-0.076799996,0.020380002,-0.08088,0.16885,0.22895001,0.41,0.0,185.482,-1.04,-0.14196,0.2,2926632
2026-08-29,AURE3,AUREN       ON      NM,Utilities,Utilities - Renewable,10.8,11282059264.0,,-76.077774,0.9803922,0.8376219,10.574,-0.076799996,0.020380002,-0.08088,0.16885,0.22895001,0.41,0.0,185.482,-1.04,-0.14196,0.2,2926632
2026-08-31,AURE3,AUREN       ON      NM,Utilities,Utilities - Renewable,11.19,11689465856.0,,-78.82502,1.0157952,0.8678693,10.685,-0.076799996,0.020380002,-0.08088,0.16885,0.22895001,0.41,0.0,185.482,-1.08,-0.14196,0.2,2903195
2026-09-01,AURE3,AUREN       ON      NM,Utilities,Utilities - Renewable,11.25,11752144896.0,,-79.24768,1.0212419,0.87252283,10.706,-0.076799996,0.020380002,-0.08088,0.16885,0.22895001,0.41,0.0,185.482,-1.04,-0.14196,0.2,2876901
2026-08-24,AXIA3,AXIA ENERGIAON  ATZ NM,Utilities,Utilities - Renewable,52.53,119607132160.0,10.043977,9.018537,1.2321441,2.6836786,11.231,0.10005999,0.03031,0.2705,0.47402,0.40272,7.03,0.6973,62.519,5.23,5.82467,0.217,11200596
2026-08-25,AXIA3,AXIA ENERGIAON  ATZ NM,Utilities,Utilities - Renewable,53.65,122157301760.0,10.258126,9.210823,1.2584149,2.740898,11.34,0.10005999,0.03031,0.2705,0.47402,0.40272,6.94,0.6973,62.519,5.23,5.82467,0.217,11322539
2026-08-27,AXIA3,AXIA ENERGIAON  ATZ NM,Utilities,Utilities - Renewable,53.41,121610829824.0,10.212237,9.169619,1.2527854,2.7286365,11.48,0.10005999,0.03031,0.2705,0.47402,0.40272,6.8,0.6973,62.519,5.23,5.82467,0.217,11410166
2026-08-28,AXIA3,AXIA ENERGIAON  ATZ NM,Utilities,Utilities - Renewable,53.1,120904982528.0,10.152964,9.116396,1.245514,2.712799,11.351,0.10005999,0.03031,0.2705,0.47402,0.40272,6.83,0.6973,62.519,5.23,5.82467,0.217,11413368
2026-08-29,AXIA3,AXIA ENERGIAON  ATZ NM,Utilities,Utilities - Renewable,53.1,120904982528.0,10.152964,9.116396,1.245514,2.712799,11.351,0.10005999,0.03031,0.2705,0.47402,0.40272,6.83,0.6973,62.519,5.23,5.82467,0.217,11113401
2026-08-31,AXIA3,AXIA ENERGIAON      NM,Utilities,Utilities - Renewable,53.12,120950521856.0,10.156788,9.11983,1.2459831,2.713821,11.434,0.10005999,0.03031,0.2705,0.47402,0.40272,6.87,0.6973,62.519,5.23,5.82467,0.217,11059114
2026-09-01,AXIA3,AXIA ENERGIAON      NM,Utilities,Utilities - Renewable,53.75,122384990208.0,10.277246,9.227991,1.2607604,2.7460067,11.535,0.10005999,0.03031,0.2705,0.47402,0.40272,6.87,0.6973,62.519,5.23,5.82467,0.217,11019415
2026-08-24,AZZA3,AZZAS 2154  ON      NM,Consumer Cyclical,Footwear & Accessories,14.54,2939637504.0,2.913828,3.043885,0.016961787,0.25865394,2.285,0.03958,0.033210002,0.02852,0.54604,0.11472999,16.36,0.49580002,49.417,4.99,4.77679,,2573873
2026-08-25,AZZA3,AZZAS 2154  ON      NM,Consumer Cyclical,Footwear & Accessories,14.64,2959855104.0,2.933868,3.0648196,0.017078442,0.26043284,2.281,0.03958,0.033210002,0.02852,0.54604,0.11472999,17.03,0.49580002,49.417,4.99,4.77679,,2610570
2026-08-27,AZZA3,AZZAS 2154  ON      NM,Consumer Cyclical,Footwear & Accessories,14.89,3010398976.0,2.9839683,3.117156,0.37441224,0.26488012,5.464,0.03958,0.03331,0.02852,0.54604,0.09712,16.91,0.49580002,49.417,4.99,4.77679,0.029,2624432
2026-08-28,AZZA3,AZZAS 2154  ON      NM,Consumer Cyclical,Footwear & Accessories,14.66,2963898368.0,2.9378757,3.0690064,0.36862883,0.26078862,5.446,0.03958,0.03331,0.02852,0.54604,0.09712,16.74,0.49580002,49.417,4.99,4.77679,0.029,2634981
2026-08-29,AZZA3,AZZAS 2154  ON      NM,Consumer Cyclical,Footwear & Accessories,14.66,2963898368.0,2.9378757,3.0690064,0.36862883,0.26078862,5.446,0.03958,0.03331,0.02852,0.54604,0.09712,16.74,0.49580002,49.417,4.99,4.77679,0.029,2626852
2026-08-31,AZZA3,AZZAS 2154  ON      NM,Consumer Cyclical,Footwear & Accessories,14.86,3004333568.0,2.9367588,3.1108756,0.37365785,0.26434645,5.459,0.03958,0.03331,0.02852,0.54604,0.09712,16.89,0.49580002,49.417,5.06,4.77679,0.029,2631904
2026-09-01,AZZA3,AZZAS 2154  ON      NM,Consumer Cyclical,Footwear & Accessories,15.07,3046790656.0,3.0200403,3.154838,0.37893835,0.26808217,5.497,0.03958,0.03331,0.02852,0.54604,0.09712,16.66,0.49580002,49.417,4.99,4.77679,0.029,2624146
2026-08-24,B3SA3,B3          ON      NM,Financial Services,Financial Data & Stock Exchanges,15.45,77109862400.0,15.45,12.041995,4.128808,7.1549444,10.364,0.27714002,0.09255,0.49453998,0.95095,0.67370003,5.86,0.7541,82.574,1.0,1.28301,0.11,38219121
2026-08-25,B3SA3,B3          ON      NM,Financial Services,Financial Data & Stock Exchanges,15.75,78607138816.0,15.75,12.27582,4.208979,7.293875,10.612,0.27714002,0.09255,0.49453998,0.95095,0.67370003,5.73,0.7541,82.574,1.0,1.28301,0.11,38481151
2026-08-27,B3SA3,B3          ON      NM,Financial Services,Financial Data & Stock Exchanges,15.75,78607138816.0,15.75,12.27582,4.208979,7.293875,10.819,0.27714002,0.09255,0.49453998,0.95095,0.67370003,5.62,0.7541,82.574,1.0,1.28301,0.11,38400621
2026-08-28,B3SA3,B3          ON      NM,Financial Services,Financial Data & Stock Exchanges,16.04,80054509568.0,16.04,12.637783,4.286478,7.4281754,10.805,0.27714002,0.09255,0.49453998,0.95095,0.67370003,5.62,0.7541,82.574,1.0,1.26921,0.11,38391143
2026-08-29,B3SA3,B3          ON      NM,Financial Services,Financial Data & Stock Exchanges,16.04,80054509568.0,16.04,12.637783,4.286478,7.4281754,10.805,0.27714002,0.09255,0.49453998,0.95095,0.67370003,5.62,0.7541,82.574,1.0,1.26921,0.11,38238519
2026-08-31,B3SA3,B3          ON      NM,Financial Services,Financial Data & Stock Exchanges,16.22,80952868864.0,16.22,12.779603,4.33458,7.5115333,11.142,0.27714002,0.09255,0.49453998,0.95095,0.67370003,5.52,0.7541,82.574,1.0,1.26921,0.11,38034506
2026-09-01,B3SA3,B3          ON      NM,Financial Services,Financial Data & Stock Exchanges,16.62,82949251072.0,16.62,13.094761,4.4414754,7.6967754,11.418,0.27714002,0.09255,0.49453998,0.95095,0.67370003,5.45,0.7541,82.574,1.0,1.26921,0.11,37768137
2026-08-24,BBAS3,BRASIL      ON      NM,Financial Services,Banks - Regional,18.6,106185048064.0,8.651162,4.047658,0.5834928,1.4152488,,0.105459996,0.007850001,0.21834,0.0,0.0,0.75,0.115200005,,2.15,4.59525,0.234,23009095
2026-08-25,BBAS3,BRASIL      ON      NM,Financial Services,Banks - Regional,19.57,111722643456.0,9.102325,4.258745,0.61392224,1.4890546,,0.105459996,0.007850001,0.21834,0.0,0.0,0.74,0.115200005,,2.15,4.59525,0.234,23122359
2026-08-27,BBAS3,BRASIL      ON      NM,Financial Services,Banks - Regional,19.52,111437209600.0,9.079069,4.2478647,0.61235374,1.4852502,,0.105459996,0.007850001,0.21834,0.0,0.0,0.71,0.115200005,,2.15,4.59525,0.234,23470103
2026-08-28,BBAS3,BRASIL      ON      NM,Financial Services,Banks - Regional,20.17,115147972608.0,9.381395,4.389315,0.6327446,1.5347078,,0.105459996,0.007850001,0.21834,0.0,0.0,0.71,0.115200005,,2.15,4.59525,0.234,23781957
2026-08-29,BBAS3,BRASIL      ON      NM,Financial Services,Banks - Regional,20.17,115147972608.0,9.381395,4.389315,0.6327446,1.5347078,,0.105459996,0.007850001,0.21834,0.0,0.0,0.71,0.115200005,,2.15,4.59525,0.234,23198933
2026-08-31,BBAS3,BRASIL      ON      NM,Financial Services,Banks - Regional,20.74,118402031616.0,9.646511,4.513356,0.6506258,1.5780783,,0.105459996,0.007850001,0.21834,0.0,0.0,0.68,0.115200005,,2.15,4.59525,0.234,22744514
2026-09-01,BBAS3,BRASIL      ON      NM,Financial Services,Banks - Regional,21.21,121085198336.0,9.865115,4.6156354,0.66537,1.6138399,,0.105459996,0.007850001,0.21834,0.0,0.0,0.67,0.115200005,,2.15,4.59525,0.234,23093245
2026-08-24,BBDC3,BRADESCO    ON      N1,Financial Services,Banks - Regional,14.36,156404449280.0,6.5570774,,0.8373666,1.6767546,,0.13763,0.010650001,0.26071,0.0,0.0,1.44,0.64449996,,2.19,,0.233,6942554
2026-08-25,BBDC3,BRADESCO    ON      N1,Financial Services,Banks - Regional,14.78,160978944000.0,6.748858,,0.86185783,1.7257961,,0.13763,0.010650001,0.26071,0.0,0.0,1.44,0.64449996,,2.19,,0.233,7010284
2026-08-27,BBDC3,BRADESCO    ON      N1,Financial Services,Banks - Regional,14.92,162503786496.0,6.812785,,0.8700216,1.7421434,,0.13763,0.010650001,0.26071,0.0,0.0,1.4,0.64449996,,2.19,,0.233,6994148
2026-08-28,BBDC3,BRADESCO    ON      N1,Financial Services,Banks - Regional,15.04,159261212672.0,6.86758,,0.87701905,1.707381,,0.13763,0.010650001,0.26071,0.0,0.0,1.38,0.64449996,,2.19,,0.233,7091642
2026-08-29,BBDC3,BRADESCO    ON      N1,Financial Services,Banks - Regional,15.04,159261212672.0,6.86758,,0.87701905,1.707381,,0.13763,0.010650001,0.26071,0.0,0.0,1.38,0.64449996,,2.19,,0.233,6819061
2026-08-31,BBDC3,BRADESCO    ON      N1,Financial Services,Banks - Regional,15.17,160637812736.0,6.9269404,,0.8845997,1.722139,,0.13763,0.010650001,0.26071,0.0,0.0,1.38,0.64449996,,2.19,,0.233,6799860
2026-09-01,BBDC3,BRADESCO    ON      N1,Financial Services,Banks - Regional,15.29,161908506624.0,6.9817348,,0.89159715,1.7357616,,0.13763,0.010650001,0.26071,0.0,0.0,1.36,0.64449996,,2.19,,0.233,6853315
2026-08-24,BBDC4,BRADESCO    PN      N1,Financial Services,Banks - Regional,16.27,176898654208.0,7.4292235,5.410169,0.9487434,1.8964655,,0.13763,0.010650001,0.26071,0.0,0.0,1.4,0.709,,2.19,3.0073,0.233,31066984
2026-08-25,BBDC4,BRADESCO    PN      N1,Financial Services,Banks - Regional,16.78,182443720704.0,7.662101,5.5797563,0.9784827,1.9559121,,0.13763,0.010650001,0.26071,0.0,0.0,1.4,0.709,,2.19,3.0073,0.233,31350808
2026-08-27,BBDC4,BRADESCO    PN      N1,Financial Services,Banks - Regional,16.99,184726978560.0,7.7579904,5.649586,0.9907283,1.9803901,,0.13763,0.010650001,0.26071,0.0,0.0,1.36,0.709,,2.19,3.0073,0.233,31598911
2026-08-28,BBDC4,BRADESCO    PN      N1,Financial Services,Banks - Regional,17.08,186029801472.0,7.7990866,5.6795135,0.99597645,1.9943572,,0.13763,0.010650001,0.26071,0.0,0.0,1.34,0.709,,2.19,3.0073,0.233,31654828
2026-08-29,BBDC4,BRADESCO    PN      N1,Financial Services,Banks - Regional,17.08,186029801472.0,7.7990866,5.6795135,0.99597645,1.9943572,,0.13763,0.010650001,0.26071,0.0,0.0,1.34,0.709,,2.19,3.0073,0.233,31214865
2026-08-31,BBDC4,BRADESCO    PN      N1,Financial Services,Banks - Regional,17.19,187227897856.0,7.849315,5.716091,1.0023909,2.0072014,,0.13763,0.010650001,0.26071,0.0,0.0,1.33,0.709,,2.19,3.0073,0.233,31209770
2026-09-01,BBDC4,BRADESCO    PN      N1,Financial Services,Banks - Regional,17.4,189515137024.0,7.945205,5.785921,1.0146364,2.031722,,0.13763,0.010650001,0.26071,0.0,0.0,1.32,0.709,,2.19,3.0073,0.233,31410923
2026-08-24,BBSE3,BBSEGURIDADEON      NM,Financial Services,Insurance - Diversified,38.1,73961562112.0,8.054968,8.651462,6.7914433,7.0771046,6.586,0.85944,0.28809,0.87929,0.98227996,0.95492,12.34,0.96169996,,4.73,4.40388,0.08,6359243
2026-08-25,BBSE3,BBSEGURIDADEON      NM,Financial Services,Insurance - Diversified,38.9,75514568704.0,8.224102,8.83312,6.9340463,7.225706,6.763,0.85944,0.28809,0.87929,0.98227996,0.95492,12.05,0.96169996,,4.73,4.40388,0.08,6456104
2026-08-27,BBSE3,BBSEGURIDADEON      NM,Financial Services,Insurance - Diversified,39.41,76504604672.0,8.3319235,8.948927,7.0249553,7.320439,7.018,0.85944,0.28809,0.87929,0.98227996,0.95492,11.8,0.96169996,,4.73,4.40388,0.08,6527412
2026-08-28,BBSE3,BBSEGURIDADEON      NM,Financial Services,Insurance - Diversified,40.02,77688766464.0,8.460888,9.0874405,7.13369,7.433747,7.025,0.85944,0.28809,0.87929,0.98227996,0.95492,11.64,0.96169996,,4.73,4.40388,0.08,6545234
2026-08-29,BBSE3,BBSEGURIDADEON      NM,Financial Services,Insurance - Diversified,40.02,77688766464.0,8.460888,9.0874405,7.13369,7.433747,7.025,0.85944,0.28809,0.87929,0.98227996,0.95492,11.64,0.96169996,,4.73,4.40388,0.08,6498568
2026-08-31,BBSE3,BBSEGURIDADEON      NM,Financial Services,Insurance - Diversified,40.4,78426439680.0,8.541226,9.173729,7.201426,7.504332,7.21,0.85944,0.28809,0.87929,0.98227996,0.95492,11.47,0.96169996,,4.73,4.40388,0.08,6476648
2026-09-01,BBSE3,BBSEGURIDADEON      NM,Financial Services,Insurance - Diversified,40.6,78814683136.0,8.583509,9.219143,7.2370763,7.5414815,7.249,0.85944,0.28809,0.87929,0.98227996,0.95492,11.36,0.96169996,,4.73,4.40388,0.08,6555782
2026-08-24,BEEF3,MINERVA     ON  ATZ NM,Consumer Defensive,Packaged Foods,3.93,3895191808.0,10.076923,4.7557964,2.4670432,0.0680649,3.924,0.2322,0.05337,0.00801,0.16832,0.08465,3.12,0.5039,1346.483,0.39,0.82636,0.26,12985292
2026-08-25,BEEF3,MINERVA     ON  ATZ NM,Consumer Defensive,Packaged Foods,4.05,4014128896.0,10.384616,4.901012,2.542373,0.070143215,3.911,0.2322,0.05337,0.00801,0.16832,0.08465,3.17,0.5039,1346.483,0.39,0.82636,0.26,13085271
2026-08-27,BEEF3,MINERVA     ON  ATZ NM,Consumer Defensive,Packaged Foods,4.1,4063685888.0,10.51282,5.519655,2.57376,0.071009174,3.936,0.2322,0.05337,0.00801,0.16832,0.08465,3.08,0.5039,1346.483,0.39,0.7428,0.26,13155814
2026-08-28,BEEF3,MINERVA     ON  ATZ NM,Consumer Defensive,Packaged Foods,3.88,3845634560.0,9.948719,5.223479,2.435656,0.06719893,3.919,0.2322,0.05337,0.00801,0.16832,0.08465,3.14,0.5039,1346.483,0.39,0.7428,0.26,12889840
2026-08-29,BEEF3,MINERVA     ON  ATZ NM,Consumer Defensive,Packaged Foods,3.88,3845634560.0,9.948719,5.223479,2.435656,0.06719893,3.919,0.2322,0.05337,0.00801,0.16832,0.08465,3.14,0.5039,1346.483,0.39,0.7428,0.26,12681757
2026-08-31,BEEF3,MINERVA     ON  ATZ NM,Consumer Defensive,Packaged Foods,3.82,3786165760.0,9.794872,5.142703,2.3979912,0.06615977,3.889,0.2322,0.05337,0.00801,0.16832,0.08465,3.21,0.5039,1346.483,0.39,0.7428,0.26,12315592
2026-09-01,BEEF3,MINERVA     ON  ATZ NM,Consumer Defensive,Packaged Foods,3.83,3796077312.0,9.820513,5.6268086,2.4042685,0.06633296,3.891,0.2322,0.05337,0.00801,0.16832,0.08465,3.26,0.5039,1346.483,0.39,0.68067,0.26,12352901
2026-08-24,BLAU3,BLAU        ON      NM,Healthcare,Drug Manufacturers - Specialty & Generic,8.99,2076554752.0,8.90099,6.4867125,0.8897466,1.1626014,5.671,0.10276,0.051469997,0.13092,0.41339,0.19944,3.38,0.73730004,36.829,1.01,1.38591,0.458,245942
2026-08-25,BLAU3,BLAU        ON      NM,Healthcare,Drug Manufacturers - Specialty & Generic,9.25,2136610816.0,9.158416,6.674315,0.915479,1.1962249,5.691,0.10276,0.051469997,0.13092,0.41339,0.19944,3.37,0.73730004,36.829,1.01,1.38591,0.458,247107
2026-08-27,BLAU3,BLAU        ON      NM,Healthcare,Drug Manufacturers - Specialty & Generic,9.07,2095033472.0,8.980198,6.544436,0.89766425,1.172947,5.743,0.10276,0.051469997,0.13092,0.41339,0.19944,3.28,0.73730004,36.829,1.01,1.38591,0.458,246670
2026-08-28,BLAU3,BLAU        ON      NM,Healthcare,Drug Manufacturers - Specialty & Generic,9.1,2101963264.0,9.009901,6.566083,0.90063345,1.1768268,5.743,0.10276,0.051469997,0.13092,0.41339,0.19944,3.34,0.73730004,36.829,1.01,1.38591,0.458,240293
2026-08-29,BLAU3,BLAU        ON      NM,Healthcare,Drug Manufacturers - Specialty & Generic,9.1,2101963264.0,9.009901,6.566083,0.90063345,1.1768268,5.743,0.10276,0.051469997,0.13092,0.41339,0.19944,3.34,0.73730004,36.829,1.01,1.38591,0.458,240293
2026-08-31,BLAU3,BLAU        ON      NM,Healthcare,Drug Manufacturers - Specialty & Generic,9.28,2143540352.0,9.188119,6.695961,0.9184481,1.2001046,5.879,0.10276,0.051469997,0.13092,0.41339,0.19944,3.33,0.73730004,36.829,1.01,1.38591,0.458,237362
2026-09-01,BLAU3,BLAU        ON      NM,Healthcare,Drug Manufacturers - Specialty & Generic,9.21,2127371520.0,9.118812,6.645453,0.9115202,1.1910521,5.833,0.10276,0.051469997,0.13092,0.41339,0.19944,3.27,0.73730004,36.829,1.01,1.38591,0.458,232565
2026-08-24,BMOB3,BEMOBI TECH ON  EJ  NM,Communication Services,Entertainment,23.14,1930515968.0,12.243386,10.330357,2.0477874,1.0265622,11.13,0.16359,0.060159996,0.08492,0.26634002,0.07852,8.64,0.9411,4.697,1.89,2.24,0.068,383901
2026-08-25,BMOB3,BEMOBI TECH ON  EJ  NM,Communication Services,Entertainment,23.78,1983909760.0,12.582011,10.616072,2.1044247,1.0549546,11.322,0.16359,0.060159996,0.08492,0.26634002,0.07852,8.52,0.9411,4.697,1.89,2.24,0.068,355957
2026-08-27,BMOB3,BEMOBI TECH ON  EJ  NM,Communication Services,Entertainment,24.17,2016446464.0,12.78836,10.790178,2.138938,1.0722562,11.683,0.16359,0.060159996,0.08492,0.26634002,0.07852,8.29,0.9411,4.697,1.89,2.24,0.068,342579
2026-08-28,BMOB3,BEMOBI TECH ON  EJ  NM,Communication Services,Entertainment,24.77,2066503040.0,13.105821,11.058036,2.1920354,1.0988741,12.016,0.16359,0.060159996,0.08492,0.26634002,0.07852,8.09,0.9411,4.697,1.89,2.24,0.068,339723
2026-08-29,BMOB3,BEMOBI TECH ON  EJ  NM,Communication Services,Entertainment,24.77,2066503040.0,13.105821,11.058036,2.1920354,1.0988741,12.016,0.16359,0.060159996,0.08492,0.26634002,0.07852,8.09,0.9411,4.697,1.89,2.24,0.068,338842
2026-08-31,BMOB3,BEMOBI TECH ON      NM,Communication Services,Entertainment,25.47,2124902400.0,13.476191,11.370535,2.2539823,1.1299282,12.636,0.16359,0.060159996,0.08492,0.26634002,0.07852,7.96,0.9411,4.697,1.89,2.24,0.068,336365
2026-09-01,BMOB3,BEMOBI TECH ON      NM,Communication Services,Entertainment,25.39,2118228096.0,13.433863,11.334821,2.2469025,1.1263791,12.591,0.16359,0.060159996,0.08492,0.26634002,0.07852,7.74,0.9411,4.697,1.89,2.24,0.068,347425
2026-08-24,BPAC11,BTGP BANCO  UNT     N2,Financial Services,Capital Markets,52.6,177238851584.0,85.66775,8.641253,3.1517768,3.8755918,,0.24406,0.02409,0.39796,0.0,0.0,1.78,,,0.614,6.08708,0.323,10572473
2026-08-25,BPAC11,BTGP BANCO  UNT     N2,Financial Services,Capital Markets,54.2,182630154240.0,88.27361,8.904105,3.2476482,3.9934807,,0.24406,0.02409,0.39796,0.0,0.0,1.76,,,0.614,6.08708,0.323,10651201
2026-08-27,BPAC11,BTGP BANCO  UNT     N2,Financial Services,Capital Markets,54.07,182192111616.0,88.06188,8.882749,3.2398586,3.9839022,,0.24406,0.02409,0.39796,0.0,0.0,1.71,,,0.614,6.08708,0.323,10693139
2026-08-28,BPAC11,BTGP BANCO  UNT     N2,Financial Services,Capital Markets,53.58,180541030400.0,87.26384,8.80225,3.210498,3.947799,,0.24406,0.02409,0.39796,0.0,0.0,1.72,,,0.614,6.08708,0.323,10779535
2026-08-29,BPAC11,BTGP BANCO  UNT     N2,Financial Services,Capital Markets,53.58,180541030400.0,87.26384,8.80225,3.210498,3.947799,,0.24406,0.02409,0.39796,0.0,0.0,1.72,,,0.614,6.08708,0.323,10719542
2026-08-31,BPAC11,BTGP BANCO  UNT     N2,Financial Services,Capital Markets,54.71,184348622848.0,89.10423,8.987889,3.2782073,4.031058,,0.24406,0.02409,0.39796,0.0,0.0,1.73,,,0.614,6.08708,0.323,10630863
2026-09-01,BPAC11,BTGP BANCO  UNT     N2,Financial Services,Capital Markets,55.97,188594274304.0,91.15635,9.194885,3.3537064,4.123895,,0.24406,0.02409,0.39796,0.0,0.0,1.69,,,0.614,6.08708,0.323,10580635
2026-08-24,BRAP4,BRADESPAR   PN      N1,Financial Services,Asset Management,21.49,8447646208.0,15.35,2.8724802,1.1046003,,,0.0695,-0.00745,0.0,0.0,0.0,16.58,1.6883,0.051,1.4,7.48134,,1824984
2026-08-25,BRAP4,BRADESPAR   PN      N1,Financial Services,Asset Management,21.89,8604884992.0,15.635715,2.9259465,1.1251606,,,0.0695,-0.00745,0.0,0.0,0.0,16.23,1.6883,0.051,1.4,7.48134,,1832662
2026-08-27,BRAP4,BRADESPAR   PN      N1,Financial Services,Asset Management,21.95,8628470784.0,15.678573,2.9339664,1.1282448,,,0.0695,-0.00745,0.0,0.0,0.0,15.93,1.6883,0.051,1.4,7.48134,,1844636
2026-08-28,BRAP4,BRADESPAR   PN      N1,Financial Services,Asset Management,22.22,8734606336.0,15.8714285,2.970056,1.0851198,,,0.0695,-0.00745,0.0,0.0,0.0,15.6,1.6883,0.051,1.4,7.48134,0.546,1836515
2026-08-29,BRAP4,BRADESPAR   PN      N1,Financial Services,Asset Management,22.22,8734606336.0,15.8714285,2.970056,1.0851198,,,0.0695,-0.00745,0.0,0.0,0.0,15.6,1.6883,0.051,1.4,7.48134,0.546,1821861
2026-08-31,BRAP4,BRADESPAR   PN      N1,Financial Services,Asset Management,22.0,8648125440.0,15.942029,2.9406497,1.0743762,,,0.0695,-0.00745,0.0,0.0,0.0,15.69,1.6883,0.051,1.38,7.48134,0.546,1796815
2026-09-01,BRAP4,BRADESPAR   PN      N1,Financial Services,Asset Management,22.31,8769985536.0,15.935714,2.982086,1.0895151,,,0.0695,-0.00745,0.0,0.0,0.0,15.85,1.6883,0.051,1.4,7.48134,0.546,1804125
2026-08-24,BRAV3,BRAVA       ON  ATZ NM,Energy,Oil & Gas E&P,18.15,8431457280.0,181.5,5.1567187,0.6864599,0.6833232,4.898,0.0044400003,0.03707,0.00441,0.27532,0.38224998,0.66,1.236,154.57,0.1,3.51968,-0.223,6803943
2026-08-25,BRAV3,BRAVA       ON  ATZ NM,Energy,Oil & Gas E&P,18.2,8454684672.0,182.0,5.1709247,0.688351,0.68520564,4.834,0.0044400003,0.03707,0.00441,0.27532,0.38224998,0.68,1.236,154.57,0.1,3.51968,-0.223,6754679
2026-08-27,BRAV3,BRAVA       ON  ATZ NM,Energy,Oil & Gas E&P,17.72,8231703552.0,177.2,5.0345483,0.67019665,0.6671343,4.792,0.0044400003,0.03707,0.00441,0.27532,0.38224998,0.68,1.236,154.57,0.1,3.51968,-0.223,6668179
2026-08-28,BRAV3,BRAVA       ON  ATZ NM,Energy,Oil & Gas E&P,17.0,7897232896.0,170.0,4.8299847,0.6429652,0.6400272,4.77,0.0044400003,0.03707,0.00441,0.27532,0.38224998,0.71,1.236,154.57,0.1,3.51968,-0.223,6602004
2026-08-29,BRAV3,BRAVA       ON  ATZ NM,Energy,Oil & Gas E&P,17.0,7897232896.0,170.0,4.8299847,0.6429652,0.6400272,4.77,0.0044400003,0.03707,0.00441,0.27532,0.38224998,0.71,1.236,154.57,0.1,3.51968,-0.223,6603777
2026-08-31,BRAV3,BRAVA       ON      NM,Energy,Oil & Gas E&P,17.13,7957622784.0,171.29999,6.760997,0.6478819,0.64492154,4.734,0.0044400003,0.03707,0.00441,0.27532,0.38224998,0.73,1.236,154.57,0.1,2.53365,-0.223,6542504
2026-09-01,BRAV3,BRAVA       ON      NM,Energy,Oil & Gas E&P,18.0,8361776128.0,180.0,7.1043754,0.68078667,0.6776759,4.82,0.0044400003,0.03707,0.00441,0.27532,0.38224998,0.72,1.236,154.57,0.1,2.53365,-0.223,6497384
2026-08-24,BRBI11,BR PARTNERS UNT ED  N2,Financial Services,Capital Markets,12.4,,28.181818,6.1069,1.6078838,,,0.19736,0.0094,0.0,0.0,0.0,14.32,,2141.084,0.44,2.03049,0.155,317415
2026-08-25,BRBI11,BR PARTNERS UNT ED  N2,Financial Services,Capital Markets,12.86,,29.227272,6.3334465,1.6675311,,,0.19736,0.0094,0.0,0.0,0.0,14.03,,2141.084,0.44,2.03049,0.155,317420
2026-08-27,BRBI11,BR PARTNERS UNT ED  N2,Financial Services,Capital Markets,13.01,,29.568182,6.407321,1.6869814,,,0.19736,0.0094,0.0,0.0,0.0,13.53,,2141.084,0.44,2.03049,0.155,318851
2026-08-28,BRBI11,BR PARTNERS UNT ED  N2,Financial Services,Capital Markets,13.15,,29.886362,6.4762692,1.7051349,,,0.19736,0.0094,0.0,0.0,0.0,13.52,,2141.084,0.44,2.03049,0.155,320371
2026-08-29,BRBI11,BR PARTNERS UNT ED  N2,Financial Services,Capital Markets,13.15,,29.886362,6.4762692,1.7051349,,,0.19736,0.0094,0.0,0.0,0.0,13.52,,2141.084,0.44,2.03049,0.155,320155
2026-08-31,BRBI11,BR PARTNERS UNT     N2,Financial Services,Capital Markets,13.4,,30.454544,6.5993924,1.7375518,,,0.19736,0.0094,0.0,0.0,0.0,13.23,,2141.084,0.44,2.03049,0.155,317673
2026-09-01,BRBI11,BR PARTNERS UNT     N2,Financial Services,Capital Markets,13.7,,31.136364,6.74714,1.7764523,,,0.19736,0.0094,0.0,0.0,0.0,12.99,,2141.084,0.44,2.03049,0.155,318017
2026-08-24,BRKM5,BRASKEM     PNA     N1,Basic Materials,Chemicals,4.73,3769660416.0,,-5.6075873,-0.29951873,0.053392358,7.898,,0.034649998,-0.07847,0.11517,0.1182,,0.0,,-6.95,-0.8435,0.726,7575842
2026-08-25,BRKM5,BRASKEM     PNA     N1,Basic Materials,Chemicals,4.11,3275540224.0,,-3.3151577,-0.26025838,0.046393786,7.866,,0.034649998,-0.07847,0.11517,0.1182,,0.0,,-6.95,-1.23976,0.726,7662450
2026-08-27,BRKM5,BRASKEM     PNA     N1,Basic Materials,Chemicals,3.52,2805328640.0,,-2.8392591,-0.22289766,0.039733846,7.806,,0.034649998,-0.07847,0.11517,0.1182,,0.0,,-6.95,-1.23976,0.726,8106370
2026-08-28,BRKM5,BRASKEM     PNA     N1,Basic Materials,Chemicals,4.35,3466812416.0,,-3.5087435,-0.27545592,0.049102906,7.817,,0.034649998,-0.07847,0.11517,0.1182,,0.0,,-6.95,-1.23976,0.726,8623398
2026-08-29,BRKM5,BRASKEM     PNA     N1,Basic Materials,Chemicals,4.35,3466812416.0,,-3.5087435,-0.27545592,0.049102906,7.817,,0.034649998,-0.07847,0.11517,0.1182,,0.0,,-6.95,-1.23976,0.726,8683093
2026-08-31,BRKM5,BRASKEM     PNA     N1,Basic Materials,Chemicals,4.33,3450873088.0,,-3.4926114,-0.27418947,0.048877146,7.827,,0.034649998,-0.07847,0.11517,0.1182,,0.0,,-6.95,-1.23976,0.726,8692734
2026-09-01,BRKM5,BRASKEM     PNA     N1,Basic Materials,Chemicals,4.24,3379145728.0,,-3.4200165,-0.26849037,0.047861222,7.819,,0.034649998,-0.07847,0.11517,0.1182,,0.0,,-6.95,-1.23976,0.726,8739723
2026-08-24,BRSR6,BANRISUL    PNB     N1,Financial Services,Banks - Regional,13.53,5533424640.0,3.3740647,4.157614,0.46717998,0.7544289,,0.14481,0.009980001,0.22384001,0.0,0.0,6.57,0.286,,4.01,3.25427,0.157,1755442
2026-08-25,BRSR6,BANRISUL    PNB     N1,Financial Services,Banks - Regional,14.0,5725642752.0,3.4912717,4.30204,0.48340872,0.780636,,0.14481,0.009980001,0.22384001,0.0,0.0,6.49,0.286,,4.01,3.25427,0.157,1773647
2026-08-27,BRSR6,BANRISUL    PNB     N1,Financial Services,Banks - Regional,13.85,5664296448.0,3.4538653,4.2559466,0.47822934,0.77227205,,0.14481,0.009980001,0.22384001,0.0,0.0,6.27,0.286,,4.01,3.25427,0.157,1743073
2026-08-28,BRSR6,BANRISUL    PNB     N1,Financial Services,Banks - Regional,13.87,5672475648.0,3.4588525,4.2620926,0.47891992,0.7733872,,0.14481,0.009980001,0.22384001,0.0,0.0,6.36,0.286,,4.01,3.25427,0.157,1719159
2026-08-29,BRSR6,BANRISUL    PNB     N1,Financial Services,Banks - Regional,13.87,5672475648.0,3.4588525,4.2620926,0.47891992,0.7733872,,0.14481,0.009980001,0.22384001,0.0,0.0,6.36,0.286,,4.01,3.25427,0.157,1722201
2026-08-31,BRSR6,BANRISUL    PNB     N1,Financial Services,Banks - Regional,14.07,5754270720.0,3.5087278,4.32355,0.48582575,0.78453916,,0.14481,0.009980001,0.22384001,0.0,0.0,6.33,0.286,,4.01,3.25427,0.157,1697146
2026-09-01,BRSR6,BANRISUL    PNB     N1,Financial Services,Banks - Regional,14.45,5909681152.0,3.603491,4.44032,0.49894685,0.8057279,,0.14481,0.009980001,0.22384001,0.0,0.0,6.24,0.286,,4.01,3.25427,0.157,1685490
2026-08-24,CAML3,CAMIL       ON      NM,Consumer Defensive,Packaged Foods,4.76,1623499136.0,15.866667,4.5623155,0.54319304,0.14631851,7.625,0.0341,0.03093,0.00994,0.22874,0.07288,8.36,1.2103,198.954,0.3,1.04333,0.287,1079181
2026-08-25,CAML3,CAMIL       ON      NM,Consumer Defensive,Packaged Foods,4.84,1650784768.0,15.612904,4.638993,0.5523223,0.14877763,7.562,0.0341,0.03093,0.00994,0.22874,0.07288,8.62,1.2103,198.954,0.31,1.04333,0.287,1087709
2026-08-27,CAML3,CAMIL       ON      NM,Consumer Defensive,Packaged Foods,4.91,1674659712.0,16.366665,4.706085,0.5603104,0.15092938,7.596,0.0341,0.03093,0.00994,0.22874,0.07288,8.48,1.2103,198.954,0.3,1.04333,0.287,986679
2026-08-28,CAML3,CAMIL       ON      NM,Consumer Defensive,Packaged Foods,4.95,1688302592.0,16.499998,4.7444243,0.56487507,0.15215895,7.629,0.0341,0.03093,0.00994,0.22874,0.07288,8.34,1.2103,198.954,0.3,1.04333,0.287,979028
2026-08-29,CAML3,CAMIL       ON      NM,Consumer Defensive,Packaged Foods,4.95,1688302592.0,16.499998,4.7444243,0.56487507,0.15215895,7.629,0.0341,0.03093,0.00994,0.22874,0.07288,8.34,1.2103,198.954,0.3,1.04333,0.287,985282
2026-08-31,CAML3,CAMIL       ON      NM,Consumer Defensive,Packaged Foods,5.06,1725820416.0,16.866665,4.849856,0.57742786,0.15554026,7.688,0.0341,0.03093,0.00994,0.22874,0.07288,8.29,1.2103,198.954,0.3,1.04333,0.287,973900
2026-09-01,CAML3,CAMIL       ON      NM,Consumer Defensive,Packaged Foods,5.03,1715588352.0,16.766666,4.821102,0.5740044,0.15461808,7.676,0.0341,0.03093,0.00994,0.22874,0.07288,8.11,1.2103,198.954,0.3,1.04333,0.287,981389
2026-08-24,CASH3,MELIUZ      ON      NM,Communication Services,Internet Content & Information,5.47,569806592.0,,6.3604646,1.4421302,1.1490492,5.255,-0.20842,0.096140005,-0.20309,0.37695,0.20257,,0.0,0.001,-0.66,0.86,0.778,1667918
2026-08-25,CASH3,MELIUZ      ON      NM,Communication Services,Internet Content & Information,5.58,581265216.0,,6.488372,1.471131,1.1721561,5.108,-0.20842,0.096140005,-0.20309,0.37695,0.20257,,0.0,0.001,-0.66,0.86,0.778,1677284
2026-08-27,CASH3,MELIUZ      ON      NM,Communication Services,Internet Content & Information,5.73,596890688.0,,6.662791,1.5106776,1.2036659,5.232,-0.20842,0.096140005,-0.20309,0.37695,0.20257,,0.0,0.001,-0.93,0.86,0.778,1698530
2026-08-28,CASH3,MELIUZ      ON      NM,Communication Services,Internet Content & Information,5.53,576070400.0,,6.4302325,1.4579489,1.1616805,5.604,-0.20842,0.096140005,-0.20309,0.37695,0.20257,,0.0,0.001,-0.93,0.86,0.778,1714850
2026-08-29,CASH3,MELIUZ      ON      NM,Communication Services,Internet Content & Information,5.53,576070400.0,,6.4302325,1.4579489,1.1616805,5.604,-0.20842,0.096140005,-0.20309,0.37695,0.20257,,0.0,0.001,-0.93,0.86,0.778,1726236
2026-08-31,CASH3,MELIUZ      ON      NM,Communication Services,Internet Content & Information,5.64,587529280.0,,6.5581393,1.4869496,1.184788,5.3,-0.20842,0.096140005,-0.20309,0.37695,0.20257,,0.0,0.001,-0.93,0.86,0.778,1737585
2026-09-01,CASH3,MELIUZ      ON      NM,Communication Services,Internet Content & Information,5.31,553152576.0,,6.1744184,1.3999473,1.1154653,4.928,-0.20842,0.096140005,-0.20309,0.37695,0.20257,,0.0,0.001,-0.93,0.86,0.778,1740126
2026-08-24,CBAV3,CBA         ON      NM,Basic Materials,Aluminum,11.14,7252950016.0,12.108696,9.521368,1.4322449,0.7780493,6.98,0.14575,0.034930002,0.06414,0.13662,0.16003999,0.39,0.0481,89.138,0.92,1.17,1.013,2344629
2026-08-25,CBAV3,CBA         ON      NM,Basic Materials,Aluminum,11.18,7278992896.0,12.152174,9.555556,1.4373876,0.78084296,6.962,0.14575,0.034930002,0.06414,0.13662,0.16003999,0.4,0.0481,89.138,0.92,1.17,1.013,2332723
2026-08-27,CBAV3,CBA         ON      NM,Basic Materials,Aluminum,11.2,7292014080.0,12.173913,9.57265,1.4399588,0.7822398,6.988,0.14575,0.034930002,0.06414,0.13662,0.16003999,0.39,0.0481,89.138,0.92,1.17,1.013,2327717
2026-08-28,CBAV3,CBA         ON      NM,Basic Materials,Aluminum,11.22,7305035776.0,12.195652,9.589745,1.4425303,0.7836367,6.993,0.14575,0.034930002,0.06414,0.13662,0.16003999,0.39,0.0481,89.138,0.92,1.17,1.013,2411621
2026-08-29,CBAV3,CBA         ON      NM,Basic Materials,Aluminum,11.22,7305035776.0,12.195652,9.589745,1.4425303,0.7836367,6.993,0.14575,0.034930002,0.06414,0.13662,0.16003999,0.39,0.0481,89.138,0.92,1.17,1.013,2398358
2026-08-31,CBAV3,CBA         ON      NM,Basic Materials,Aluminum,11.23,7311546368.0,12.206521,9.59829,1.4438158,0.7843351,7.001,0.14575,0.034930002,0.06414,0.13662,0.16003999,0.39,0.0481,89.138,0.92,1.17,1.013,2389237
2026-09-01,CBAV3,CBA         ON      NM,Basic Materials,Aluminum,11.19,7285503488.0,12.163043,9.564102,1.4386731,0.7815414,6.984,0.14575,0.034930002,0.06414,0.13662,0.16003999,0.39,0.0481,89.138,0.92,1.17,1.013,2408857
2026-08-24,CEAB3,CEA MODAS   ON      NM,Consumer Cyclical,Specialty Retail,7.5,2250098432.0,4.032258,4.0353603,0.5916693,0.28075954,4.221,0.15493,0.059070002,0.07016,0.54568,0.12521,11.83,0.28,71.667,1.86,1.85857,0.821,7573928
2026-08-25,CEAB3,CEA MODAS   ON      NM,Consumer Cyclical,Specialty Retail,8.0,2400104960.0,4.3010755,4.3043847,0.63111395,0.29947683,4.179,0.15493,0.059070002,0.07016,0.54568,0.12521,12.05,0.28,71.667,1.86,1.85857,0.821,7556237
2026-08-27,CEAB3,CEA MODAS   ON      NM,Consumer Cyclical,Specialty Retail,7.85,2355102976.0,4.22043,4.223677,0.6192805,0.29386166,4.284,0.15493,0.059070002,0.07016,0.54568,0.12521,11.3,0.28,71.667,1.86,1.85857,0.821,7584534
2026-08-28,CEAB3,CEA MODAS   ON      NM,Consumer Cyclical,Specialty Retail,8.26,2478108416.0,4.4408603,4.4780083,0.65162516,0.30920985,4.37,0.15493,0.059070002,0.07016,0.54568,0.12521,11.11,0.28,71.667,1.86,1.84457,0.821,7761915
2026-08-29,CEAB3,CEA MODAS   ON      NM,Consumer Cyclical,Specialty Retail,8.26,2478108416.0,4.4408603,4.4780083,0.65162516,0.30920985,4.37,0.15493,0.059070002,0.07016,0.54568,0.12521,11.11,0.28,71.667,1.86,1.84457,0.821,7794596
2026-08-31,CEAB3,CEA MODAS   ON      NM,Consumer Cyclical,Specialty Retail,8.32,2496109056.0,4.4731183,4.510536,0.6563585,0.3114559,4.424,0.15493,0.059070002,0.07016,0.54568,0.12521,10.95,0.28,71.667,1.86,1.84457,0.821,7863584
2026-09-01,CEAB3,CEA MODAS   ON      NM,Consumer Cyclical,Specialty Retail,8.77,2631115264.0,4.715054,4.7544956,0.6918587,0.32830152,4.559,0.15493,0.059070002,0.07016,0.54568,0.12521,10.87,0.28,71.667,1.86,1.84457,0.821,8092335
2026-08-24,CMIG4,CEMIG       PN      N1,Utilities,Utilities - Regulated Electric,10.21,29207562240.0,6.3024693,8.81822,1.0008823,0.6677611,6.133,0.15944,0.05939,0.105059996,0.111379996,0.18039,12.76,0.7906,77.948,1.62,1.15783,0.058,13955075
2026-08-25,CMIG4,CEMIG       PN      N1,Utilities,Utilities - Regulated Electric,10.51,30065768448.0,6.487654,9.077326,1.0302912,0.6873819,6.195,0.15944,0.05939,0.105059996,0.111379996,0.18039,12.54,0.7906,77.948,1.62,1.15783,0.058,14055720
2026-08-27,CMIG4,CEMIG       PN      N1,Utilities,Utilities - Regulated Electric,10.5,30037159936.0,6.4814816,9.068688,1.0293108,0.6867279,6.3,0.15944,0.05939,0.105059996,0.111379996,0.18039,12.19,0.7906,77.948,1.62,1.15783,0.058,14003581
2026-08-28,CMIG4,CEMIG       PN      N1,Utilities,Utilities - Regulated Electric,10.51,30065768448.0,6.487654,9.077326,1.0302912,0.6873819,6.264,0.15944,0.05939,0.105059996,0.111379996,0.18039,12.32,0.7906,77.948,1.62,1.15783,0.058,14082054
2026-08-29,CMIG4,CEMIG       PN      N1,Utilities,Utilities - Regulated Electric,10.51,30065768448.0,6.487654,9.077326,1.0302912,0.6873819,6.264,0.15944,0.05939,0.105059996,0.111379996,0.18039,12.32,0.7906,77.948,1.62,1.15783,0.058,13914333
2026-08-31,CMIG4,CEMIG       PN      N1,Utilities,Utilities - Regulated Electric,10.7,30609297408.0,6.4848485,9.2414255,1.0489167,0.6998084,6.373,0.15944,0.05939,0.105059996,0.111379996,0.18039,12.19,0.7906,77.948,1.65,1.15783,0.058,13849923
2026-09-01,CMIG4,CEMIG       PN      N1,Utilities,Utilities - Regulated Electric,10.79,30866757632.0,6.660494,9.319158,1.0577394,0.7056947,6.405,0.15944,0.05939,0.105059996,0.111379996,0.18039,11.97,0.7906,77.948,1.62,1.15783,0.058,13771242
2026-08-24,CMIN3,CSNMINERACAOON      N2,Basic Materials,Steel,5.97,32131446784.0,18.65625,14.85592,4.3929358,1.8473915,5.585,0.28136,0.08286,0.13414,0.45797002,0.34027,10.59,1.1945,124.233,0.32,0.40186,0.919,9179104
2026-08-25,CMIN3,CSNMINERACAOON      N2,Basic Materials,Steel,5.88,31647055872.0,18.375,14.631962,4.326711,1.8195416,5.649,0.28136,0.08286,0.13414,0.45797002,0.34027,10.47,1.1945,124.233,0.32,0.40186,0.919,9251479
2026-08-27,CMIN3,CSNMINERACAOON      N2,Basic Materials,Steel,5.99,32239089664.0,18.71875,14.905688,4.407653,1.8535805,5.667,0.28136,0.08286,0.13414,0.45797002,0.34027,10.63,1.1945,124.233,0.32,0.40186,0.919,9228035
2026-08-28,CMIN3,CSNMINERACAOON      N2,Basic Materials,Steel,6.0,32292913152.0,18.75,14.9305725,4.415011,1.856675,5.685,0.28136,0.08286,0.13414,0.45797002,0.34027,10.4,1.1945,124.233,0.32,0.40186,0.919,9134050
2026-08-29,CMIN3,CSNMINERACAOON      N2,Basic Materials,Steel,6.0,32292913152.0,18.75,14.9305725,4.415011,1.856675,5.685,0.28136,0.08286,0.13414,0.45797002,0.34027,10.4,1.1945,124.233,0.32,0.40186,0.919,9053780
2026-08-31,CMIN3,CSNMINERACAOON      N2,Basic Materials,Steel,5.92,31862341632.0,18.5,14.731499,4.3561444,1.8319193,5.603,0.28136,0.08286,0.13414,0.45797002,0.34027,10.42,1.1945,124.233,0.32,0.40186,0.919,9001123
2026-09-01,CMIN3,CSNMINERACAOON      N2,Basic Materials,Steel,6.08,32723484672.0,19.0,15.129647,4.473878,1.8814306,5.749,0.28136,0.08286,0.13414,0.45797002,0.34027,10.56,1.1945,124.233,0.32,0.40186,0.919,8947104
2026-08-24,COGN3,COGNA ON    ON      NM,Consumer Defensive,Education & Training Services,2.14,4284143872.0,5.9444447,4.3659215,0.31159,0.5470547,4.499,0.04926,0.04349,0.08963,0.65204,0.27304,8.99,0.3584,49.599,0.36,0.49016,,24677915
2026-08-25,COGN3,COGNA ON    ON      NM,Consumer Defensive,Education & Training Services,2.17,4344201728.0,6.0277777,4.427126,0.31595808,0.5547237,4.527,0.04926,0.04349,0.08963,0.65204,0.27304,8.86,0.3584,49.599,0.36,0.49016,,24890862
2026-08-27,COGN3,COGNA ON    ON      NM,Consumer Defensive,Education & Training Services,2.23,4464317952.0,6.194444,4.549535,0.32469425,0.5700616,4.611,0.04926,0.04349,0.08963,0.65204,0.27304,8.74,0.3584,49.599,0.36,0.49016,,25106100
2026-08-28,COGN3,COGNA ON    ON      NM,Consumer Defensive,Education & Training Services,2.24,4484337152.0,6.222222,4.5699363,0.32643545,0.57261795,5.315,0.04926,0.03979,0.08963,0.65204,0.23687,8.51,0.3584,49.599,0.36,0.49016,0.215,25412071
2026-08-29,COGN3,COGNA ON    ON      NM,Consumer Defensive,Education & Training Services,2.24,4484337152.0,6.222222,4.5699363,0.32643545,0.57261795,5.315,0.04926,0.03979,0.08963,0.65204,0.23687,8.51,0.3584,49.599,0.36,0.49016,0.215,25276403
2026-08-31,COGN3,COGNA ON    ON      NM,Consumer Defensive,Education & Training Services,2.3,4604453376.0,6.3888884,4.692345,0.33517924,0.58795595,5.391,0.04926,0.03979,0.08963,0.65204,0.23687,8.47,0.3584,49.599,0.36,0.49016,0.215,25093074
2026-09-01,COGN3,COGNA ON    ON      NM,Consumer Defensive,Education & Training Services,2.34,4684530688.0,6.4999995,4.7739515,0.34100845,0.59818125,5.434,0.04926,0.03979,0.08963,0.65204,0.23687,8.25,0.3584,49.599,0.36,0.49016,0.215,25040168
2026-08-24,CPFE3,CPFL ENERGIAON      NM,Utilities,Utilities - Regulated Electric,42.85,49374101504.0,8.224567,9.8163185,2.173472,1.0824711,5.927,0.27276,0.087869994,0.13165,0.31938,0.30462998,8.82,0.71620005,154.706,5.21,4.36518,0.111,1517925
2026-08-25,CPFE3,CPFL ENERGIAON      NM,Utilities,Utilities - Regulated Electric,44.24,50975739904.0,8.491363,10.134748,2.2439768,1.1175852,5.971,0.27276,0.087869994,0.13165,0.31938,0.30462998,8.71,0.71620005,154.706,5.21,4.36518,0.111,1528738
2026-08-27,CPFE3,CPFL ENERGIAON      NM,Utilities,Utilities - Regulated Electric,44.55,51332935680.0,8.550863,10.205765,2.2597008,1.1254163,6.112,0.27276,0.087869994,0.13165,0.31938,0.30462998,8.43,0.71620005,154.706,5.21,4.36518,0.111,1485811
2026-08-28,CPFE3,CPFL ENERGIAON      NM,Utilities,Utilities - Regulated Electric,44.8,51620999168.0,8.598848,10.263036,2.2723813,1.1317317,6.071,0.27276,0.087869994,0.13165,0.31938,0.30462998,8.47,0.71620005,154.706,5.21,4.36518,0.111,1457914
2026-08-29,CPFE3,CPFL ENERGIAON      NM,Utilities,Utilities - Regulated Electric,44.8,51620999168.0,8.598848,10.263036,2.2723813,1.1317317,6.071,0.27276,0.087869994,0.13165,0.31938,0.30462998,8.47,0.71620005,154.706,5.21,4.36518,0.111,1381963
2026-08-31,CPFE3,CPFL ENERGIAON      NM,Utilities,Utilities - Regulated Electric,44.54,51321413632.0,8.548944,10.203474,2.2591934,1.1251637,6.111,0.27276,0.087869994,0.13165,0.31938,0.30462998,8.33,0.71620005,154.706,5.21,4.36518,0.111,1378606
2026-09-01,CPFE3,CPFL ENERGIAON      NM,Utilities,Utilities - Regulated Electric,45.01,51862970368.0,8.639155,10.311144,2.2830331,1.1370367,6.15,0.27276,0.087869994,0.13165,0.31938,0.30462998,8.38,0.71620005,154.706,5.21,4.36518,0.111,1392685
2026-08-24,CPLE3,COPEL       ON      NM,Utilities,Utilities - Regulated Electric,14.35,42613911552.0,13.411215,12.875845,1.8876611,1.5227207,9.549,0.12764,0.05447,0.11406,0.20426,0.24410999,7.51,0.996,97.604,1.07,1.11449,0.267,18354823
2026-08-25,CPLE3,COPEL       ON      NM,Utilities,Utilities - Regulated Electric,14.65,43504791552.0,13.691587,13.145025,1.9271244,1.5545545,9.641,0.12764,0.05447,0.11406,0.20426,0.24410999,7.4,0.996,97.604,1.07,1.11449,0.267,18339900
2026-08-27,CPLE3,COPEL       ON      NM,Utilities,Utilities - Regulated Electric,14.65,43504791552.0,13.691587,13.145025,1.9271244,1.5545545,9.781,0.12764,0.05447,0.11406,0.20426,0.24410999,7.25,0.996,97.604,1.07,1.11449,0.267,18190609
2026-08-28,CPLE3,COPEL       ON      NM,Utilities,Utilities - Regulated Electric,14.68,43593883648.0,13.719625,13.171944,1.9310708,1.557738,9.744,0.12764,0.05447,0.11406,0.20426,0.24410999,7.29,0.996,97.604,1.07,1.11449,0.267,17952725
2026-08-29,CPLE3,COPEL       ON      NM,Utilities,Utilities - Regulated Electric,14.68,43593883648.0,13.719625,13.171944,1.9310708,1.557738,9.744,0.12764,0.05447,0.11406,0.20426,0.24410999,7.29,0.996,97.604,1.07,1.11449,0.267,17454196
2026-08-31,CPLE3,COPEL       ON      NM,Utilities,Utilities - Regulated Electric,14.95,44395675648.0,13.715596,13.4142065,1.9665877,1.5863883,9.92,0.12764,0.05447,0.11406,0.20426,0.24410999,7.24,0.996,97.604,1.09,1.11449,0.267,17335757
2026-09-01,CPLE3,COPEL       ON      NM,Utilities,Utilities - Regulated Electric,15.2,45138079744.0,14.205606,13.964299,1.9994737,1.6129166,10.036,0.12764,0.05447,0.11406,0.20426,0.24410999,7.11,0.996,97.604,1.07,1.08849,0.267,17419559
2026-08-24,CSAN3,COSAN       ON      NM,Energy,Oil & Gas Refining & Marketing,3.5,13805283328.0,,5.882353,2.777778,0.34441677,1.491,-0.27222002,0.0556,-0.22184,0.34462002,0.36222,,0.0,109.776,-2.9,0.595,0.489,32113220
2026-08-25,CSAN3,COSAN       ON      NM,Energy,Oil & Gas Refining & Marketing,3.75,14791374848.0,,6.3025208,2.9761906,0.36901796,1.453,-0.27222002,0.0556,-0.22184,0.34462002,0.36222,,0.0,109.776,-2.9,0.595,0.489,32276596
2026-08-27,CSAN3,COSAN       ON      NM,Energy,Oil & Gas Refining & Marketing,3.71,14633600000.0,,6.235294,2.9444444,0.36508176,1.51,-0.27222002,0.0556,-0.22184,0.34462002,0.36222,,0.0,109.776,-2.9,0.595,0.489,31938033
2026-08-28,CSAN3,COSAN       ON      NM,Energy,Oil & Gas Refining & Marketing,3.77,14870261760.0,,6.336134,2.9920635,0.37098604,1.51,-0.27222002,0.0556,-0.22184,0.34462002,0.36222,,0.0,109.776,-2.9,0.595,0.489,31289396
2026-08-29,CSAN3,COSAN       ON      NM,Energy,Oil & Gas Refining & Marketing,3.77,14870261760.0,,6.336134,2.9920635,0.37098604,1.51,-0.27222002,0.0556,-0.22184,0.34462002,0.36222,,0.0,109.776,-2.9,0.595,0.489,30242453
2026-08-31,CSAN3,COSAN       ON      NM,Energy,Oil & Gas Refining & Marketing,3.9,15383029760.0,,6.5546217,3.0952382,0.3837787,1.562,-0.27222002,0.0556,-0.22184,0.34462002,0.36222,,0.0,109.776,-2.9,0.595,0.489,30110817
2026-09-01,CSAN3,COSAN       ON      NM,Energy,Oil & Gas Refining & Marketing,3.97,15659134976.0,,6.672269,3.1507938,0.39066702,1.581,-0.27222002,0.0556,-0.22184,0.34462002,0.36222,,0.0,109.776,-2.9,0.595,0.489,30247525
2026-08-24,CSMG3,COPASA      ON      NM,Utilities,Utilities - Regulated Water,54.56,20688140288.0,16.0,11.314104,2.3367167,2.3810809,9.926,0.1497,0.06351,0.14882,0.41573003,0.33223,2.22,0.5323,105.845,3.41,4.8223,0.274,5399089
2026-08-25,CSMG3,COPASA      ON      NM,Utilities,Utilities - Regulated Water,55.5,21044570112.0,16.27566,11.509031,2.3769753,2.422104,9.934,0.1497,0.06351,0.14882,0.41573003,0.33223,2.22,0.5323,105.845,3.41,4.8223,0.274,5397603
2026-08-27,CSMG3,COPASA      ON      NM,Utilities,Utilities - Regulated Water,55.1,20892897280.0,16.158358,11.426083,2.359844,2.404647,10.005,0.1497,0.06351,0.14882,0.41573003,0.33223,2.18,0.5323,105.845,3.41,4.8223,0.274,5373518
2026-08-28,CSMG3,COPASA      ON      NM,Utilities,Utilities - Regulated Water,54.73,20752599040.0,16.049852,11.349356,2.3439975,2.3884997,10.018,0.1497,0.06351,0.14882,0.41573003,0.33223,2.19,0.5323,105.845,3.41,4.8223,0.274,5116920
2026-08-29,CSMG3,COPASA      ON      NM,Utilities,Utilities - Regulated Water,54.73,20752599040.0,16.049852,11.349356,2.3439975,2.3884997,10.018,0.1497,0.06351,0.14882,0.41573003,0.33223,2.19,0.5323,105.845,3.41,4.8223,0.274,5127953
2026-08-31,CSMG3,COPASA      ON      NM,Utilities,Utilities - Regulated Water,55.22,20938399744.0,16.193548,11.450968,2.3649836,2.4098842,10.02,0.1497,0.06351,0.14882,0.41573003,0.33223,2.21,0.5323,105.845,3.41,4.8223,0.274,5142496
2026-09-01,CSMG3,COPASA      ON      NM,Utilities,Utilities - Regulated Water,55.3,20968732672.0,16.217009,11.467557,2.3684096,2.4133754,10.031,0.1497,0.06351,0.14882,0.41573003,0.33223,2.19,0.5323,105.845,3.41,4.8223,0.274,5169934
2026-08-24,CSNA3,SID NACIONALON,Basic Materials,Steel,5.16,6842644480.0,,-5.845104,0.5623978,0.15169816,6.736,-0.12294,0.0217,-0.05824,0.25778,0.16358,,0.0,356.987,-1.51,-0.88279,1.421,15382062
2026-08-25,CSNA3,SID NACIONALON,Basic Materials,Steel,5.08,6736557056.0,,-5.7544827,0.55367845,0.14934625,6.802,-0.12294,0.0217,-0.05824,0.25778,0.16358,,0.0,356.987,-1.51,-0.88279,1.421,15633996
2026-08-27,CSNA3,SID NACIONALON,Basic Materials,Steel,5.27,6988515328.0,,-51.04611,0.5743869,0.15493205,6.788,-0.12294,0.0217,-0.05824,0.25778,0.16358,,0.0,356.987,-1.51,-0.10324,1.421,15755612
2026-08-28,CSNA3,SID NACIONALON,Basic Materials,Steel,5.21,6908949504.0,,-50.46494,0.56784743,0.15316811,6.84,-0.12294,0.0217,-0.05824,0.25778,0.16358,,0.0,356.987,-1.98,-0.10324,1.421,15809220
2026-08-29,CSNA3,SID NACIONALON,Basic Materials,Steel,5.21,6908949504.0,,-50.46494,0.56784743,0.15316811,6.84,-0.12294,0.0217,-0.05824,0.25778,0.16358,,0.0,356.987,-1.98,-0.10324,1.421,15873990
2026-08-31,CSNA3,SID NACIONALON,Basic Materials,Steel,5.32,7054819840.0,,-51.53042,0.57983655,0.15640199,6.831,-0.12294,0.0217,-0.05824,0.25778,0.16358,,0.0,356.987,-1.98,-0.10324,1.421,15647487
2026-09-01,CSNA3,SID NACIONALON,Basic Materials,Steel,5.74,7611779072.0,,-55.598602,0.62561303,0.16874951,6.906,-0.12294,0.0217,-0.05824,0.25778,0.16358,,0.0,356.987,-1.98,-0.10324,1.421,15661548
2026-08-24,CURY3,CURY S/A    ON  ED  NM,Real Estate,Real Estate - Development,30.31,9336922112.0,8.30411,6.3076706,6.7580824,1.6109778,6.665,0.73690003,0.16145,0.18374,0.39707002,0.25253,13.87,1.1976,71.376,3.65,4.80526,0.023,3757017
2026-08-25,CURY3,CURY S/A    ON  ED  NM,Real Estate,Real Estate - Development,32.58,10036191232.0,8.926027,6.787925,6.0636516,1.6346104,6.219,0.68527,0.16299,0.17894,0.39691,0.24899,16.45,1.1976,65.557,3.65,4.7997,0.023,3782714
2026-08-27,CURY3,CURY S/A    ON  ED  NM,Real Estate,Real Estate - Development,31.99,9854442496.0,8.764383,6.665,5.953843,1.6050087,6.677,0.68527,0.16299,0.17894,0.39691,0.24899,15.31,1.1976,65.557,3.65,4.7997,0.023,3778792
2026-08-28,CURY3,CURY S/A    ON  ED  NM,Real Estate,Real Estate - Development,32.72,10079316992.0,8.964384,6.824985,6.089708,1.6416343,6.731,0.68527,0.16299,0.17894,0.39691,0.24899,15.18,1.1976,65.557,3.65,4.79415,0.023,3769889
2026-08-29,CURY3,CURY S/A    ON  ED  NM,Real Estate,Real Estate - Development,32.72,10079316992.0,8.964384,6.824985,6.089708,1.6416343,6.731,0.68527,0.16299,0.17894,0.39691,0.24899,15.18,1.1976,65.557,3.65,4.79415,0.023,3783612
2026-08-31,CURY3,CURY S/A    ON      NM,Real Estate,Real Estate - Development,32.6,10042350592.0,8.980716,6.799954,6.0673733,1.6356136,6.681,0.68527,0.16299,0.17894,0.39691,0.24899,15.24,1.1976,65.557,3.63,4.79415,0.023,3781993
2026-09-01,CURY3,CURY S/A    ON      NM,Real Estate,Real Estate - Development,32.3,9949936640.0,8.849315,6.7373776,6.011539,1.620562,6.62,0.68527,0.16299,0.17894,0.39691,0.24899,15.3,1.1976,65.557,3.65,4.79415,0.023,3764440
2026-08-24,CVCB3,CVC BRASIL  ON      NM,Consumer Cyclical,Travel Services,1.62,843693696.0,54.0,11.172414,1.7627856,0.5719961,4.303,-0.33345002,0.04117,-0.08944,0.97578,0.18551001,,0.0,167.471,0.03,0.145,0.436,13027554
2026-08-25,CVCB3,CVC BRASIL  ON  ATZ NM,Consumer Cyclical,Travel Services,1.74,906189568.0,58.0,12.0,2.8064516,0.61436623,4.303,-0.33345002,0.04117,-0.08944,0.97578,0.18551001,,0.0,167.471,0.03,0.145,0.436,13036812
2026-08-27,CVCB3,CVC BRASIL  ON  ATZ NM,Consumer Cyclical,Travel Services,1.78,927021504.0,59.333332,12.275863,2.8709676,0.62848955,4.722,-0.33345002,0.04117,-0.08944,0.97578,0.18551001,,0.0,167.471,0.03,0.145,0.436,13118620
2026-08-28,CVCB3,CVC BRASIL  ON  ATZ NM,Consumer Cyclical,Travel Services,1.72,895773568.0,57.333336,11.862069,2.7741935,0.6073045,4.722,-0.33345002,0.04117,-0.08944,0.97578,0.18551001,,0.0,167.471,0.03,0.145,0.436,13158543
2026-08-29,CVCB3,CVC BRASIL  ON  ATZ NM,Consumer Cyclical,Travel Services,1.72,895773568.0,57.333336,11.862069,2.7741935,0.6073045,4.722,-0.33345002,0.04117,-0.08944,0.97578,0.18551001,,0.0,167.471,0.03,0.145,0.436,12833211
2026-08-31,CVCB3,CVC BRASIL  ON  ATZ NM,Consumer Cyclical,Travel Services,1.86,968685376.0,62.0,12.827587,3.0,0.65673625,4.874,-0.33345002,0.04117,-0.08944,0.97578,0.18551001,,0.0,167.471,0.03,0.145,0.436,12742326
2026-09-01,CVCB3,CVC BRASIL  ON  ATZ NM,Consumer Cyclical,Travel Services,1.78,927021504.0,59.333332,12.275863,2.8709676,0.62848955,4.722,-0.33345002,0.04117,-0.08944,0.97578,0.18551001,,0.0,167.471,0.03,0.145,0.436,12808893
2026-08-24,CXSE3,CAIXA SEGURION      NM,Financial Services,Insurance - Diversified,18.7,56100003840.0,12.384107,10.878924,4.0669856,9.356533,10.95,0.33348998,0.20756,0.75434995,0.89702004,0.81491,7.67,0.8703,0.07,1.51,1.71892,0.083,6069451
2026-08-25,CXSE3,CAIXA SEGURION      NM,Financial Services,Insurance - Diversified,19.14,57419997184.0,12.675496,11.134898,4.162679,9.576686,11.227,0.33348998,0.20756,0.75434995,0.89702004,0.81491,7.49,0.8703,0.07,1.51,1.71892,0.083,6107818
2026-08-27,CXSE3,CAIXA SEGURION      NM,Financial Services,Insurance - Diversified,19.21,57629999104.0,12.721854,11.175621,4.177903,9.611711,11.497,0.33348998,0.20756,0.75434995,0.89702004,0.81491,7.31,0.8703,0.07,1.51,1.71892,0.083,6148284
2026-08-28,CXSE3,CAIXA SEGURION      NM,Financial Services,Insurance - Diversified,19.3,57899999232.0,12.781457,11.22798,4.197477,9.656742,11.601,0.33348998,0.20756,0.75434995,0.89702004,0.81491,7.25,0.8703,0.07,1.51,1.71892,0.083,6194395
2026-08-29,CXSE3,CAIXA SEGURION      NM,Financial Services,Insurance - Diversified,19.3,57899999232.0,12.781457,11.22798,4.197477,9.656742,11.601,0.33348998,0.20756,0.75434995,0.89702004,0.81491,7.25,0.8703,0.07,1.51,1.71892,0.083,6165869
2026-08-31,CXSE3,CAIXA SEGURION      NM,Financial Services,Insurance - Diversified,19.34,58019999744.0,12.807947,11.251251,4.2061768,9.676756,11.62,0.33348998,0.20756,0.75434995,0.89702004,0.81491,7.25,0.8703,0.07,1.51,1.71892,0.083,6061249
2026-09-01,CXSE3,CAIXA SEGURION      NM,Financial Services,Insurance - Diversified,19.3,57899999232.0,12.781457,11.22798,4.197477,9.656742,11.595,0.33348998,0.20756,0.75434995,0.89702004,0.81491,7.24,0.8703,0.07,1.51,1.71892,0.083,6095400
2026-08-24,CYRE3,CYRELA REALTON      NM,Consumer Cyclical,Residential Construction,23.94,8769483776.0,5.148387,4.4698954,0.9340981,0.8837522,10.096,0.20594,0.03679,0.20556,0.33401,0.16303,16.44,0.5876,72.725,4.65,5.35583,0.08,6803504
2026-08-25,CYRE3,CYRELA REALTON      NM,Consumer Cyclical,Residential Construction,24.73,9058869248.0,5.3182793,4.6111217,0.96492255,0.915866,10.405,0.20593001,0.03681,0.20621,0.33354,0.16222,15.87,0.5876,72.721,4.65,5.36312,0.08,6811196
2026-08-27,CYRE3,CYRELA REALTON      NM,Consumer Cyclical,Residential Construction,24.09,8824430592.0,5.180645,4.4917884,0.9399508,0.8921639,10.446,0.20593001,0.03681,0.20621,0.33354,0.16222,15.36,0.5876,72.721,4.65,5.36312,0.08,6913571
2026-08-28,CYRE3,CYRELA REALTON      NM,Consumer Cyclical,Residential Construction,23.02,8432478208.0,4.9505377,4.333413,0.8982013,0.85253686,10.367,0.20593001,0.03681,0.20621,0.33354,0.16222,15.96,0.5876,72.721,4.65,5.31221,0.08,6898317
2026-08-29,CYRE3,CYRELA REALTON      NM,Consumer Cyclical,Residential Construction,23.02,8432478208.0,4.9505377,4.333413,0.8982013,0.85253686,10.367,0.20593001,0.03681,0.20621,0.33354,0.16222,15.96,0.5876,72.721,4.65,5.31221,0.08,6889152
2026-08-31,CYRE3,CYRELA REALTON      NM,Consumer Cyclical,Residential Construction,24.29,8897692672.0,5.223656,4.572485,0.94775456,0.89957076,10.5,0.20593001,0.03681,0.20621,0.33354,0.16222,16.5,0.5876,72.721,4.65,5.31221,0.08,6985320
2026-09-01,CYRE3,CYRELA REALTON      NM,Consumer Cyclical,Residential Construction,24.66,9033228288.0,5.3032255,4.6421356,0.9621913,0.91327363,10.601,0.20593001,0.03681,0.20621,0.33354,0.16222,15.64,0.5876,72.721,4.65,5.31221,0.08,6994184
2026-08-24,DASA3,DASA        ON      NM,Healthcare,Diagnostics & Research,2.63,3287044352.0,,11.538631,0.48054084,0.35251743,6.742,-0.12092,0.03526,-0.096,0.31016,0.1585,,0.0,111.747,-0.71,0.22793,0.323,1073801
2026-08-25,DASA3,DASA        ON      NM,Healthcare,Diagnostics & Research,2.62,3274545664.0,,11.494757,0.47871366,0.351177,6.784,-0.12092,0.03526,-0.096,0.31016,0.1585,,0.0,111.747,-0.71,0.22793,0.323,1047456
2026-08-27,DASA3,DASA        ON      NM,Healthcare,Diagnostics & Research,2.61,3262047488.0,,11.450884,0.4768865,0.34983665,6.767,-0.12092,0.03526,-0.096,0.31016,0.1585,,0.0,111.747,-0.71,0.22793,0.323,1024787
2026-08-28,DASA3,DASA        ON      NM,Healthcare,Diagnostics & Research,2.5,3124566784.0,,10.96828,0.45678785,0.3350926,6.801,-0.12092,0.03526,-0.096,0.31016,0.1585,,0.0,111.747,-0.71,0.22793,0.323,1005182
2026-08-29,DASA3,DASA        ON      NM,Healthcare,Diagnostics & Research,2.5,3124566784.0,,10.96828,0.45678785,0.3350926,6.801,-0.12092,0.03526,-0.096,0.31016,0.1585,,0.0,111.747,-0.71,0.22793,0.323,1003201
2026-08-31,DASA3,DASA        ON      NM,Healthcare,Diagnostics & Research,2.61,3262047488.0,,11.450884,0.4768865,0.34983665,6.767,-0.12092,0.03526,-0.096,0.31016,0.1585,,0.0,111.747,-0.71,0.22793,0.323,1003620
2026-09-01,DASA3,DASA        ON      NM,Healthcare,Diagnostics & Research,2.51,3137064960.0,,11.012153,0.458615,0.33643296,6.683,-0.12092,0.03526,-0.096,0.31016,0.1585,,0.0,111.747,-0.71,0.22793,0.323,1006993
2026-08-24,DESK3,DESKTOP     ON      NM,Communication Services,Telecom Services,18.79,2184146432.0,39.145836,11.052941,1.5265254,1.7200075,5.716,0.04651,0.06516,0.04399,0.60501,0.48463002,0.77,0.3023,121.12,0.48,1.7,0.212,422256
2026-08-25,DESK3,DESKTOP     ON      NM,Communication Services,Telecom Services,19.0,2208556544.0,38.77551,11.17647,1.5437114,1.7392304,5.695,0.04651,0.06516,0.04399,0.60501,0.48463002,0.78,0.3023,121.12,0.49,1.7,0.212,412596
2026-08-27,DESK3,DESKTOP     ON      NM,Communication Services,Telecom Services,18.49,2149727488.0,38.520832,10.876471,1.502275,1.6929027,5.638,0.04651,0.06516,0.04399,0.60501,0.48463002,0.44,0.3023,121.12,0.48,1.7,0.212,415021
2026-08-28,DESK3,DESKTOP     ON      NM,Communication Services,Telecom Services,18.6,2162516736.0,38.75,10.941176,1.5112123,1.7029742,5.64,0.04651,0.06516,0.04399,0.60501,0.48463002,0.45,0.3023,121.12,0.48,1.7,0.212,428676
2026-08-29,DESK3,DESKTOP     ON      NM,Communication Services,Telecom Services,18.6,2162516736.0,38.75,10.941176,1.5112123,1.7029742,5.64,0.04651,0.06516,0.04399,0.60501,0.48463002,0.45,0.3023,121.12,0.48,1.7,0.212,422644
2026-08-31,DESK3,DESKTOP     ON  ED  NM,Communication Services,Telecom Services,18.9,2197395968.0,39.375,11.117646,1.5355866,1.7304415,5.716,0.04651,0.06516,0.04399,0.60501,0.48463002,0.45,0.3023,121.12,0.48,1.7,0.212,424234
2026-09-01,DESK3,DESKTOP     ON  ED  NM,Communication Services,Telecom Services,19.0,2209022464.0,39.583336,11.17647,1.5437114,1.7395973,5.735,0.04651,0.06516,0.04399,0.60501,0.48463002,0.44,0.3023,121.12,0.48,1.7,0.212,425260
2026-08-24,DIRR3,DIRECIONAL  ON      NM,Real Estate,Real Estate - Development,10.64,5532840448.0,6.5276074,4.6294484,2.3776538,1.1461188,5.407,0.41882,0.05444,0.17729999,0.4035,0.25229,25.19,0.95089996,116.157,1.63,2.29833,0.253,7637171
2026-08-25,DIRR3,DIRECIONAL  ON      NM,Real Estate,Real Estate - Development,11.29,5870842368.0,6.92638,4.9122624,2.522905,1.2161354,5.475,0.41882,0.05444,0.17729999,0.4035,0.25229,24.81,0.95089996,116.157,1.63,2.29833,0.253,7655748
2026-08-27,DIRR3,DIRECIONAL  ON      NM,Real Estate,Real Estate - Development,11.01,3602869248.0,6.7546015,4.790435,2.4603353,0.7463284,5.753,0.41882,0.05444,0.17729999,0.4035,0.25229,23.38,0.95089996,116.157,1.63,2.29833,0.253,7767959
2026-08-28,DIRR3,DIRECIONAL  ON      NM,Real Estate,Real Estate - Development,10.87,5652441088.0,6.6687117,4.726087,2.4290502,1.1708939,5.616,0.41882,0.05444,0.17729999,0.4035,0.25229,24.07,0.95089996,116.157,1.63,2.3,0.253,7817467
2026-08-29,DIRR3,DIRECIONAL  ON      NM,Real Estate,Real Estate - Development,10.87,5652441088.0,6.6687117,4.726087,2.4290502,1.1708939,5.616,0.41882,0.05444,0.17729999,0.4035,0.25229,24.07,0.95089996,116.157,1.63,2.3,0.253,7817467
2026-08-31,DIRR3,DIRECIONAL  ON      NM,Real Estate,Real Estate - Development,11.12,5782441984.0,6.822086,4.8347826,2.4849162,1.1978234,5.68,0.41882,0.05444,0.17729999,0.4035,0.25229,24.29,0.95089996,116.157,1.63,2.3,0.253,7885312
2026-09-01,DIRR3,DIRECIONAL  ON      NM,Real Estate,Real Estate - Development,11.1,5772042240.0,6.8098164,4.826087,2.480447,1.195669,5.672,0.41882,0.05444,0.17729999,0.4035,0.25229,23.74,0.95089996,116.157,1.63,2.3,0.253,7862835
2026-08-24,DXCO3,DEXCO       ON      NM,Basic Materials,Lumber & Wood Production,5.05,4584747008.0,,8.145162,0.6621215,0.5409994,5.861,0.0073,0.02476,-0.00426,0.24889,0.22365999,1.02,0.0,118.511,-0.04,0.62,0.422,1778471
2026-08-25,DXCO3,DEXCO       ON      NM,Basic Materials,Lumber & Wood Production,5.15,4675533824.0,,8.306452,0.67523277,0.5517122,5.889,0.0073,0.02476,-0.00426,0.24889,0.22365999,1.02,0.0,118.511,-0.04,0.62,0.422,1777526
2026-08-27,DXCO3,DEXCO       ON      NM,Basic Materials,Lumber & Wood Production,5.13,4657376768.0,,8.274194,0.6726987,0.54956967,5.937,0.0073,0.02476,-0.00426,0.24889,0.22365999,1.02,0.0,118.511,-0.04,0.62,0.422,1770061
2026-08-28,DXCO3,DEXCO       ON      NM,Basic Materials,Lumber & Wood Production,5.2,4720927232.0,,8.387096,0.6818778,0.55706865,5.98,0.0073,0.02476,-0.00426,0.24889,0.22365999,1.02,0.0,118.511,-0.04,0.62,0.422,1806006
2026-08-29,DXCO3,DEXCO       ON      NM,Basic Materials,Lumber & Wood Production,5.2,4720927232.0,,8.387096,0.6818778,0.55706865,5.98,0.0073,0.02476,-0.00426,0.24889,0.22365999,1.02,0.0,118.511,-0.04,0.62,0.422,1782030
2026-08-31,DXCO3,DEXCO       ON      NM,Basic Materials,Lumber & Wood Production,5.2,4720927232.0,,8.387096,0.6818778,0.55706865,5.961,0.0073,0.02476,-0.00426,0.24889,0.22365999,1.02,0.0,118.511,-0.04,0.62,0.422,1766974
2026-09-01,DXCO3,DEXCO       ON      NM,Basic Materials,Lumber & Wood Production,5.29,4802635776.0,,8.532258,0.6936795,0.56671023,6.004,0.0073,0.02476,-0.00426,0.24889,0.22365999,1.02,0.0,118.511,-0.04,0.62,0.422,1762925
2026-08-24,ECOR3,ECORODOVIAS ON      NM,Industrials,Infrastructure Operations,6.67,4639793664.0,8.443038,8.036145,1.1278323,0.39019275,5.562,0.12307,0.06858,0.04593,0.36371,0.44244,4.52,0.7693,664.149,0.79,0.83,0.568,4942326
2026-08-25,ECOR3,ECORODOVIAS ON      NM,Industrials,Infrastructure Operations,6.95,4834567680.0,8.797468,8.373494,1.1751775,0.40657267,5.56,0.12307,0.06858,0.04593,0.36371,0.44244,4.53,0.7693,664.149,0.79,0.83,0.568,4928146
2026-08-27,ECOR3,ECORODOVIAS ON      NM,Industrials,Infrastructure Operations,6.95,4834567680.0,8.797468,8.373494,1.1751775,0.40657267,5.597,0.12307,0.06858,0.04593,0.36371,0.44244,4.35,0.7693,664.149,0.79,0.83,0.568,4952893
2026-08-28,ECOR3,ECORODOVIAS ON      NM,Industrials,Infrastructure Operations,6.91,4806742528.0,8.746835,8.325301,1.1684139,0.40423265,5.598,0.12307,0.06858,0.04593,0.36371,0.44244,4.35,0.7693,664.149,0.79,0.83,0.568,4913514
2026-08-29,ECOR3,ECORODOVIAS ON      NM,Industrials,Infrastructure Operations,6.91,4806742528.0,8.746835,8.325301,1.1684139,0.40423265,5.598,0.12307,0.06858,0.04593,0.36371,0.44244,4.35,0.7693,664.149,0.79,0.83,0.568,4904263
2026-08-31,ECOR3,ECORODOVIAS ON      NM,Industrials,Infrastructure Operations,7.29,5071078912.0,9.227848,8.783133,1.2326683,0.42646253,5.642,0.12307,0.06858,0.04593,0.36371,0.44244,4.38,0.7693,664.149,0.79,0.83,0.568,4889707
2026-09-01,ECOR3,ECORODOVIAS ON      NM,Industrials,Infrastructure Operations,7.24,5036297728.0,9.1645565,8.722892,1.2242137,0.42353755,5.635,0.12307,0.06858,0.04593,0.36371,0.44244,4.15,0.7693,664.149,0.79,0.83,0.568,4856278
2026-08-24,EGIE3,ENGIE BRASILON  ED  NM,Utilities,Utilities - Renewable,28.04,39715340288.0,8.151163,10.692577,2.1334553,2.9029613,7.934,0.2859,0.06679,0.28941,0.47447,0.54594004,6.3,0.3478,205.959,3.44,2.62238,0.323,3545017
2026-08-25,EGIE3,ENGIE BRASILON  ED  NM,Utilities,Utilities - Renewable,28.85,40862609408.0,8.386628,11.001457,2.1950848,2.98682,7.997,0.2859,0.06679,0.28941,0.47447,0.54594004,6.21,0.3478,205.959,3.44,2.62238,0.323,3591858
2026-08-27,EGIE3,ENGIE BRASILON  ED  NM,Utilities,Utilities - Renewable,28.84,40848445440.0,8.38372,10.997643,2.194324,2.9857848,8.121,0.2859,0.06679,0.28941,0.47447,0.54594004,6.03,0.3478,205.959,3.44,2.62238,0.323,3625256
2026-08-28,EGIE3,ENGIE BRASILON  ED  NM,Utilities,Utilities - Renewable,28.81,40805953536.0,8.375,10.986203,2.1920414,2.982679,8.121,0.2859,0.06679,0.28941,0.47447,0.54594004,6.03,0.3478,205.959,3.44,2.62238,0.323,3618673
2026-08-29,EGIE3,ENGIE BRASILON  ED  NM,Utilities,Utilities - Renewable,28.81,40805953536.0,8.375,10.986203,2.1920414,2.982679,8.121,0.2859,0.06679,0.28941,0.47447,0.54594004,6.03,0.3478,205.959,3.44,2.62238,0.323,3557311
2026-08-31,EGIE3,ENGIE BRASILON  ED  NM,Utilities,Utilities - Renewable,29.38,41613287424.0,8.540697,11.203563,2.2354105,3.04169,8.202,0.2859,0.06679,0.28941,0.47447,0.54594004,6.04,0.3478,205.959,3.44,2.62238,0.323,3537128
2026-09-01,EGIE3,ENGIE BRASILON  ED  NM,Utilities,Utilities - Renewable,29.02,41103392768.0,8.436047,11.066283,2.2080195,3.0044198,8.147,0.2859,0.06679,0.28941,0.47447,0.54594004,5.92,0.3478,205.959,3.44,2.62238,0.323,3601326
2026-08-24,EMBJ3,EMBRAER     ON      NM,Industrials,Aerospace & Defense,98.2,69902016512.0,30.687498,17.049465,3.9037962,1.584077,15.484,0.12189999,0.037,0.05278,0.1785,0.1078,1.14,0.3031,68.91,3.2,5.7597113,0.683,4857896
2026-08-25,EMBJ3,EMBRAER     ON      NM,Industrials,Aerospace & Defense,96.34,68578004992.0,30.391165,16.726532,3.8298547,1.5540731,15.623,0.12189999,0.037,0.05278,0.1785,0.1078,1.13,0.3031,68.91,3.17,5.7597113,0.683,4896306
2026-08-27,EMBJ3,EMBRAER     ON      NM,Industrials,Aerospace & Defense,97.23,69211537408.0,30.575472,16.825434,3.8652356,1.5684298,15.345,0.12189999,0.037,0.05278,0.1785,0.1078,1.16,0.3031,68.91,3.18,5.778752,0.683,4931140
2026-08-28,EMBJ3,EMBRAER     ON      NM,Industrials,Aerospace & Defense,95.22,67780755456.0,30.037855,16.876234,3.785331,1.5360062,15.535,0.12189999,0.037,0.05278,0.1785,0.1078,1.14,0.3031,68.91,3.17,5.642254,0.683,4935703
2026-08-29,EMBJ3,EMBRAER     ON      NM,Industrials,Aerospace & Defense,95.22,67780755456.0,30.037855,16.876234,3.785331,1.5360062,15.535,0.12189999,0.037,0.05278,0.1785,0.1078,1.14,0.3031,68.91,3.17,5.642254,0.683,4918282
2026-08-31,EMBJ3,EMBRAER     ON      NM,Industrials,Aerospace & Defense,93.49,66549280768.0,29.39937,16.52567,3.7165573,1.5080993,14.918,0.12189999,0.037,0.05278,0.1785,0.1078,1.17,0.3031,68.91,3.18,5.6572595,0.683,4917467
2026-09-01,EMBJ3,EMBRAER     ON      NM,Industrials,Aerospace & Defense,92.18,65616781312.0,28.71651,16.229319,3.6644802,1.4869676,14.722,0.12189999,0.037,0.05278,0.1785,0.1078,1.19,0.3031,68.91,3.21,5.6798444,0.683,4951895
2026-08-24,ENEV3,ENEVA       ON      NM,Utilities,Utilities - Diversified,26.1,49929433088.0,52.2,27.049997,2.4527771,2.6090984,12.147,0.071490005,0.04121,0.050300002,0.25725,0.318,,0.0,119.554,0.5,0.96488,0.311,8551226
2026-08-25,ENEV3,ENEVA       ON      NM,Utilities,Utilities - Diversified,26.69,51058106368.0,53.38,27.661472,2.508223,2.668078,12.379,0.071490005,0.04121,0.050300002,0.25725,0.318,,0.0,119.554,0.5,0.96488,0.311,8518770
2026-08-27,ENEV3,ENEVA       ON      NM,Utilities,Utilities - Diversified,26.38,50465071104.0,52.76,27.340187,2.4790902,2.6370885,12.467,0.071490005,0.04121,0.050300002,0.25725,0.318,,0.0,119.554,0.5,0.96488,0.311,8699634
2026-08-28,ENEV3,ENEVA       ON      NM,Utilities,Utilities - Diversified,26.3,50505117696.0,52.6,27.257275,2.4715722,2.6391811,12.395,0.071490005,0.04121,0.050300002,0.25725,0.318,,0.0,119.554,0.5,0.96488,0.311,8869085
2026-08-29,ENEV3,ENEVA       ON      NM,Utilities,Utilities - Diversified,26.3,50505117696.0,52.6,27.257275,2.4715722,2.6391811,12.395,0.071490005,0.04121,0.050300002,0.25725,0.318,,0.0,119.554,0.5,0.96488,0.311,8783068
2026-08-31,ENEV3,ENEVA       ON      NM,Utilities,Utilities - Diversified,26.21,50332286976.0,52.42,27.164,2.4631143,2.6301498,12.414,0.071490005,0.04121,0.050300002,0.25725,0.318,,0.0,119.554,0.5,0.96488,0.311,8859257
2026-09-01,ENEV3,ENEVA       ON      NM,Utilities,Utilities - Diversified,26.52,50927595520.0,53.04,27.485285,2.492247,2.6612582,12.511,0.071490005,0.04121,0.050300002,0.25725,0.318,,0.0,119.554,0.5,0.96488,0.311,8866912
2026-08-24,ENGI11,ENERGISA    UNT ED  N2,Utilities,Utilities - Regulated Electric,45.42,13911373824.0,32.913044,18.832718,0.8898554,0.37901464,6.773,0.09408,0.04834,0.04133,0.23554,0.22851999,4.57,,198.765,1.38,2.41176,0.077,2771900
2026-08-25,ENGI11,ENERGISA    UNT     N2,Utilities,Utilities - Regulated Electric,47.24,14468809728.0,34.231884,19.587355,0.9255124,0.39420193,6.803,0.09408,0.04834,0.04133,0.23554,0.22851999,4.51,,198.765,1.38,2.41176,0.077,2791184
2026-08-27,ENGI11,ENERGISA    UNT     N2,Utilities,Utilities - Regulated Electric,47.57,14569882624.0,34.471016,19.724184,0.93197757,0.39695567,6.901,0.09408,0.04834,0.04133,0.23554,0.22851999,4.33,,198.765,1.38,2.41176,0.077,2878507
2026-08-28,ENGI11,ENERGISA    UNT     N2,Utilities,Utilities - Regulated Electric,47.37,14508625920.0,34.326088,19.641256,0.9280592,0.39528674,6.898,0.09408,0.04834,0.04133,0.23554,0.22851999,4.31,,198.765,1.38,2.41176,0.077,2949348
2026-08-29,ENGI11,ENERGISA    UNT     N2,Utilities,Utilities - Regulated Electric,47.37,14508625920.0,34.326088,19.641256,0.9280592,0.39528674,6.898,0.09408,0.04834,0.04133,0.23554,0.22851999,4.31,,198.765,1.38,2.41176,0.077,2939190
2026-08-31,ENGI11,ENERGISA    UNT     N2,Utilities,Utilities - Regulated Electric,48.0,14701584384.0,34.782608,19.902477,0.94040203,0.40054387,6.921,0.09408,0.04834,0.04133,0.23554,0.22851999,4.32,,198.765,1.38,2.41176,0.077,2933185
2026-09-01,ENGI11,ENERGISA    UNT     N2,Utilities,Utilities - Regulated Electric,48.78,14940484608.0,35.347824,20.225891,0.9556835,0.4070527,6.956,0.09408,0.04834,0.04133,0.23554,0.22851999,4.26,,198.765,1.38,2.41176,0.077,2984342
2026-08-24,EQTL3,EQUATORIAL  ON      NM,Utilities,Utilities - Regulated Electric,36.33,45641334784.0,64.875,22.018183,1.7451245,0.8341934,8.875,0.050029997,0.04622,0.01752,0.24330999,0.21348,6.63,2.8304,226.843,0.56,1.65,0.024,8861629
2026-08-25,EQTL3,EQUATORIAL  ON      NM,Utilities,Utilities - Regulated Electric,37.15,46671499264.0,66.33929,22.515152,1.7845134,0.8530219,8.935,0.050029997,0.04622,0.01752,0.24330999,0.21348,6.53,2.8304,226.843,0.56,1.65,0.024,9008806
2026-08-27,EQTL3,EQUATORIAL  ON      NM,Utilities,Utilities - Regulated Electric,36.83,46269485056.0,65.76786,22.321213,1.7691422,0.8456742,9.023,0.050029997,0.04622,0.01752,0.24330999,0.21348,6.39,2.8304,226.843,0.56,1.65,0.024,8927921
2026-08-28,EQTL3,EQUATORIAL  ON      NM,Utilities,Utilities - Regulated Electric,36.75,46168977408.0,65.625,22.272728,1.7652992,0.84383726,8.976,0.050029997,0.04622,0.01752,0.24330999,0.21348,6.46,2.8304,226.843,0.56,1.65,0.024,8894040
2026-08-29,EQTL3,EQUATORIAL  ON      NM,Utilities,Utilities - Regulated Electric,36.75,46168977408.0,65.625,22.272728,1.7652992,0.84383726,8.976,0.050029997,0.04622,0.01752,0.24330999,0.21348,6.46,2.8304,226.843,0.56,1.65,0.024,8749957
2026-08-31,EQTL3,EQUATORIAL  ON      NM,Utilities,Utilities - Regulated Electric,36.67,46068473856.0,65.48214,22.224241,1.7614563,0.8420003,8.971,0.050029997,0.04622,0.01752,0.24330999,0.21348,6.46,2.8304,226.843,0.56,1.65,0.024,8799646
2026-09-01,EQTL3,EQUATORIAL  ON      NM,Utilities,Utilities - Regulated Electric,37.09,46596120576.0,66.23214,22.478788,1.7816312,0.8516442,9.016,0.050029997,0.04622,0.01752,0.24330999,0.21348,6.47,2.8304,226.843,0.56,1.65,0.024,8846715
2026-08-24,EVEN3,EVEN        ON      NM,Real Estate,Real Estate - Development,4.31,855118336.0,3.504065,2.803252,0.4443757,0.55367893,9.883,0.1113,0.02317,0.12827,0.28752002,0.12626,21.41,0.7449,64.461,1.23,1.5375,0.176,987051
2026-08-25,EVEN3,EVEN        ON      NM,Real Estate,Real Estate - Development,4.52,896783040.0,3.6747966,2.9398375,0.4660274,0.58065635,7.89,0.1113,0.029240001,0.12827,0.28752002,0.15863,21.26,0.7449,64.461,1.23,1.5375,0.176,984444
2026-08-27,EVEN3,EVEN        ON      NM,Real Estate,Real Estate - Development,4.51,894799040.0,3.6666667,2.9333334,0.4649964,0.57937175,8.052,0.1113,0.029240001,0.12827,0.28752002,0.15863,20.27,0.7449,64.461,1.23,1.5375,0.176,985848
2026-08-28,EVEN3,EVEN        ON      NM,Real Estate,Real Estate - Development,4.25,843214144.0,3.4552846,2.8286188,0.43818948,0.5459711,7.971,0.1113,0.029240001,0.12827,0.28752002,0.15863,20.32,0.7449,64.461,1.23,1.5025,0.176,971307
2026-08-29,EVEN3,EVEN        ON      NM,Real Estate,Real Estate - Development,4.25,843214144.0,3.4552846,2.8286188,0.43818948,0.5459711,7.971,0.1113,0.029240001,0.12827,0.28752002,0.15863,20.32,0.7449,64.461,1.23,1.5025,0.176,967801
2026-08-31,EVEN3,EVEN        ON      NM,Real Estate,Real Estate - Development,4.27,847182208.0,3.4715447,2.84193,0.44025156,0.5485404,7.858,0.1113,0.029240001,0.12827,0.28752002,0.15863,21.56,0.7449,64.461,1.23,1.5025,0.176,962970
2026-09-01,EVEN3,EVEN        ON      NM,Real Estate,Real Estate - Development,4.26,845198208.0,3.4634147,2.8352747,0.43922055,0.54725575,7.85,0.1113,0.029240001,0.12827,0.28752002,0.15863,21.46,0.7449,64.461,1.23,1.5025,0.176,956004
2026-08-24,EZTC3,EZTEC       ON  ED  NM,Real Estate,Real Estate - Development,11.01,3053723136.0,6.6727276,4.8217783,0.5836205,2.1242554,9.688,0.10551,0.027479999,0.36948,0.4125,0.23204,3.36,0.69,34.175,1.65,2.28339,0.441,1939709
2026-08-25,EZTC3,EZTEC       ON  ED  NM,Real Estate,Real Estate - Development,11.76,3261742336.0,7.170732,5.1470137,0.62337667,2.2689593,9.472,0.10551,0.027479999,0.36948,0.4125,0.23204,3.44,0.69,34.175,1.64,2.28482,0.441,1956295
2026-08-27,EZTC3,EZTEC       ON  ED  NM,Real Estate,Real Estate - Development,11.55,3203496960.0,7.0,5.055103,0.6122449,2.2284422,10.095,0.10551,0.027479999,0.36948,0.4125,0.23204,3.22,0.69,34.175,1.65,2.28482,0.441,2014295
2026-08-28,EZTC3,EZTEC       ON  ED  NM,Real Estate,Real Estate - Development,11.74,3256195072.0,7.1151514,5.103172,0.6223165,2.2651005,10.104,0.10551,0.027479999,0.36948,0.4125,0.23204,3.21,0.69,34.175,1.65,2.30053,0.441,2075800
2026-08-29,EZTC3,EZTEC       ON  ED  NM,Real Estate,Real Estate - Development,11.74,3256195072.0,7.1151514,5.103172,0.6223165,2.2651005,10.104,0.10551,0.027479999,0.36948,0.4125,0.23204,3.21,0.69,34.175,1.65,2.30053,0.441,2075800
2026-08-31,EZTC3,EZTEC       ON      NM,Real Estate,Real Estate - Development,11.9,3300572416.0,7.2560973,5.172721,0.63079774,2.2959707,10.212,0.10551,0.027479999,0.36948,0.4125,0.23204,3.22,0.69,34.175,1.64,2.30053,0.441,2099840
2026-09-01,EZTC3,EZTEC       ON      NM,Real Estate,Real Estate - Development,13.21,3663912960.0,8.006061,5.742155,0.7002385,2.5487204,11.301,0.10551,0.027479999,0.36948,0.4125,0.23204,3.18,0.69,34.175,1.65,2.30053,0.441,2120326
2026-08-24,FESA4,FERBASA     PN      N1,Basic Materials,Steel,5.12,1735001984.0,12.487804,3.6571429,0.52865255,0.7976731,11.624,0.04439,-0.01735,0.06782,0.097229995,0.05148,22.83,1.7172999,11.904,0.41,1.4,0.249,871971
2026-08-25,FESA4,FERBASA     PN      N1,Basic Materials,Steel,5.16,1748556672.0,12.9,3.6857142,0.5327826,0.80390495,11.896,0.04439,-0.01735,0.06782,0.097229995,0.05148,22.43,1.7172999,11.904,0.4,1.4,0.249,867503
2026-08-27,FESA4,FERBASA     PN      N1,Basic Materials,Steel,5.2,1762111360.0,12.682926,3.7142856,0.5369127,0.81013674,12.139,0.04439,-0.01735,0.06782,0.097229995,0.05148,22.25,1.7172999,11.904,0.41,1.4,0.249,879456
2026-08-28,FESA4,FERBASA     PN      N1,Basic Materials,Steel,5.19,1758722816.0,12.658537,3.707143,0.5358802,0.80857885,12.35,0.04439,-0.01735,0.06782,0.097229995,0.05148,22.08,1.7172999,11.904,0.41,1.4,0.249,912851
2026-08-29,FESA4,FERBASA     PN      N1,Basic Materials,Steel,5.19,1758722816.0,12.658537,3.707143,0.5358802,0.80857885,12.35,0.04439,-0.01735,0.06782,0.097229995,0.05148,22.08,1.7172999,11.904,0.41,1.4,0.249,915861
2026-08-31,FESA4,FERBASA     PN      N1,Basic Materials,Steel,5.06,1714669952.0,12.341463,3.6142857,0.52245736,0.7883254,11.715,0.04439,-0.01735,0.06782,0.097229995,0.05148,22.12,1.7172999,11.904,0.41,1.4,0.249,918334
2026-09-01,FESA4,FERBASA     PN      N1,Basic Materials,Steel,5.39,1826496256.0,13.146341,3.85,0.55653065,0.83973795,12.714,0.04439,-0.01735,0.06782,0.097229995,0.05148,22.69,1.7172999,11.904,0.41,1.4,0.249,1030742
2026-08-24,FLRY3,FLEURY      ON  EJ  NM,Healthcare,Diagnostics & Research,18.57,10095138816.0,16.008621,12.322331,2.0235372,1.1483039,6.983,0.12618,0.06468,0.08011,0.27051002,0.22467,8.62,1.0424,98.018,1.16,1.50702,,2760817
2026-08-25,FLRY3,FLEURY      ON      NM,Healthcare,Diagnostics & Research,18.64,10133192704.0,16.068966,12.36878,2.031165,1.1526324,6.952,0.12618,0.06468,0.08011,0.27051002,0.22467,8.67,1.0424,98.018,1.16,1.50702,,2783073
2026-08-27,FLRY3,FLEURY      ON      NM,Healthcare,Diagnostics & Research,18.66,10144065536.0,16.086206,12.335314,2.0333443,1.1538692,6.971,0.12618,0.06468,0.08011,0.27051002,0.22467,8.64,1.0424,98.018,1.16,1.51273,,2845277
2026-08-28,FLRY3,FLEURY      ON      NM,Healthcare,Diagnostics & Research,18.87,10258227200.0,16.267242,12.474136,2.0562277,1.1668549,6.999,0.12618,0.06468,0.08011,0.27051002,0.22467,8.59,1.0424,98.018,1.16,1.51273,,2857429
2026-08-29,FLRY3,FLEURY      ON      NM,Healthcare,Diagnostics & Research,18.87,10258227200.0,16.267242,12.474136,2.0562277,1.1668549,6.999,0.12618,0.06468,0.08011,0.27051002,0.22467,8.59,1.0424,98.018,1.16,1.51273,,2868303
2026-08-31,FLRY3,FLEURY      ON      NM,Healthcare,Diagnostics & Research,19.68,10698564608.0,16.965517,13.009592,2.1444917,1.2169424,7.258,0.12618,0.06468,0.08011,0.27051002,0.22467,8.53,1.0424,98.018,1.16,1.51273,,2871525
2026-09-01,FLRY3,FLEURY      ON      NM,Healthcare,Diagnostics & Research,19.21,10443059200.0,16.560345,12.6988945,2.0932765,1.1878791,7.129,0.12618,0.06468,0.08011,0.27051002,0.22467,8.18,1.0424,98.018,1.16,1.51273,,2917443
2026-08-24,FRAS3,"FRAS,LE     ON      N1",Consumer Cyclical,Auto Parts,23.25,6448040960.0,23.25,14.335923,2.5586002,1.1866398,7.969,0.124060005,0.06899,0.05391,0.33344,0.17758,2.16,0.36990002,100.733,1.0,1.6218,0.014,236715
2026-08-25,FRAS3,"FRAS,LE     ON      N1",Consumer Cyclical,Auto Parts,23.35,6475774976.0,23.35,14.397584,2.569605,1.1917437,8.677,0.124060005,0.06921,0.05391,0.33344,0.16921,2.16,0.36990002,112.652,1.0,1.6218,0.014,238401
2026-08-27,FRAS3,"FRAS,LE     ON      N1",Consumer Cyclical,Auto Parts,23.1,6406440960.0,23.1,14.243434,2.5420933,1.1789842,8.632,0.124060005,0.06921,0.05391,0.33344,0.16921,2.15,0.36990002,112.652,1.0,1.6218,0.014,236610
2026-08-28,FRAS3,"FRAS,LE     ON      N1",Consumer Cyclical,Auto Parts,23.01,6381480960.0,23.01,14.18794,2.532189,1.1743908,8.62,0.124060005,0.06921,0.05391,0.33344,0.16921,2.18,0.36990002,112.652,1.0,1.6218,0.014,238726
2026-08-29,FRAS3,"FRAS,LE     ON      N1",Consumer Cyclical,Auto Parts,23.01,6381480960.0,23.01,14.18794,2.532189,1.1743908,8.62,0.124060005,0.06921,0.05391,0.33344,0.16921,2.18,0.36990002,112.652,1.0,1.6218,0.014,235479
2026-08-31,FRAS3,"FRAS,LE     ON      N1",Consumer Cyclical,Auto Parts,23.02,6384254464.0,23.02,14.194106,2.5332894,1.1749011,8.608,0.124060005,0.06921,0.05391,0.33344,0.16921,2.19,0.36990002,112.652,1.0,1.6218,0.014,233307
2026-09-01,FRAS3,"FRAS,LE     ON      N1",Consumer Cyclical,Auto Parts,23.29,6459134976.0,23.29,14.360588,2.563002,1.1886815,8.689,0.124060005,0.06921,0.05391,0.33344,0.16921,2.19,0.36990002,112.652,1.0,1.6218,0.014,232612
2026-08-24,GFSA3,GAFISA      ON      NM,Consumer Cyclical,Residential Construction,0.23,36194484.0,,0.76666665,0.0036774112,0.07344928,-4.362,-0.34651002,-0.049569998,-1.24055,-0.37278,-0.74625,,0.0,106.138,-74.47,0.3,0.208,3563279
2026-08-25,GFSA3,GAFISA      ON      NM,Consumer Cyclical,Residential Construction,0.21,33047134.0,,0.6999999,0.0033576363,0.06706238,-4.362,-0.34651002,-0.049569998,-1.24055,-0.37278,-0.74625,,0.0,106.138,-74.47,0.3,0.208,3612342
2026-08-27,GFSA3,GAFISA      ON      NM,Consumer Cyclical,Residential Construction,0.21,33047134.0,,0.6999999,0.0033576363,0.06706238,-4.361,-0.34651002,-0.049569998,-1.24055,-0.37278,-0.74625,,0.0,106.138,-74.47,0.3,0.208,3691376
2026-08-28,GFSA3,GAFISA      ON      NM,Consumer Cyclical,Residential Construction,0.21,33047134.0,,0.6999999,0.0033576363,0.06706238,-4.362,-0.34651002,-0.049569998,-1.24055,-0.37278,-0.74625,,0.0,106.138,-74.47,0.3,0.208,3737303
2026-08-29,GFSA3,GAFISA      ON      NM,Consumer Cyclical,Residential Construction,0.21,33047134.0,,0.6999999,0.0033576363,0.06706238,-4.362,-0.34651002,-0.049569998,-1.24055,-0.37278,-0.74625,,0.0,106.138,-74.47,0.3,0.208,3790268
2026-08-31,GFSA3,GAFISA      ON      NM,Consumer Cyclical,Residential Construction,0.21,33047134.0,,0.6999999,0.0033576363,0.06706238,-4.361,-0.34651002,-0.049569998,-1.24055,-0.37278,-0.74625,,0.0,106.138,-74.47,0.3,0.208,3809182
2026-09-01,GFSA3,GAFISA      ON      NM,Consumer Cyclical,Residential Construction,0.21,33047134.0,,0.6999999,0.0033576363,0.06706238,-4.361,-0.34651002,-0.049569998,-1.24055,-0.37278,-0.74625,,0.0,106.138,-74.47,0.3,0.208,3814739
2026-08-24,GGBR4,GERDAU      PN  ED  N1,Basic Materials,Steel,22.14,43441479680.0,19.252174,7.7733574,0.8117621,0.6246641,5.343,0.041810002,0.05029,0.03217,0.13104999,0.1437,4.15,0.5913,28.232,1.15,2.84819,0.907,10154807
2026-08-25,GGBR4,GERDAU      PN  ED  N1,Basic Materials,Steel,22.45,44049739776.0,19.52174,7.882199,0.8231283,0.6334106,5.341,0.041810002,0.05029,0.03217,0.13104999,0.1437,4.16,0.5913,28.232,1.15,2.84819,0.907,10369306
2026-08-27,GGBR4,GERDAU      PN  ED  N1,Basic Materials,Steel,22.88,44893450240.0,19.895653,8.033172,0.8388941,0.6455427,5.487,0.041810002,0.05029,0.03217,0.13104999,0.1437,4.1,0.5913,28.232,1.15,2.84819,0.907,10389114
2026-08-28,GGBR4,GERDAU      PN  ED  N1,Basic Materials,Steel,23.8,46698606592.0,20.695652,8.270148,0.8726259,0.6714998,5.701,0.041810002,0.05029,0.03217,0.13104999,0.1437,3.84,0.5913,28.232,1.15,2.87782,0.907,10440918
2026-08-29,GGBR4,GERDAU      PN  ED  N1,Basic Materials,Steel,23.8,46698606592.0,20.695652,8.270148,0.8726259,0.6714998,5.701,0.041810002,0.05029,0.03217,0.13104999,0.1437,3.84,0.5913,28.232,1.15,2.87782,0.907,10196523
2026-08-31,GGBR4,GERDAU      PN  ED  N1,Basic Materials,Steel,23.74,46580883456.0,20.643478,8.2493,0.87042606,0.669807,5.656,0.041810002,0.05029,0.03217,0.13104999,0.1437,3.87,0.5913,28.232,1.15,2.87782,0.907,10117545
2026-09-01,GGBR4,GERDAU      PN  ED  N1,Basic Materials,Steel,24.15,47385354240.0,21.0,8.391768,0.88545865,0.68137485,5.736,0.041810002,0.05029,0.03217,0.13104999,0.1437,3.88,0.5913,28.232,1.15,2.87782,0.907,10106650
2026-08-24,GGPS3,GPS         ON      NM,Industrials,Specialty Business Services,12.2,9178675200.0,9.68254,7.430506,2.0411577,0.51099324,5.417,0.22337,0.07276,0.050970003,0.14743,0.11602,4.41,0.2578,137.766,1.26,1.64188,0.261,3386343
2026-08-25,GGPS3,GPS         ON      NM,Industrials,Specialty Business Services,12.54,9434474496.0,9.952381,7.637586,2.0980425,0.52523404,5.453,0.22337,0.07276,0.050970003,0.14743,0.11602,4.37,0.2578,137.766,1.26,1.64188,0.261,3363373
2026-08-27,GGPS3,GPS         ON      NM,Industrials,Specialty Business Services,12.5,9404381184.0,9.920635,7.6132236,2.09135,0.5235587,5.575,0.22337,0.07276,0.050970003,0.14743,0.11602,4.25,0.2578,137.766,1.26,1.64188,0.261,3334829
2026-08-28,GGPS3,GPS         ON      NM,Industrials,Specialty Business Services,12.58,9464568832.0,9.984127,7.661948,2.1047347,0.5269095,5.532,0.22337,0.07276,0.050970003,0.14743,0.11602,4.29,0.2578,137.766,1.26,1.64188,0.261,3297751
2026-08-29,GGPS3,GPS         ON      NM,Industrials,Specialty Business Services,12.58,9464568832.0,9.984127,7.661948,2.1047347,0.5269095,5.532,0.22337,0.07276,0.050970003,0.14743,0.11602,4.29,0.2578,137.766,1.26,1.64188,0.261,3297751
2026-08-31,GGPS3,GPS         ON      NM,Industrials,Specialty Business Services,12.42,9344192512.0,9.857143,7.564499,2.0779655,0.5202079,5.532,0.22337,0.07276,0.050970003,0.14743,0.11602,4.24,0.2578,137.766,1.26,1.64188,0.261,3246089
2026-09-01,GGPS3,GPS         ON      NM,Industrials,Specialty Business Services,12.62,9494663168.0,10.015873,7.686311,2.111427,0.52858484,5.604,0.22337,0.07276,0.050970003,0.14743,0.11602,4.29,0.2578,137.766,1.26,1.64188,0.261,3228782
2026-08-24,GMAT3,GRUPO MATEUSON      NM,Consumer Cyclical,Department Stores,4.3,9902845952.0,5.9722223,4.831461,0.9104383,0.2441037,6.377,0.14676,0.056999996,0.04109,0.22306,0.06278,6.01,0.1697,55.761,0.72,0.89,,5380364
2026-08-25,GMAT3,GRUPO MATEUSON      NM,Consumer Cyclical,Department Stores,4.64,10685860864.0,6.444444,5.213483,0.9824264,0.2634049,6.516,0.14676,0.056999996,0.04109,0.22306,0.06278,5.8,0.1697,55.761,0.72,0.89,,5404684
2026-08-27,GMAT3,GRUPO MATEUSON      NM,Consumer Cyclical,Department Stores,4.6,10593740800.0,6.3888884,5.1685395,0.9739572,0.26113415,7.151,0.14265999,0.055069998,0.03994,0.21765,0.05862,5.37,0.1697,55.761,0.72,0.89,0.455,5502032
2026-08-28,GMAT3,GRUPO MATEUSON      NM,Consumer Cyclical,Department Stores,4.78,11008279552.0,6.638889,5.3707867,1.0120686,0.27135247,7.306,0.14265999,0.055069998,0.03994,0.21765,0.05862,5.24,0.1697,55.761,0.72,0.89,0.455,5597982
2026-08-29,GMAT3,GRUPO MATEUSON      NM,Consumer Cyclical,Department Stores,4.78,11008279552.0,6.638889,5.3707867,1.0120686,0.27135247,7.306,0.14265999,0.055069998,0.03994,0.21765,0.05862,5.24,0.1697,55.761,0.72,0.89,0.455,5533004
2026-08-31,GMAT3,GRUPO MATEUSON      NM,Consumer Cyclical,Department Stores,4.63,10662831104.0,6.4305553,5.2022476,0.9803091,0.26283723,7.181,0.14265999,0.055069998,0.03994,0.21765,0.05862,5.22,0.1697,55.761,0.72,0.89,0.455,5556339
2026-09-01,GMAT3,GRUPO MATEUSON      NM,Consumer Cyclical,Department Stores,4.73,10893129728.0,6.569444,5.3146067,1.0014821,0.26851404,7.277,0.14265999,0.055069998,0.03994,0.21765,0.05862,5.38,0.1697,55.761,0.72,0.89,0.455,5575168
2026-08-24,GOAU4,GERDAU MET  PN  ED  N1,Basic Materials,Steel,9.75,12896207872.0,16.25,4.8029556,0.67056394,0.18544024,5.819,0.04168,0.05061,0.011419999,0.13104999,0.14158,4.47,0.5542,28.199,0.6,2.03,0.87,8253085
2026-08-25,GOAU4,GERDAU MET  PN  ED  N1,Basic Materials,Steel,9.84,13015249920.0,16.4,4.847291,0.6767538,0.187152,5.805,0.04168,0.05061,0.011419999,0.13104999,0.14158,4.51,0.5542,28.199,0.6,2.03,0.87,8307838
2026-08-27,GOAU4,GERDAU MET  PN  ED  N1,Basic Materials,Steel,9.94,13147517952.0,16.566666,4.8965516,0.68363136,0.18905394,5.817,0.04168,0.05061,0.011419999,0.13104999,0.14158,4.47,0.5542,28.199,0.6,2.03,0.87,8444523
2026-08-28,GOAU4,GERDAU MET  PN  ED  N1,Basic Materials,Steel,10.42,13782409216.0,17.366667,5.133005,0.71664375,0.19818333,5.899,0.04168,0.05061,0.011419999,0.13104999,0.14158,4.21,0.5542,28.199,0.6,2.03,0.87,8487526
2026-08-29,GOAU4,GERDAU MET  PN  ED  N1,Basic Materials,Steel,10.42,13782409216.0,17.366667,5.133005,0.71664375,0.19818333,5.899,0.04168,0.05061,0.011419999,0.13104999,0.14158,4.21,0.5542,28.199,0.6,2.03,0.87,8422695
2026-08-31,GOAU4,GERDAU MET  PN  ED  N1,Basic Materials,Steel,10.39,13742729216.0,17.316666,5.118227,0.7145805,0.19761275,5.891,0.04168,0.05061,0.011419999,0.13104999,0.14158,4.22,0.5542,28.199,0.6,2.03,0.87,8388753
2026-09-01,GOAU4,GERDAU MET  PN  ED  N1,Basic Materials,Steel,10.56,13967586304.0,17.6,5.2019706,0.7262724,0.20084606,5.914,0.04168,0.05061,0.011419999,0.13104999,0.14158,4.23,0.5542,28.199,0.6,2.03,0.87,8185196
2026-08-24,GRND3,GRENDENE    ON      NM,Consumer Cyclical,Footwear & Accessories,3.51,3166581504.0,5.484375,4.68,1.0040046,1.2252955,11.713,0.17924,0.02665,0.24951,0.45237,0.10656,29.15,0.8631,2.237,0.64,0.75,0.4,2870534
2026-08-25,GRND3,GRENDENE    ON  EDJ NM,Consumer Cyclical,Footwear & Accessories,3.49,3148538368.0,5.453125,4.653333,0.99828374,1.2183138,11.713,0.17924,0.02665,0.24951,0.45237,0.10656,29.15,0.8631,2.237,0.64,0.75,0.4,2867604
2026-08-27,GRND3,GRENDENE    ON  EDJ NM,Consumer Cyclical,Footwear & Accessories,3.48,3139516928.0,5.4375,4.64,0.9954233,1.214823,11.713,0.17924,0.02665,0.24951,0.45237,0.10656,29.15,0.8631,2.237,0.64,0.75,0.4,2903403
2026-08-28,GRND3,GRENDENE    ON  EDJ NM,Consumer Cyclical,Footwear & Accessories,3.46,3121473536.0,5.40625,4.613333,0.9897025,1.2078412,11.713,0.17924,0.02665,0.24951,0.45237,0.10656,29.15,0.8631,2.237,0.64,0.75,0.4,2875875
2026-08-29,GRND3,GRENDENE    ON  EDJ NM,Consumer Cyclical,Footwear & Accessories,3.46,3121473536.0,5.40625,4.613333,0.9897025,1.2078412,11.713,0.17924,0.02665,0.24951,0.45237,0.10656,29.15,0.8631,2.237,0.64,0.75,0.4,2875875
2026-08-31,GRND3,GRENDENE    ON  EDJ NM,Consumer Cyclical,Footwear & Accessories,3.48,3139516928.0,5.4375,4.64,0.9954233,1.214823,11.713,0.17924,0.02665,0.24951,0.45237,0.10656,29.15,0.8631,2.237,0.64,0.75,0.4,2842175
2026-09-01,GRND3,GRENDENE    ON  EDJ NM,Consumer Cyclical,Footwear & Accessories,3.49,3148538368.0,5.453125,4.653333,0.99828374,1.2183138,11.713,0.17924,0.02665,0.24951,0.45237,0.10656,29.15,0.8631,2.237,0.64,0.75,0.4,2980429
2026-08-24,HAPV3,HAPVIDA     ON      NM,Financial Services,Insurance - Life,6.36,3021559296.0,,5.433761,0.06257687,0.09485097,4.274,-0.00358,0.01549,-0.00545,0.12845,0.08132,,0.0,32.983,-0.36,1.17046,0.256,6732367
2026-08-25,HAPV3,HAPVIDA     ON      NM,Financial Services,Insurance - Life,6.42,3050064640.0,,5.485023,0.063167214,0.095745794,4.241,-0.00358,0.01549,-0.00545,0.12845,0.08132,,0.0,32.983,-0.36,1.17046,0.256,6754162
2026-08-27,HAPV3,HAPVIDA     ON      NM,Financial Services,Insurance - Life,6.38,3031060992.0,,5.328078,0.06277365,0.09514924,4.252,-0.00358,0.01549,-0.00545,0.12845,0.08132,,0.0,32.983,-0.36,1.19743,0.256,6872893
2026-08-28,HAPV3,HAPVIDA     ON      NM,Financial Services,Insurance - Life,6.49,3083320576.0,,5.419941,0.06385595,0.09678975,4.276,-0.00358,0.01549,-0.00545,0.12845,0.08132,,0.0,32.983,-0.36,1.19743,0.256,6913164
2026-08-29,HAPV3,HAPVIDA     ON      NM,Financial Services,Insurance - Life,6.49,3083320576.0,,5.419941,0.06385595,0.09678975,4.276,-0.00358,0.01549,-0.00545,0.12845,0.08132,,0.0,32.983,-0.36,1.19743,0.256,6845846
2026-08-31,HAPV3,HAPVIDA     ON      NM,Financial Services,Insurance - Life,6.61,3140331264.0,,5.520156,0.06503665,0.09857939,4.287,-0.00358,0.01549,-0.00545,0.12845,0.08132,,0.0,32.983,-0.36,1.19743,0.256,6902033
2026-09-01,HAPV3,HAPVIDA     ON      NM,Financial Services,Insurance - Life,6.6,3135580416.0,,5.4743166,0.064938255,0.09843025,4.285,-0.00358,0.01549,-0.00545,0.12845,0.08132,,0.0,32.983,-0.36,1.20563,0.256,6913315
2026-08-24,HBOR3,HELBOR      ON      NM,Real Estate,Real Estate Services,1.95,258752560.0,65.0,2.0967743,0.17866962,0.23459408,29.03,0.02323,0.0102699995,0.00413,0.29524,0.107200004,1.1,0.58599997,72.264,0.03,0.93,1.065,1035587
2026-08-25,HBOR3,HELBOR      ON      NM,Real Estate,Real Estate Services,1.99,264060304.0,66.333336,2.139785,0.18233463,0.23940626,29.164,0.02323,0.0102699995,0.00413,0.29524,0.107200004,1.03,0.58599997,72.264,0.03,0.93,1.065,1039180
2026-08-27,HBOR3,HELBOR      ON      NM,Real Estate,Real Estate Services,2.05,272021920.0,68.333336,2.204301,0.18783215,0.24662453,29.277,0.02323,0.0102699995,0.00413,0.29524,0.107200004,1.01,0.58599997,72.264,0.03,0.93,1.065,1024060
2026-08-28,HBOR3,HELBOR      ON      NM,Real Estate,Real Estate Services,2.15,285291296.0,71.66667,2.3118281,0.1969947,0.258655,29.467,0.02323,0.0102699995,0.00413,0.29524,0.107200004,0.91,0.58599997,72.264,0.03,0.93,1.065,1025362
2026-08-29,HBOR3,HELBOR      ON      NM,Real Estate,Real Estate Services,2.15,285291296.0,71.66667,2.3118281,0.1969947,0.258655,29.467,0.02323,0.0102699995,0.00413,0.29524,0.107200004,0.91,0.58599997,72.264,0.03,0.93,1.065,1025362
2026-08-31,HBOR3,HELBOR      ON      NM,Real Estate,Real Estate Services,2.16,286618208.0,72.00001,2.3225808,0.19791095,0.25985804,29.4,0.02323,0.0102699995,0.00413,0.29524,0.107200004,0.94,0.58599997,72.264,0.03,0.93,1.065,1028139
2026-09-01,HBOR3,HELBOR      ON      NM,Real Estate,Real Estate Services,2.05,272021920.0,68.333336,2.204301,0.18783215,0.24662453,29.277,0.02323,0.0102699995,0.00413,0.29524,0.107200004,0.93,0.58599997,72.264,0.03,0.93,1.065,1023346
2026-08-24,HBSA3,HIDROVIAS   ON      NM,Industrials,Integrated Freight & Logistics,3.47,4720527872.0,173.5,12.247203,2.3541384,2.1014297,8.89,0.022060001,0.05076,-0.055219997,0.38042,0.36313,,0.0,156.208,0.02,0.28333,0.33,1918137
2026-08-25,HBSA3,HIDROVIAS   ON      NM,Industrials,Integrated Freight & Logistics,3.48,4734131200.0,174.0,12.282497,2.3609228,2.1074855,8.874,0.022060001,0.05076,-0.055219997,0.38042,0.36313,,0.0,156.208,0.02,0.28333,0.33,1912146
2026-08-27,HBSA3,HIDROVIAS   ON      NM,Industrials,Integrated Freight & Logistics,3.52,4788546560.0,176.0,12.423676,2.3880596,2.1317093,8.89,0.022060001,0.05076,-0.055219997,0.38042,0.36313,,0.0,156.208,0.02,0.28333,0.33,1868776
2026-08-28,HBSA3,HIDROVIAS   ON      NM,Industrials,Integrated Freight & Logistics,3.4,4625300992.0,170.00002,12.000142,2.3066487,2.0590377,8.874,0.022060001,0.05076,-0.055219997,0.38042,0.36313,,0.0,156.208,0.02,0.28333,0.33,1794268
2026-08-29,HBSA3,HIDROVIAS   ON      NM,Industrials,Integrated Freight & Logistics,3.4,4625300992.0,170.00002,12.000142,2.3066487,2.0590377,8.874,0.022060001,0.05076,-0.055219997,0.38042,0.36313,,0.0,156.208,0.02,0.28333,0.33,1713328
2026-08-31,HBSA3,HIDROVIAS   ON      NM,Industrials,Integrated Freight & Logistics,3.45,4693320192.0,172.5,12.176615,2.2446325,2.0893176,8.84,0.022060001,0.05076,-0.055219997,0.38042,0.36313,,0.0,156.208,0.02,0.28333,0.33,1699598
2026-09-01,HBSA3,HIDROVIAS   ON      NM,Industrials,Integrated Freight & Logistics,3.52,4788546560.0,176.0,12.423676,2.2901757,2.1317093,8.957,0.022060001,0.05076,-0.055219997,0.38042,0.36313,,0.0,156.208,0.02,0.28333,0.33,1688298
2026-08-24,HYPE3,HYPERA      ON      NM,Healthcare,Drug Manufacturers - Specialty & Generic,21.42,15079593984.0,8.083018,6.653414,1.044929,1.7099389,7.598,0.13163,0.063200004,0.19823,0.6117,0.30938,4.97,0.41779998,51.846,2.65,3.2194,0.105,2726162
2026-08-25,HYPE3,HYPERA      ON      NM,Healthcare,Drug Manufacturers - Specialty & Generic,21.8,15347111936.0,8.226415,6.771448,1.0634664,1.7402738,7.662,0.13163,0.063200004,0.19823,0.6117,0.30938,4.91,0.41779998,51.846,2.65,3.2194,0.105,2749646
2026-08-27,HYPE3,HYPERA      ON      NM,Healthcare,Drug Manufacturers - Specialty & Generic,22.01,15494950912.0,8.337121,6.836678,1.0681355,1.7570379,7.813,0.13163,0.063200004,0.19823,0.6117,0.30938,4.83,0.41779998,51.846,2.64,3.2194,0.105,2799417
2026-08-28,HYPE3,HYPERA      ON      NM,Healthcare,Drug Manufacturers - Specialty & Generic,21.36,15037353984.0,8.060377,6.646586,1.0365913,1.705149,7.744,0.13163,0.06307,0.19823,0.6117,0.30854,4.95,0.41779998,53.285,2.65,3.21368,0.105,2858790
2026-08-29,HYPE3,HYPERA      ON      NM,Healthcare,Drug Manufacturers - Specialty & Generic,21.36,15037353984.0,8.060377,6.646586,1.0365913,1.705149,7.744,0.13163,0.06307,0.19823,0.6117,0.30854,4.95,0.41779998,53.285,2.65,3.21368,0.105,2860261
2026-08-31,HYPE3,HYPERA      ON      NM,Healthcare,Drug Manufacturers - Specialty & Generic,21.7,15276712960.0,8.219697,6.7523837,1.0585883,1.732291,7.86,0.13163,0.06307,0.19823,0.6117,0.30854,4.93,0.41779998,53.285,2.64,3.21368,0.105,2865550
2026-09-01,HYPE3,HYPERA      ON      NM,Healthcare,Drug Manufacturers - Specialty & Generic,21.75,15311911936.0,8.207547,6.767942,1.0610273,1.7362823,7.873,0.13163,0.06307,0.19823,0.6117,0.30854,4.85,0.41779998,53.285,2.65,3.21368,0.105,2863534
2026-08-24,IGTI11,IGUATEMI S.AUNT     N1,Real Estate,Real Estate Services,23.65,,145.09203,10.697775,1.4199088,,9.17,0.13515,0.054629996,0.41908002,0.74004996,0.65339,2.86,,89.883,0.163,2.21074,0.083,2084368
2026-08-25,IGTI11,IGUATEMI S.AUNT     N1,Real Estate,Real Estate Services,24.33,,149.2638,11.005364,1.4607348,,9.191,0.13515,0.054629996,0.41908002,0.74004996,0.65339,2.85,,89.883,0.163,2.21074,0.083,2097760
2026-08-27,IGTI11,IGUATEMI S.AUNT     N1,Real Estate,Real Estate Services,24.5,,150.30675,11.159902,1.4709414,,9.444,0.13515,0.054629996,0.41908002,0.74004996,0.65339,2.77,,89.883,0.163,2.19536,0.083,2112556
2026-08-28,IGTI11,IGUATEMI S.AUNT     N1,Real Estate,Real Estate Services,24.13,,148.0368,10.991364,1.4487271,,9.349,0.13515,0.054629996,0.41908002,0.74004996,0.65339,2.79,,89.883,0.163,2.19536,0.083,2125182
2026-08-29,IGTI11,IGUATEMI S.AUNT     N1,Real Estate,Real Estate Services,24.13,,148.0368,10.991364,1.4487271,,9.349,0.13515,0.054629996,0.41908002,0.74004996,0.65339,2.79,,89.883,0.163,2.19536,0.083,2125325
2026-08-31,IGTI11,IGUATEMI S.AUNT     N1,Real Estate,Real Estate Services,24.53,,150.4908,11.173567,1.4727426,,9.453,0.13515,0.054629996,0.41908002,0.74004996,0.65339,2.8,,89.883,0.163,2.19536,0.083,2141377
2026-09-01,IGTI11,IGUATEMI S.AUNT     N1,Real Estate,Real Estate Services,25.07,,153.80368,11.419539,1.5051633,,9.613,0.13515,0.054629996,0.41908002,0.74004996,0.65339,2.75,,89.883,0.163,2.19536,0.083,2146006
2026-08-24,INTB3,INTELBRAS   ON      NM,Industrials,Building Products & Equipment,13.84,4528601600.0,7.5628414,6.966221,1.3712474,0.9947864,7.12,0.18591,0.05974,0.13099,0.31344998,0.12507,8.55,0.6165,26.334,1.83,1.98673,-0.033,1784662
2026-08-25,INTB3,INTELBRAS   ON      NM,Industrials,Building Products & Equipment,14.13,4623493120.0,7.7213116,7.1121893,1.3999802,1.015631,6.993,0.18591,0.05974,0.13099,0.31344998,0.12507,8.69,0.6165,26.334,1.83,1.98673,-0.033,1792473
2026-08-27,INTB3,INTELBRAS   ON      NM,Industrials,Building Products & Equipment,14.43,4721656320.0,7.885246,7.2631917,1.4297037,1.0371941,7.332,0.18591,0.05974,0.13099,0.31344998,0.12507,8.51,0.6165,26.334,1.83,1.98673,-0.033,1795188
2026-08-28,INTB3,INTELBRAS   ON      NM,Industrials,Building Products & Equipment,14.68,4803459072.0,8.021858,7.3890266,1.4544734,1.0551636,7.505,0.18591,0.05974,0.13099,0.31344998,0.12507,8.33,0.6165,26.334,1.83,1.98673,-0.033,1773742
2026-08-29,INTB3,INTELBRAS   ON      NM,Industrials,Building Products & Equipment,14.68,4803459072.0,8.021858,7.3890266,1.4544734,1.0551636,7.505,0.18591,0.05974,0.13099,0.31344998,0.12507,8.33,0.6165,26.334,1.83,1.98673,-0.033,1765822
2026-08-31,INTB3,INTELBRAS   ON      NM,Industrials,Building Products & Equipment,14.93,4885261824.0,8.15847,7.514861,1.479243,1.073133,7.62,0.18591,0.05974,0.13099,0.31344998,0.12507,8.19,0.6165,26.334,1.83,1.98673,-0.033,1722458
2026-09-01,INTB3,INTELBRAS   ON      NM,Industrials,Building Products & Equipment,14.81,4845996544.0,8.092896,7.4544606,1.4673536,1.0645077,7.551,0.18591,0.05974,0.13099,0.31344998,0.12507,8.05,0.6165,26.334,1.83,1.98673,-0.033,1714864
2026-08-24,IRBR3,IRBBRASIL REON      NM,Financial Services,Insurance - Reinsurance,51.16,4152595712.0,17.40136,5.887227,0.783701,0.84440506,-0.183,0.04567,0.023,0.04892,0.43973,0.11262,3.16,0.5373,5.38,2.94,8.69,0.704,432906
2026-08-25,IRBR3,IRBBRASIL REON      NM,Financial Services,Insurance - Reinsurance,52.94,4297076224.0,18.006802,6.09206,0.81096816,0.8737843,-0.012,0.04567,0.023,0.04892,0.43973,0.11262,3.09,0.5373,5.38,2.94,8.69,0.704,436692
2026-08-27,IRBR3,IRBBRASIL REON      NM,Financial Services,Insurance - Reinsurance,53.4,4334413824.0,18.163265,6.1449947,0.81801474,0.8813767,0.318,0.04567,0.023,0.04892,0.43973,0.11262,2.98,0.5373,5.38,2.94,8.69,0.704,443426
2026-08-28,IRBR3,IRBBRASIL REON      NM,Financial Services,Insurance - Reinsurance,56.13,4556004864.0,19.091837,6.459149,0.8598346,0.9264359,0.588,0.04567,0.023,0.04892,0.43973,0.11262,2.86,0.5373,5.38,2.94,8.69,0.704,465214
2026-08-29,IRBR3,IRBBRASIL REON      NM,Financial Services,Insurance - Reinsurance,56.13,4556004864.0,19.091837,6.459149,0.8598346,0.9264359,0.588,0.04567,0.023,0.04892,0.43973,0.11262,2.86,0.5373,5.38,2.94,8.69,0.704,464571
2026-08-31,IRBR3,IRBBRASIL REON      NM,Financial Services,Insurance - Reinsurance,56.89,4617693184.0,19.090603,6.5466056,0.8714767,0.9389798,0.833,0.04567,0.023,0.04892,0.43973,0.11262,2.81,0.5373,5.38,2.98,8.69,0.704,466160
2026-09-01,IRBR3,IRBBRASIL REON      NM,Financial Services,Insurance - Reinsurance,57.2,4642855424.0,19.455782,6.5822787,0.87622553,0.9440964,0.878,0.04567,0.023,0.04892,0.43973,0.11262,2.78,0.5373,5.38,2.94,8.69,0.704,466842
2026-08-24,ISAE4,ISA ENERGIA PN      N1,Utilities,Utilities - Independent Power Producers,26.08,18403454976.0,6.0934577,8.781855,0.77545196,1.7240547,7.138,0.13186,0.06196,0.26392,0.45817003,0.43883,10.14,0.4328,78.848,4.28,2.96976,0.118,3123485
2026-08-25,ISAE4,ISA ENERGIA PN      N1,Utilities,Utilities - Independent Power Producers,26.46,18671603712.0,6.196721,8.909811,0.7867507,1.7491752,7.146,0.13186,0.06196,0.26392,0.45817003,0.43883,10.11,0.4328,78.848,4.27,2.96976,0.118,3123329
2026-08-27,ISAE4,ISA ENERGIA PN      N1,Utilities,Utilities - Independent Power Producers,26.75,18876243968.0,6.2499995,9.0074625,0.79537344,1.7683461,7.24,0.13186,0.06196,0.26392,0.45817003,0.43883,9.97,0.4328,78.848,4.28,2.96976,0.118,3114323
2026-08-28,ISAE4,ISA ENERGIA PN      N1,Utilities,Utilities - Independent Power Producers,26.7,18840961024.0,6.252928,8.990626,0.7938868,1.7650408,7.226,0.13186,0.06196,0.26392,0.45817003,0.43883,9.9,0.4328,78.848,4.27,2.96976,0.118,3080609
2026-08-29,ISAE4,ISA ENERGIA PN      N1,Utilities,Utilities - Independent Power Producers,26.7,18840961024.0,6.252928,8.990626,0.7938868,1.7650408,7.226,0.13186,0.06196,0.26392,0.45817003,0.43883,9.9,0.4328,78.848,4.27,2.96976,0.118,3054047
2026-08-31,ISAE4,ISA ENERGIA PN      N1,Utilities,Utilities - Independent Power Producers,26.63,18791563264.0,6.2365336,8.967054,0.7918054,1.7604132,7.223,0.13186,0.06196,0.26392,0.45817003,0.43883,9.88,0.4328,78.848,4.27,2.96976,0.118,3038388
2026-09-01,ISAE4,ISA ENERGIA PN      N1,Utilities,Utilities - Independent Power Producers,26.96,19024429056.0,6.313817,9.078175,0.8016175,1.7822282,7.27,0.13186,0.06196,0.26392,0.45817003,0.43883,9.9,0.4328,78.848,4.27,2.96976,0.118,3186042
2026-08-24,ITSA4,ITAUSA      PN      N1,Industrials,Conglomerates,12.65,141772980224.0,7.808642,6.6578946,1.5115305,16.728376,77.817,0.18924999,0.00378,2.14289,0.26171,0.2282,0.78,0.3387,12.322,1.62,1.9,0.257,27263042
2026-08-25,ITSA4,ITAUSA      PN      N1,Industrials,Conglomerates,12.85,144014458880.0,7.932099,6.7631583,1.5354283,16.992857,78.687,0.18924999,0.00378,2.14289,0.26171,0.2282,0.77,0.3387,12.322,1.62,1.9,0.257,27389275
2026-08-27,ITSA4,ITAUSA      PN      N1,Industrials,Conglomerates,12.9,144574808064.0,7.9629626,6.7894735,1.5414027,17.058975,80.135,0.18924999,0.00378,2.14289,0.26171,0.2282,0.75,0.3387,12.322,1.62,1.9,0.257,27521984
2026-08-28,ITSA4,ITAUSA      PN      N1,Industrials,Conglomerates,12.95,145135190016.0,7.993827,6.815789,1.5473771,17.125097,79.788,0.18924999,0.00378,2.14289,0.26171,0.2282,0.75,0.3387,12.322,1.62,1.9,0.257,27296020
2026-08-29,ITSA4,ITAUSA      PN      N1,Industrials,Conglomerates,12.95,145135190016.0,7.993827,6.815789,1.5473771,17.125097,79.788,0.18924999,0.00378,2.14289,0.26171,0.2282,0.75,0.3387,12.322,1.62,1.9,0.257,26958961
2026-08-31,ITSA4,ITAUSA      PN      N1,Industrials,Conglomerates,13.1,146816286720.0,8.08642,6.8947372,1.5653005,17.323456,81.294,0.18924999,0.00378,2.14289,0.26171,0.2282,0.75,0.3387,12.322,1.62,1.9,0.257,26709555
2026-09-01,ITSA4,ITAUSA      PN      N1,Industrials,Conglomerates,13.19,147824951296.0,8.141975,6.9421053,1.5760543,17.442472,81.816,0.18924999,0.00378,2.14289,0.26171,0.2282,0.74,0.3387,12.322,1.62,1.9,0.257,26768073
2026-08-24,ITUB3,ITAUUNIBANCOON      N1,Financial Services,Banks - Regional,41.66,459171201024.0,9.919048,,2.1084063,3.1950347,,0.21476,0.01577,0.32584,0.0,0.0,0.53,0.7383,,4.2,,0.159,3705731
2026-08-25,ITUB3,ITAUUNIBANCOON      N1,Financial Services,Banks - Regional,42.6,469531721728.0,10.142858,,2.1559794,3.267126,,0.21476,0.01577,0.32584,0.0,0.0,0.52,0.7383,,4.2,,0.159,3722276
2026-08-27,ITUB3,ITAUUNIBANCOON      N1,Financial Services,Banks - Regional,42.6,469531721728.0,10.142858,,2.1559794,3.267126,,0.21476,0.01577,0.32584,0.0,0.0,0.51,0.7383,,4.2,,0.159,3477176
2026-08-28,ITUB3,ITAUUNIBANCOON      N1,Financial Services,Banks - Regional,42.44,467768246272.0,10.104762,,2.1478817,3.2548552,,0.21476,0.01577,0.32584,0.0,0.0,0.52,0.7383,,4.2,,0.159,3317631
2026-08-29,ITUB3,ITAUUNIBANCOON      N1,Financial Services,Banks - Regional,42.44,467768246272.0,10.104762,,2.1478817,3.2548552,,0.21476,0.01577,0.32584,0.0,0.0,0.52,0.7383,,4.2,,0.159,2354085
2026-08-31,ITUB3,ITAUUNIBANCOON      N1,Financial Services,Banks - Regional,43.06,474601816064.0,10.107981,,2.17926,3.302405,,0.21476,0.01577,0.32584,0.0,0.0,0.51,0.7383,,4.26,,0.159,2267350
2026-09-01,ITUB3,ITAUUNIBANCOON      N1,Financial Services,Banks - Regional,43.38,478128832512.0,10.328572,,2.1954553,3.326947,,0.21476,0.01577,0.32584,0.0,0.0,0.51,0.7383,,4.2,,0.159,2281656
2026-08-24,ITUB4,ITAUUNIBANCOPN      N1,Financial Services,Banks - Regional,38.73,426877091840.0,9.221429,7.599601,1.9601194,2.9703238,,0.21476,0.01577,0.32584,0.0,0.0,2.31,0.7383,,4.2,5.09632,0.159,25237168
2026-08-25,ITUB4,ITAUUNIBANCOPN      N1,Financial Services,Banks - Regional,39.44,434702614528.0,9.390476,7.738917,1.9960523,3.0247757,,0.21476,0.01577,0.32584,0.0,0.0,2.3,0.7383,,4.2,5.09632,0.159,25456231
2026-08-27,ITUB4,ITAUUNIBANCOPN      N1,Financial Services,Banks - Regional,39.45,434812878848.0,9.392858,7.7408795,1.9965585,3.0255432,,0.21476,0.01577,0.32584,0.0,0.0,2.26,0.7383,,4.2,5.09632,0.159,25280032
2026-08-28,ITUB4,ITAUUNIBANCOPN      N1,Financial Services,Banks - Regional,39.19,431947153408.0,9.330953,7.689862,1.9833999,3.0056026,,0.21476,0.01577,0.32584,0.0,0.0,2.28,0.7383,,4.2,5.09632,0.159,25318531
2026-08-29,ITUB4,ITAUUNIBANCOPN      N1,Financial Services,Banks - Regional,39.19,431947153408.0,9.330953,7.689862,1.9833999,3.0056026,,0.21476,0.01577,0.32584,0.0,0.0,2.28,0.7383,,4.2,5.09632,0.159,24445263
2026-08-31,ITUB4,ITAUUNIBANCOPN      N1,Financial Services,Banks - Regional,39.52,435584401408.0,9.320755,7.754615,2.000101,3.0309114,,0.21476,0.01577,0.32584,0.0,0.0,2.28,0.7383,,4.24,5.09632,0.159,24389707
2026-09-01,ITUB4,ITAUUNIBANCOPN      N1,Financial Services,Banks - Regional,39.88,439552278528.0,9.495238,7.8252544,2.0183208,3.058521,,0.21476,0.01577,0.32584,0.0,0.0,2.26,0.7383,,4.2,5.09632,0.159,24278184
2026-08-24,JHSF3,JHSF PART   ON      NM,Real Estate,Real Estate - Development,10.2,6760045568.0,3.2903225,5.9475217,0.96299094,1.6680177,4.678,0.29331,0.0725,0.52592,0.63238,0.50777,8.17,0.2056,86.011,3.1,1.715,0.477,3971343
2026-08-25,JHSF3,JHSF PART   ON      NM,Real Estate,Real Estate - Development,10.39,6885968384.0,3.351613,6.058309,0.980929,1.6990888,4.691,0.29331,0.0725,0.52592,0.63238,0.50777,8.14,0.2056,86.011,3.1,1.715,0.477,3965532
2026-08-27,JHSF3,JHSF PART   ON      NM,Real Estate,Real Estate - Development,10.4,6892595200.0,3.3548386,6.0641394,0.91832227,1.700724,4.756,0.29331,0.0725,0.52592,0.63238,0.50777,7.99,0.2056,86.011,3.1,1.715,0.477,3976551
2026-08-28,JHSF3,JHSF PART   ON      NM,Real Estate,Real Estate - Development,10.28,6813065216.0,3.316129,5.9941688,0.9077263,1.6811002,4.743,0.29331,0.0725,0.52592,0.63238,0.50777,8.01,0.2056,86.011,3.1,1.715,0.477,3878106
2026-08-29,JHSF3,JHSF PART   ON      NM,Real Estate,Real Estate - Development,10.28,6813065216.0,3.316129,5.9941688,0.9077263,1.6811002,4.743,0.29331,0.0725,0.52592,0.63238,0.50777,8.01,0.2056,86.011,3.1,1.715,0.477,3820238
2026-08-31,JHSF3,JHSF PART   ON      NM,Real Estate,Real Estate - Development,10.9,7223969792.0,3.4824278,6.3556848,0.9624724,1.7824895,4.917,0.29331,0.0725,0.52592,0.63238,0.50777,8.07,0.2056,86.011,3.13,1.715,0.477,3804031
2026-09-01,JHSF3,JHSF PART   ON      NM,Real Estate,Real Estate - Development,11.13,7376402944.0,3.5903227,6.4897957,0.98278147,1.8201019,4.991,0.29331,0.0725,0.52592,0.63238,0.50777,7.61,0.2056,86.011,3.1,1.715,0.477,3814518
2026-08-24,JSLG3,JSL         ON      NM,Industrials,Integrated Freight & Logistics,5.28,1506748032.0,,2.9497209,1.273824,0.15358554,5.148,-0.06961,0.047849998,-0.010650001,0.15461999,0.15279001,36.48,6.655,652.017,-0.37,1.79,0.359,831106
2026-08-25,JSLG3,JSL         ON      NM,Industrials,Integrated Freight & Logistics,5.51,1572382848.0,,3.0782125,1.3293124,0.16027582,5.156,-0.06961,0.047849998,-0.010650001,0.15461999,0.15279001,36.2,6.655,652.017,-0.37,1.79,0.359,838382
2026-08-27,JSLG3,JSL         ON      NM,Industrials,Integrated Freight & Logistics,5.41,1543845888.0,,3.0223463,1.305187,0.15736699,5.199,-0.06961,0.047849998,-0.010650001,0.15461999,0.15279001,34.69,6.655,652.017,-0.37,1.79,0.359,852003
2026-08-28,JSLG3,JSL         ON      NM,Industrials,Integrated Freight & Logistics,5.5,1569529088.0,,3.0726259,1.3268999,0.15998493,5.173,-0.06961,0.047849998,-0.010650001,0.15461999,0.15279001,35.6,6.655,652.017,-0.37,1.79,0.359,854423
2026-08-29,JSLG3,JSL         ON      NM,Industrials,Integrated Freight & Logistics,5.5,1569529088.0,,3.0726259,1.3268999,0.15998493,5.173,-0.06961,0.047849998,-0.010650001,0.15461999,0.15279001,35.6,6.655,652.017,-0.37,1.79,0.359,856263
2026-08-31,JSLG3,JSL         ON      NM,Industrials,Integrated Freight & Logistics,5.48,1563821696.0,,3.0614526,1.3220748,0.15940316,5.194,-0.06961,0.047849998,-0.010650001,0.15461999,0.15279001,34.76,6.655,652.017,-0.37,1.79,0.359,851036
2026-09-01,JSLG3,JSL         ON      NM,Industrials,Integrated Freight & Logistics,5.62,1603773312.0,,3.139665,1.3558505,0.1634755,5.22,-0.06961,0.047849998,-0.010650001,0.15461999,0.15279001,34.88,6.655,652.017,-0.37,1.79,0.359,847931
2026-08-24,KEPL3,KEPLER WEBERON      NM,Industrials,Farm & Heavy Construction Machinery,6.24,1081127680.0,7.7999997,11.299844,1.3553431,0.7512385,5.703,0.18312,0.06764,0.09712,0.22678,0.12785,8.8,0.5376,42.798,0.8,0.55222,0.046,1046046
2026-08-25,KEPL3,KEPLER WEBERON      NM,Industrials,Farm & Heavy Construction Machinery,6.4,1108849024.0,8.0,11.589584,1.3900956,0.77050114,5.806,0.18312,0.06764,0.09712,0.22678,0.12785,8.64,0.5376,42.798,0.8,0.55222,0.046,1051592
2026-08-27,KEPL3,KEPLER WEBERON      NM,Industrials,Farm & Heavy Construction Machinery,6.52,1129639808.0,8.049382,11.806889,1.4161599,0.78494793,6.07,0.18312,0.06764,0.09712,0.22678,0.12785,8.43,0.5376,42.798,0.81,0.55222,0.046,1062151
2026-08-28,KEPL3,KEPLER WEBERON      NM,Industrials,Farm & Heavy Construction Machinery,6.55,1134837632.0,8.1875,11.861216,1.422676,0.78855973,6.117,0.18312,0.06764,0.09712,0.22678,0.12785,8.21,0.5376,42.798,0.8,0.55222,0.046,1065154
2026-08-29,KEPL3,KEPLER WEBERON      NM,Industrials,Farm & Heavy Construction Machinery,6.55,1134837632.0,8.1875,11.861216,1.422676,0.78855973,6.117,0.18312,0.06764,0.09712,0.22678,0.12785,8.21,0.5376,42.798,0.8,0.55222,0.046,1069503
2026-08-31,KEPL3,KEPLER WEBERON      NM,Industrials,Farm & Heavy Construction Machinery,6.58,1140035328.0,8.224999,11.915541,1.429192,0.7921714,6.126,0.18312,0.06764,0.09712,0.22678,0.12785,8.24,0.5376,42.798,0.8,0.55222,0.046,1067371
2026-09-01,KEPL3,KEPLER WEBERON      NM,Industrials,Farm & Heavy Construction Machinery,6.52,1129639808.0,8.15,11.806889,1.4161599,0.78494793,6.07,0.18312,0.06764,0.09712,0.22678,0.12785,8.2,0.5376,42.798,0.8,0.55222,0.046,1018640
2026-08-24,KLBN11,KLABIN S/A  UNT     N2,Basic Materials,Paper & Paper Products,18.68,132741226496.0,28.260212,10.811625,2.4231417,6.416203,8.377,0.036510002,0.0209,0.00855,0.24924,0.32214,8.85,,229.751,0.661,1.72777,0.015,4894743
2026-08-25,KLBN11,KLABIN S/A  UNT     N2,Basic Materials,Paper & Paper Products,18.74,133167587328.0,28.350983,10.846351,2.430925,6.4368114,8.412,0.036510002,0.0209,0.00855,0.24924,0.32214,8.76,,229.751,0.661,1.72777,0.015,4937403
2026-08-27,KLBN11,KLABIN S/A  UNT     N2,Basic Materials,Paper & Paper Products,18.71,132954398720.0,28.305595,10.828987,2.4270332,6.426507,8.418,0.036510002,0.0209,0.00855,0.24924,0.32214,8.73,,229.751,0.661,1.72777,0.015,4962884
2026-08-28,KLBN11,KLABIN S/A  UNT     N2,Basic Materials,Paper & Paper Products,18.87,134091382784.0,28.547655,11.012612,2.4477885,6.4814644,8.433,0.036510002,0.0209,0.00855,0.24924,0.32214,8.71,,229.751,0.661,1.71349,0.015,4947640
2026-08-29,KLBN11,KLABIN S/A  UNT     N2,Basic Materials,Paper & Paper Products,18.87,134091382784.0,28.547655,11.012612,2.4477885,6.4814644,8.433,0.036510002,0.0209,0.00855,0.24924,0.32214,8.71,,229.751,0.661,1.71349,0.015,4898611
2026-08-31,KLBN11,KLABIN S/A  UNT     N2,Basic Materials,Paper & Paper Products,18.9,134304555008.0,28.59304,11.03012,2.4516797,6.4917684,8.453,0.036510002,0.0209,0.00855,0.24924,0.32214,8.67,,229.751,0.661,1.71349,0.015,4910809
2026-09-01,KLBN11,KLABIN S/A  UNT     N2,Basic Materials,Paper & Paper Products,19.05,135370465280.0,28.819967,11.11766,2.4711375,6.54329,8.481,0.036510002,0.0209,0.00855,0.24924,0.32214,8.66,,229.751,0.661,1.71349,0.015,4953164
2026-08-24,LAVV3,LAVVI       ON      NM,Real Estate,Real Estate Services,9.81,1917211136.0,5.302703,2.800193,1.3221024,1.057358,7.565,0.23990999,0.04851,0.19914,0.33303002,0.19752,19.62,0.97730005,85.879,1.85,3.50333,0.432,522273
2026-08-25,LAVV3,LAVVI       ON      NM,Real Estate,Real Estate Services,10.36,2024699776.0,5.6,2.9571865,1.3962264,1.116639,7.604,0.23990999,0.04851,0.19914,0.33303002,0.19752,19.48,0.97730005,85.879,1.85,3.50333,0.432,519706
2026-08-27,LAVV3,LAVVI       ON      NM,Real Estate,Real Estate Services,10.25,2003202048.0,5.5405407,2.9257877,1.3814017,1.1047828,7.844,0.23990999,0.04851,0.19914,0.33303002,0.19752,18.45,0.97730005,85.879,1.85,3.50333,0.432,519364
2026-08-28,LAVV3,LAVVI       ON      NM,Real Estate,Real Estate Services,10.01,1956297856.0,5.410811,2.8572817,1.3490566,1.0789148,7.767,0.23990999,0.04851,0.19914,0.33303002,0.19752,18.65,0.97730005,85.879,1.85,3.50333,0.432,523650
2026-08-29,LAVV3,LAVVI       ON      NM,Real Estate,Real Estate Services,10.01,1956297856.0,5.410811,2.8572817,1.3490566,1.0789148,7.767,0.23990999,0.04851,0.19914,0.33303002,0.19752,18.65,0.97730005,85.879,1.85,3.50333,0.432,525509
2026-08-31,LAVV3,LAVVI       ON      NM,Real Estate,Real Estate Services,10.1,1973886976.0,5.45946,2.8829715,1.361186,1.0886153,7.762,0.23990999,0.04851,0.19914,0.33303002,0.19752,19.09,0.97730005,85.879,1.85,3.50333,0.432,523185
2026-09-01,LAVV3,LAVVI       ON      NM,Real Estate,Real Estate Services,10.22,1997339136.0,5.5243244,2.9172246,1.3773586,1.1015494,7.827,0.23990999,0.04851,0.19914,0.33303002,0.19752,18.92,0.97730005,85.879,1.85,3.50333,0.432,525659
2026-08-24,LEVE3,METAL LEVE  ON      NM,Consumer Cyclical,Auto Parts,32.44,4396884992.0,6.311284,6.3659267,4.10477,0.82039917,5.723,0.81636,0.14140001,0.13005,0.27292,0.18014,8.85,0.5545,170.212,5.14,5.09588,0.324,232618
2026-08-25,LEVE3,METAL LEVE  ON      NM,Consumer Cyclical,Auto Parts,32.98,4470076416.0,6.4163423,6.4718947,4.173099,0.83405566,5.754,0.81636,0.14140001,0.13005,0.27292,0.18014,8.79,0.5545,170.212,5.14,5.09588,0.324,233193
2026-08-27,LEVE3,METAL LEVE  ON      NM,Consumer Cyclical,Auto Parts,32.35,4384686592.0,6.293774,6.348265,4.5473714,0.8181231,5.742,0.81636,0.14140001,0.13005,0.27292,0.18014,8.65,0.5545,170.212,5.14,5.09588,0.324,228147
2026-08-28,LEVE3,METAL LEVE  ON      NM,Consumer Cyclical,Auto Parts,32.44,4396884992.0,6.311284,6.3659267,4.5600224,0.82039917,5.818,0.81636,0.14140001,0.13005,0.27292,0.17834,8.78,0.5545,170.212,5.14,5.09588,0.324,227065
2026-08-29,LEVE3,METAL LEVE  ON      NM,Consumer Cyclical,Auto Parts,32.44,4396884992.0,6.311284,6.3659267,4.5600224,0.82039917,5.818,0.81636,0.14140001,0.13005,0.27292,0.17834,8.78,0.5545,170.212,5.14,5.09588,0.324,223639
2026-08-31,LEVE3,METAL LEVE  ON      NM,Consumer Cyclical,Auto Parts,32.73,4436191744.0,6.3677044,6.4228354,4.600787,0.8277333,5.853,0.81636,0.14140001,0.13005,0.27292,0.17834,8.79,0.5545,170.212,5.14,5.09588,0.324,221873
2026-09-01,LEVE3,METAL LEVE  ON      NM,Consumer Cyclical,Auto Parts,32.69,4430770176.0,6.359922,6.414986,4.5951643,0.82672167,5.848,0.81636,0.14140001,0.13005,0.27292,0.17834,8.71,0.5545,170.212,5.14,5.09588,0.324,221703
2026-08-24,LJQQ3,"QUERO,QUERO ON      NM",Consumer Cyclical,Specialty Retail,1.1,227608992.0,,15.714286,0.56208485,0.07924696,38.906,-0.50551,-8.0000005e-05,-0.06883,0.31134,0.01722,,0.0,790.436,-0.96,0.07,0.345,2476000
2026-08-25,LJQQ3,"QUERO,QUERO ON      NM",Consumer Cyclical,Specialty Retail,1.22,252439072.0,,17.428572,0.6234032,0.087892085,39.157,-0.50551,-8.0000005e-05,-0.06883,0.31134,0.01722,,0.0,790.436,-0.96,0.07,0.345,2433906
2026-08-27,LJQQ3,"QUERO,QUERO ON      NM",Consumer Cyclical,Specialty Retail,1.22,252439072.0,,17.428572,0.6234032,0.087892085,39.659,-0.50551,-8.0000005e-05,-0.06883,0.31134,0.01722,,0.0,790.436,-0.96,0.07,0.345,2443893
2026-08-28,LJQQ3,"QUERO,QUERO ON      NM",Consumer Cyclical,Specialty Retail,1.17,242093184.0,,16.714285,0.59785384,0.08428994,39.492,-0.50551,-8.0000005e-05,-0.06883,0.31134,0.01722,,0.0,790.436,-0.96,0.07,0.345,2424787
2026-08-29,LJQQ3,"QUERO,QUERO ON      NM",Consumer Cyclical,Specialty Retail,1.17,242093184.0,,16.714285,0.59785384,0.08428994,39.492,-0.50551,-8.0000005e-05,-0.06883,0.31134,0.01722,,0.0,790.436,-0.96,0.07,0.345,2429895
2026-08-31,LJQQ3,"QUERO,QUERO ON      NM",Consumer Cyclical,Specialty Retail,1.16,240024016.0,,16.571428,0.592744,0.08356952,39.408,-0.50551,-8.0000005e-05,-0.06883,0.31134,0.01722,,0.0,790.436,-0.96,0.07,0.345,2410537
2026-09-01,LJQQ3,"QUERO,QUERO ON      NM",Consumer Cyclical,Specialty Retail,1.19,246231552.0,,17.0,0.84217983,0.085730806,39.534,-0.50551,-8.0000005e-05,-0.06883,0.31134,0.01722,,0.0,790.436,-0.96,0.07,0.345,2391312
2026-08-24,LOGG3,LOG COM PROPON  ED  NM,Real Estate,Real Estate Services,23.5,2054586624.0,5.503513,3.8162792,0.58383644,7.5107718,244.811,0.10479999,0.001,1.36743,0.96607,0.06107,28.15,1.627,64.106,4.27,6.15783,0.399,631543
2026-08-25,LOGG3,LOG COM PROPON  ED  NM,Real Estate,Real Estate Services,23.9,2089558272.0,5.5971894,3.8812373,0.5937741,7.6386147,245.649,0.10479999,0.001,1.36743,0.96607,0.06107,27.96,1.627,64.106,4.27,6.15783,0.399,628896
2026-08-27,LOGG3,LOG COM PROPON  ED  NM,Real Estate,Real Estate Services,23.92,2091306880.0,5.6018734,3.8844852,0.59427094,7.6450067,247.847,0.10479999,0.001,1.36743,0.96607,0.06107,27.49,1.627,64.106,4.27,6.15783,0.399,628520
2026-08-28,LOGG3,LOG COM PROPON  ED  NM,Real Estate,Real Estate Services,24.09,2106169856.0,5.6416864,3.8775725,0.59849447,7.69934,248.37,0.10479999,0.001,1.36743,0.96607,0.06107,27.36,1.627,64.106,4.27,6.21265,0.399,625543
2026-08-29,LOGG3,LOG COM PROPON  ED  NM,Real Estate,Real Estate Services,24.09,2106169856.0,5.6416864,3.8775725,0.59849447,7.69934,248.37,0.10479999,0.001,1.36743,0.96607,0.06107,27.36,1.627,64.106,4.27,6.21265,0.399,627601
2026-08-31,LOGG3,LOG COM PROPON  ED  NM,Real Estate,Real Estate Services,24.6,2150758656.0,5.761124,3.9596632,0.611165,7.8623395,251.406,0.10479999,0.001,1.36743,0.96607,0.06107,27.28,1.627,64.106,4.27,6.21265,0.399,620763
2026-09-01,LOGG3,LOG COM PROPON  ED  NM,Real Estate,Real Estate Services,24.36,2129775744.0,5.7049184,3.9210322,0.6052024,7.785634,250.15,0.10479999,0.001,1.36743,0.96607,0.06107,26.71,1.627,64.106,4.27,6.21265,0.399,618948
2026-08-24,LREN3,LOJAS RENNERON      NM,Consumer Cyclical,Department Stores,10.65,10233760768.0,7.1,6.219014,0.9874826,0.640751,5.129,0.14456001,0.062179998,0.09354,0.6199,0.14569001,8.35,0.5996,31.713,1.5,1.71249,0.372,15589742
2026-08-25,LREN3,LOJAS RENNERON      NM,Consumer Cyclical,Department Stores,11.08,10646955008.0,7.1483874,6.470111,1.0273528,0.66662174,4.989,0.14456001,0.062179998,0.09354,0.6199,0.14569001,8.61,0.5996,31.713,1.55,1.71249,0.372,15700611
2026-08-27,LREN3,LOJAS RENNERON      NM,Consumer Cyclical,Department Stores,10.8,10377899008.0,7.2000003,6.3066063,1.0013908,0.64977574,5.051,0.14456001,0.062179998,0.09354,0.6199,0.14569001,8.28,0.5996,31.713,1.5,1.71249,0.372,15912206
2026-08-28,LREN3,LOJAS RENNERON      NM,Consumer Cyclical,Department Stores,10.7,10281806848.0,7.133333,6.2743716,0.99211866,0.64375925,4.981,0.14456001,0.062179998,0.09354,0.6199,0.14569001,8.63,0.5996,31.713,1.5,1.70535,0.372,16041320
2026-08-29,LREN3,LOJAS RENNERON      NM,Consumer Cyclical,Department Stores,10.7,10281806848.0,7.133333,6.2743716,0.99211866,0.64375925,4.981,0.14456001,0.062179998,0.09354,0.6199,0.14569001,8.63,0.5996,31.713,1.5,1.70535,0.372,16156842
2026-08-31,LREN3,LOJAS RENNERON      NM,Consumer Cyclical,Department Stores,10.9,10473990144.0,7.2666664,6.3916492,1.0106629,0.6557921,5.092,0.14456001,0.062179998,0.09354,0.6199,0.14569001,8.57,0.5996,31.713,1.5,1.70535,0.372,16008211
2026-09-01,LREN3,LOJAS RENNERON      NM,Consumer Cyclical,Department Stores,11.06,10627737600.0,7.3733335,6.485472,1.0254984,0.6654185,5.158,0.14456001,0.062179998,0.09354,0.6199,0.14569001,8.41,0.5996,31.713,1.5,1.70535,0.372,16009407
2026-08-24,LWSA3,LWSA        ON  ED  NM,Technology,Software - Infrastructure,4.14,2322909440.0,,11.11887,0.9232827,1.5415685,-10.737,-0.07797,-0.03983,-0.13288,0.47792,-0.12314,1.05,1.1373,3.019,-0.37,0.37234,,3459756
2026-08-25,LWSA3,LWSA        ON  ED  NM,Technology,Software - Infrastructure,4.22,2367796736.0,,11.333727,0.9411239,1.5713574,-10.974,-0.07797,-0.03983,-0.13288,0.47792,-0.12314,1.03,1.1373,3.019,-0.37,0.37234,,3486526
2026-08-27,LWSA3,LWSA        ON  ED  NM,Technology,Software - Infrastructure,4.17,2339742464.0,,11.199442,0.9299732,1.5527395,-11.211,-0.07797,-0.03983,-0.13288,0.47792,-0.12314,1.01,1.1373,3.019,-0.37,0.37234,,3412775
2026-08-28,LWSA3,LWSA        ON  ED  NM,Technology,Software - Infrastructure,4.31,2418294784.0,,11.575442,0.99377453,1.6048697,-11.227,-0.07797,-0.0398,-0.13288,0.47792,-0.12642999,1.02,1.1373,3.154,-0.37,0.37234,0.15,3437942
2026-08-29,LWSA3,LWSA        ON  ED  NM,Technology,Software - Infrastructure,4.31,2418294784.0,,11.575442,0.99377453,1.6048697,-11.227,-0.07797,-0.0398,-0.13288,0.47792,-0.12642999,1.02,1.1373,3.154,-0.37,0.37234,0.15,3437114
2026-08-31,LWSA3,LWSA        ON  ED  NM,Technology,Software - Infrastructure,4.3,2412684032.0,,11.548585,0.99146885,1.6011462,-11.141,-0.07797,-0.0398,-0.13288,0.47792,-0.12642999,0.99,1.1373,3.154,-0.37,0.37234,0.15,3388928
2026-09-01,LWSA3,LWSA        ON  ED  NM,Technology,Software - Infrastructure,4.22,2367796736.0,,11.333727,0.9730228,1.5713574,-10.91,-0.07797,-0.0398,-0.13288,0.47792,-0.12642999,0.99,1.1373,3.154,-0.37,0.37234,0.15,3371203
2026-08-24,MBRF3,MARFRIG     ON      NM,Consumer Defensive,Packaged Foods,18.46,25722507264.0,65.928566,26.724573,2.2644746,0.15509135,7.615,0.00906,0.02676,0.0022,0.122480005,0.06384,28.89,9.9522,539.118,0.28,0.69075,0.016,7159875
2026-08-25,MBRF3,MARFRIG     ON      NM,Consumer Defensive,Packaged Foods,18.31,25513494528.0,65.39285,26.507418,2.2460744,0.15383112,7.474,0.00906,0.02676,0.0022,0.122480005,0.06384,30.58,9.9522,539.118,0.28,0.69075,0.016,7194521
2026-08-27,MBRF3,MARFRIG     ON      NM,Consumer Defensive,Packaged Foods,18.56,25861849088.0,66.28571,26.869345,2.2767417,0.15593149,7.455,0.00906,0.02676,0.0022,0.122480005,0.06384,30.83,9.9522,539.118,0.28,0.69075,0.016,7194309
2026-08-28,MBRF3,MARFRIG     ON      NM,Consumer Defensive,Packaged Foods,18.24,25415954432.0,65.14285,26.40608,2.2374876,0.153243,7.514,0.00906,0.02676,0.0022,0.122480005,0.06384,30.09,9.9522,539.118,0.28,0.69075,0.016,7091840
2026-08-29,MBRF3,MARFRIG     ON      NM,Consumer Defensive,Packaged Foods,18.24,25415954432.0,65.14285,26.40608,2.2374876,0.153243,7.514,0.00906,0.02676,0.0022,0.122480005,0.06384,30.09,9.9522,539.118,0.28,0.69075,0.016,7091840
2026-08-31,MBRF3,MARFRIG     ON      NM,Consumer Defensive,Packaged Foods,18.26,25443823616.0,62.96552,26.435034,2.2176342,0.15341105,7.448,0.00906,0.02676,0.0022,0.122480005,0.06384,30.94,9.9522,539.118,0.29,0.69075,0.016,6896734
2026-09-01,MBRF3,MARFRIG     ON      NM,Consumer Defensive,Packaged Foods,18.3,25499559936.0,65.35714,26.49294,2.222492,0.1537471,7.453,0.00906,0.02676,0.0022,0.122480005,0.06384,30.91,9.9522,539.118,0.28,0.69075,0.016,6854837
2026-08-24,MDIA3,M.DIASBRANCOON      NM,Consumer Defensive,Packaged Foods,17.2,5771838976.0,8.958334,7.382545,0.70024025,0.5538212,5.271,0.07809,0.03481,0.06229,0.28178,0.09968001,2.08,0.1877,20.93,1.92,2.32982,,590098
2026-08-25,MDIA3,M.DIASBRANCOON  ED  NM,Consumer Defensive,Packaged Foods,17.31,5808751616.0,9.015625,7.4297585,0.7047185,0.5573631,5.239,0.07809,0.03481,0.06229,0.28178,0.09968001,2.09,0.1877,20.93,1.92,2.32982,,594065
2026-08-27,MDIA3,M.DIASBRANCOON  ED  NM,Consumer Defensive,Packaged Foods,17.35,5822174720.0,9.036459,7.4469275,0.706347,0.55865103,5.288,0.07809,0.03481,0.06229,0.28178,0.09968001,2.08,0.1877,20.93,1.92,2.32982,,599469
2026-08-28,MDIA3,M.DIASBRANCOON  ED  NM,Consumer Defensive,Packaged Foods,17.13,5748348416.0,8.921875,7.352499,0.6973904,0.55156726,5.661,0.07809,0.03522,0.06229,0.28008,0.092250004,2.1,0.1877,21.094,1.92,2.32982,-0.069,609896
2026-08-29,MDIA3,M.DIASBRANCOON  ED  NM,Consumer Defensive,Packaged Foods,17.13,5748348416.0,8.921875,7.352499,0.6973904,0.55156726,5.661,0.07809,0.03522,0.06229,0.28008,0.092250004,2.1,0.1877,21.094,1.92,2.32982,-0.069,607763
2026-08-31,MDIA3,M.DIASBRANCOON  ED  NM,Consumer Defensive,Packaged Foods,17.28,5798685184.0,9.000001,7.4168825,0.6833281,0.5563972,5.707,0.07809,0.03522,0.06229,0.28008,0.092250004,2.1,0.1877,21.094,1.92,2.32982,-0.069,596282
2026-09-01,MDIA3,M.DIASBRANCOON  ED  NM,Consumer Defensive,Packaged Foods,17.29,5802040832.0,9.005209,7.421175,0.6837235,0.5567192,5.71,0.07809,0.03522,0.06229,0.28008,0.092250004,2.08,0.1877,21.094,1.92,2.32982,-0.069,600148
2026-08-24,MDNE3,MOURA DUBEUXON      NM,Real Estate,Real Estate Services,23.57,2437477120.0,3.9814188,3.688576,1.1498684,0.9331885,4.941,0.28023002,0.06396,0.21434,0.37754002,0.23096001,20.13,0.7995,47.778,5.92,6.39,0.336,1145785
2026-08-25,MDNE3,MOURA DUBEUXON      NM,Real Estate,Real Estate Services,24.54,2537789184.0,4.1452703,3.840376,1.19719,0.97159296,4.951,0.28023002,0.06396,0.21434,0.37754002,0.23096001,20.08,0.7995,47.778,5.92,6.39,0.336,1140450
2026-08-27,MDNE3,MOURA DUBEUXON      NM,Real Estate,Real Estate Services,24.6,2543994112.0,4.1554055,3.8497653,1.2001171,0.97396857,5.118,0.28023002,0.06396,0.21434,0.37754002,0.23096001,19.28,0.7995,47.778,5.92,6.39,0.336,1141282
2026-08-28,MDNE3,MOURA DUBEUXON      NM,Real Estate,Real Estate Services,24.25,2507799040.0,4.096284,3.7949922,1.1830423,0.96011126,5.13,0.28023002,0.06396,0.21434,0.37754002,0.23096001,19.23,0.7995,47.778,5.92,6.39,0.336,1157926
2026-08-29,MDNE3,MOURA DUBEUXON      NM,Real Estate,Real Estate Services,24.25,2507799040.0,4.096284,3.7949922,1.1830423,0.96011126,5.13,0.28023002,0.06396,0.21434,0.37754002,0.23096001,19.23,0.7995,47.778,5.92,6.39,0.336,1161298
2026-08-31,MDNE3,MOURA DUBEUXON      NM,Real Estate,Real Estate Services,24.45,2528482048.0,4.0954776,3.8262913,1.104386,0.96802974,5.103,0.28023002,0.06396,0.21434,0.37754002,0.23096001,19.51,0.7995,47.778,5.97,6.39,0.336,1143674
2026-09-01,MDNE3,MOURA DUBEUXON      NM,Real Estate,Real Estate Services,25.12,2597769728.0,4.243243,3.9311426,1.1346493,0.99455655,5.218,0.28023002,0.06396,0.21434,0.37754002,0.23096001,19.35,0.7995,47.778,5.92,6.39,0.336,1137343
2026-08-24,MGLU3,MAGAZ LUIZA ON      NM,Consumer Cyclical,Specialty Retail,4.16,3226738944.0,37.81818,5.1354218,0.28896916,0.08428384,6.897,0.00796,0.01898,0.0023100001,0.29884002,0.03778,0.63,0.22760001,76.228,0.11,0.81006,0.814,21626679
2026-08-25,MGLU3,MAGAZ LUIZA ON      NM,Consumer Cyclical,Specialty Retail,4.54,3521489152.0,41.272728,5.6045227,0.31536537,0.09198285,6.897,0.00796,0.01898,0.0023100001,0.29884002,0.03778,0.63,0.22760001,76.228,0.11,0.81006,0.814,21777421
2026-08-27,MGLU3,MAGAZ LUIZA ON      NM,Consumer Cyclical,Specialty Retail,4.71,3653351168.0,42.818184,5.814384,0.32717422,0.09542714,7.192,0.00796,0.01898,0.0023100001,0.29884002,0.03778,0.57,0.22760001,76.228,0.11,0.81006,0.814,22214596
2026-08-28,MGLU3,MAGAZ LUIZA ON      NM,Consumer Cyclical,Specialty Retail,4.62,3583541760.0,42.0,5.703281,0.32092246,0.093603685,7.262,0.00796,0.01898,0.0023100001,0.29884002,0.03778,0.54,0.22760001,76.228,0.11,0.81006,0.814,22156782
2026-08-29,MGLU3,MAGAZ LUIZA ON      NM,Consumer Cyclical,Specialty Retail,4.62,3583541760.0,42.0,5.703281,0.32092246,0.093603685,7.262,0.00796,0.01898,0.0023100001,0.29884002,0.03778,0.54,0.22760001,76.228,0.11,0.81006,0.814,22191842
2026-08-31,MGLU3,MAGAZ LUIZA ON      NM,Consumer Cyclical,Specialty Retail,4.81,3730954752.0,40.083332,5.9378314,0.3341206,0.09745418,7.246,0.00796,0.01898,0.0023100001,0.29884002,0.03778,0.56,0.22760001,76.228,0.12,0.81006,0.814,22243061
2026-09-01,MGLU3,MAGAZ LUIZA ON      NM,Consumer Cyclical,Specialty Retail,4.62,3583541760.0,42.0,5.703281,0.32092246,0.093603685,7.144,0.00796,0.01898,0.0023100001,0.29884002,0.03778,0.54,0.22760001,76.228,0.11,0.81006,0.814,22296193
2026-08-24,MILS3,MILLS       ON      NM,Industrials,Rental & Leasing Services,15.75,3588365568.0,8.37766,8.41535,1.9026335,1.8799518,5.011,0.26255,0.111219995,0.23526,0.60752,0.50076,7.66,0.6046,98.586,1.88,1.87158,0.012,1047200
2026-08-25,MILS3,MILLS       ON      NM,Industrials,Rental & Leasing Services,15.75,3588365568.0,8.37766,8.41535,1.9026335,1.8799518,5.034,0.26255,0.111219995,0.23526,0.60752,0.50076,7.61,0.6046,98.586,1.88,1.87158,0.012,977885
2026-08-27,MILS3,MILLS       ON      NM,Industrials,Rental & Leasing Services,15.67,3570138880.0,8.335107,8.372605,1.8929694,1.8704028,5.015,0.26255,0.111219995,0.23526,0.60752,0.50076,7.61,0.6046,98.586,1.88,1.87158,0.012,926606
2026-08-28,MILS3,MILLS       ON      NM,Industrials,Rental & Leasing Services,15.7,3576973824.0,8.351064,8.388634,1.8965933,1.8739836,5.023,0.26255,0.111219995,0.23526,0.60752,0.50076,7.64,0.6046,98.586,1.88,1.87158,0.012,901757
2026-08-29,MILS3,MILLS       ON      NM,Industrials,Rental & Leasing Services,15.7,3576973824.0,8.351064,8.388634,1.8965933,1.8739836,5.023,0.26255,0.111219995,0.23526,0.60752,0.50076,7.64,0.6046,98.586,1.88,1.87158,0.012,882149
2026-08-31,MILS3,MILLS       ON      NM,Industrials,Rental & Leasing Services,15.74,3586845440.0,8.37234,8.4100065,1.9014255,1.8791554,5.032,0.26255,0.111219995,0.23526,0.60752,0.50076,7.64,0.6046,98.586,1.88,1.87158,0.012,803638
2026-09-01,MILS3,MILLS       ON      NM,Industrials,Rental & Leasing Services,15.71,3579252224.0,8.356383,8.393977,1.8978014,1.8751773,5.025,0.26255,0.111219995,0.23526,0.60752,0.50076,7.62,0.6046,98.586,1.88,1.87158,0.012,800639
2026-08-24,MOTV3,MOTIVA SA   ON      NM,Industrials,Infrastructure Operations,14.47,29083822080.0,8.613095,9.586273,1.6391028,1.445328,6.92,0.21971,0.06622,0.1927,0.55441004,0.45353,1.43,0.23040001,244.76,1.68,1.50945,0.287,8599668
2026-08-25,MOTV3,MOTIVA SA   ON      NM,Industrials,Infrastructure Operations,15.12,30390282240.0,9.0,10.016893,1.7127322,1.510253,6.913,0.21971,0.06622,0.1927,0.55441004,0.45353,1.44,0.23040001,244.76,1.68,1.50945,0.287,8697722
2026-08-27,MOTV3,MOTIVA SA   ON      NM,Industrials,Infrastructure Operations,15.1,30350084096.0,8.988095,10.003644,1.7104667,1.5082552,7.056,0.21971,0.06622,0.1927,0.55441004,0.45353,1.38,0.23040001,244.76,1.68,1.50945,0.287,9002551
2026-08-28,MOTV3,MOTIVA SA   ON      NM,Industrials,Infrastructure Operations,15.06,30269687808.0,8.964286,9.977144,1.7059357,1.50426,7.047,0.21971,0.06622,0.1927,0.55441004,0.45353,1.38,0.23040001,244.76,1.68,1.50945,0.287,9246831
2026-08-29,MOTV3,MOTIVA SA   ON      NM,Industrials,Infrastructure Operations,15.06,30269687808.0,8.964286,9.977144,1.7059357,1.50426,7.047,0.21971,0.06622,0.1927,0.55441004,0.45353,1.38,0.23040001,244.76,1.68,1.50945,0.287,9055258
2026-08-31,MOTV3,MOTIVA SA   ON      NM,Industrials,Infrastructure Operations,15.46,31073662976.0,9.202381,10.242142,1.751246,1.5442137,7.131,0.21971,0.06622,0.1927,0.55441004,0.45353,1.38,0.23040001,244.76,1.68,1.50945,0.287,9069400
2026-09-01,MOTV3,MOTIVA SA   ON      NM,Industrials,Infrastructure Operations,15.69,31535947776.0,9.339286,10.394515,1.7772994,1.5671871,7.182,0.21971,0.06622,0.1927,0.55441004,0.45353,1.35,0.23040001,244.76,1.68,1.50945,0.287,9201593
2026-08-24,MOVI3,MOVIDA      ON      NM,Industrials,Rental & Leasing Services,7.03,2819285248.0,5.8099174,3.1838624,0.722582,0.18831275,4.132,0.13204001,0.06777,0.028889999,0.34967998,0.39551,12.74,0.6067,642.732,1.21,2.20801,0.316,4761905
2026-08-25,MOVI3,MOVIDA      ON      NM,Industrials,Rental & Leasing Services,7.42,2975689216.0,6.132231,3.3604922,0.7626683,0.19875968,4.126,0.13204001,0.06777,0.028889999,0.34967998,0.39551,12.91,0.6067,642.732,1.21,2.20801,0.316,4734664
2026-08-27,MOVI3,MOVIDA      ON      NM,Industrials,Rental & Leasing Services,7.19,2883450880.0,5.9421487,3.256326,0.7390276,0.19259866,4.137,0.13204001,0.06777,0.028889999,0.34967998,0.39551,12.23,0.6067,642.732,1.21,2.20801,0.316,4631071
2026-08-28,MOVI3,MOVIDA      ON      NM,Industrials,Rental & Leasing Services,6.98,2821057024.0,5.7685947,3.1612177,0.7174427,0.1884311,4.138,0.13204001,0.06777,0.028889999,0.34967998,0.39551,12.58,0.6067,642.732,1.21,2.20801,0.316,4644080
2026-08-29,MOVI3,MOVIDA      ON      NM,Industrials,Rental & Leasing Services,6.98,2821057024.0,5.7685947,3.1612177,0.7174427,0.1884311,4.138,0.13204001,0.06777,0.028889999,0.34967998,0.39551,0.1258,0.6067,642.732,1.21,2.20801,0.316,4568421
2026-08-31,MOVI3,MOVIDA      ON      NM,Industrials,Rental & Leasing Services,7.3,2950389248.0,6.0330577,3.3061447,0.7503341,0.19706978,4.144,0.13204001,0.06777,0.028889999,0.34967998,0.39551,13.0,0.6067,642.732,1.21,2.20801,0.316,4569969
2026-09-01,MOVI3,MOVIDA      ON      NM,Industrials,Rental & Leasing Services,7.26,2934222848.0,6.0,3.2880287,0.7462227,0.19598995,4.141,0.13204001,0.06777,0.028889999,0.34967998,0.39551,12.43,0.6067,642.732,1.21,2.20801,0.316,4645633
2026-08-24,MRVE3,MRV         ON      NM,Real Estate,Real Estate - Development,5.16,2904225536.0,,2.8880544,0.6343742,0.24843843,4.986,-0.100389995,0.03749,-0.04926,0.29694,0.15277,,0.0,168.529,-1.02,1.78667,0.507,10251618
2026-08-25,MRVE3,MRV         ON      NM,Real Estate,Real Estate - Development,5.46,3073075968.0,,3.0559645,0.6712565,0.26288253,5.008,-0.100389995,0.03749,-0.04926,0.29694,0.15277,,0.0,168.529,-1.02,1.78667,0.507,10361287
2026-08-27,MRVE3,MRV         ON      NM,Real Estate,Real Estate - Development,5.51,3101217792.0,,3.0839496,0.6774035,0.2652899,5.102,-0.100389995,0.03749,-0.04926,0.29694,0.15277,,0.0,168.529,-1.02,1.78667,0.507,10503768
2026-08-28,MRVE3,MRV         ON      NM,Real Estate,Real Estate - Development,5.19,2921110784.0,,2.9048455,0.6380625,0.24988286,5.105,-0.100389995,0.03749,-0.04926,0.29694,0.15277,,0.0,168.529,-1.02,1.78667,0.507,10697965
2026-08-29,MRVE3,MRV         ON      NM,Real Estate,Real Estate - Development,5.19,2921110784.0,,2.9048455,0.6380625,0.24988286,5.105,-0.100389995,0.03749,-0.04926,0.29694,0.15277,,0.0,168.529,-1.02,1.78667,0.507,10748761
2026-08-31,MRVE3,MRV         ON      NM,Real Estate,Real Estate - Development,5.51,3101217792.0,,3.0839496,0.6774035,0.2652899,5.118,-0.100389995,0.03749,-0.04926,0.29694,0.15277,,0.0,168.529,-1.02,1.78667,0.507,10770003
2026-09-01,MRVE3,MRV         ON      NM,Real Estate,Real Estate - Development,5.54,3118102784.0,,3.1007404,0.6810917,0.2667343,5.127,-0.100389995,0.03749,-0.04926,0.29694,0.15277,,0.0,168.529,-1.02,1.78667,0.507,11098298
2026-08-24,MULT3,MULTIPLAN   ON      N2,Real Estate,Real Estate Services,26.94,13228795904.0,9.6214285,10.176483,1.9581335,4.143036,7.737,0.21899,0.10887,0.43416,0.81061995,0.73649,4.25,0.4013,75.295,2.8,2.64728,0.129,3321154
2026-08-25,MULT3,MULTIPLAN   ON      N2,Real Estate,Real Estate Services,27.52,13513602048.0,9.828571,10.3955765,2.0002906,4.232232,7.754,0.21899,0.10887,0.43416,0.81061995,0.73649,4.23,0.4013,75.295,2.8,2.64728,0.129,3339585
2026-08-27,MULT3,MULTIPLAN   ON      N2,Real Estate,Real Estate Services,27.42,13464497152.0,9.792857,10.357801,1.9930222,4.2168536,7.854,0.21899,0.10887,0.43416,0.81061995,0.73649,4.14,0.4013,75.295,2.8,2.64728,0.129,3353257
2026-08-28,MULT3,MULTIPLAN   ON      N2,Real Estate,Real Estate Services,27.38,13444854784.0,9.778571,10.342691,1.9901147,4.210702,7.854,0.21899,0.10887,0.43416,0.81061995,0.73649,4.16,0.4013,75.295,2.8,2.64728,0.129,3405979
2026-08-29,MULT3,MULTIPLAN   ON      N2,Real Estate,Real Estate Services,27.38,13444854784.0,9.778571,10.342691,1.9901147,4.210702,7.854,0.21899,0.10887,0.43416,0.81061995,0.73649,4.16,0.4013,75.295,2.8,2.64728,0.129,3417714
2026-08-31,MULT3,MULTIPLAN   ON      N2,Real Estate,Real Estate Services,27.92,13710020608.0,9.971429,10.546675,2.0293646,4.2937474,7.958,0.21899,0.10887,0.43416,0.81061995,0.73649,4.17,0.4013,75.295,2.8,2.64728,0.129,3395200
2026-09-01,MULT3,MULTIPLAN   ON      N2,Real Estate,Real Estate Services,28.35,13921171456.0,10.125,10.7091055,2.0606194,4.359876,8.048,0.21899,0.10887,0.43416,0.81061995,0.73649,4.08,0.4013,75.295,2.8,2.64728,0.129,3407895
2026-08-24,MYPK3,"IOCHP,MAXIONON      NM",Consumer Cyclical,Auto Parts,9.19,1376384128.0,15.065573,3.9592612,0.33605146,0.09090251,4.348,0.049039997,0.03749,0.00604,0.11885,0.08886,9.8,0.503,123.096,0.61,2.32114,0.204,846273
2026-08-25,MYPK3,"IOCHP,MAXIONON      NM",Consumer Cyclical,Auto Parts,9.21,1379379584.0,15.349999,3.9678779,0.33678284,0.09110034,4.359,0.049039997,0.03749,0.00604,0.11885,0.08886,9.69,0.503,123.096,0.6,2.32114,0.204,850969
2026-08-27,MYPK3,"IOCHP,MAXIONON      NM",Consumer Cyclical,Auto Parts,9.1,1362904960.0,14.918033,3.9204874,0.33276045,0.09001228,4.361,0.049039997,0.03749,0.00604,0.11885,0.08886,9.67,0.503,123.096,0.61,2.32114,0.204,851015
2026-08-28,MYPK3,"IOCHP,MAXIONON      NM",Consumer Cyclical,Auto Parts,9.08,1359909504.0,14.885245,3.9118707,0.3320291,0.089814454,4.348,0.049039997,0.03749,0.00604,0.11885,0.08886,9.8,0.503,123.096,0.61,2.32114,0.204,846400
2026-08-29,MYPK3,"IOCHP,MAXIONON      NM",Consumer Cyclical,Auto Parts,9.08,1359909504.0,14.885245,3.9118707,0.3320291,0.089814454,4.348,0.049039997,0.03749,0.00604,0.11885,0.08886,9.8,0.503,123.096,0.61,2.32114,0.204,846400
2026-08-31,MYPK3,"IOCHP,MAXIONON      NM",Consumer Cyclical,Auto Parts,9.12,1365900288.0,14.950819,3.9291036,0.33349177,0.09021011,4.351,0.049039997,0.03749,0.00604,0.11885,0.08886,9.81,0.503,123.096,0.61,2.32114,0.204,842448
2026-09-01,MYPK3,"IOCHP,MAXIONON      NM",Consumer Cyclical,Auto Parts,9.46,1416822144.0,15.508197,4.0755835,0.3459246,0.09357321,4.389,0.049039997,0.03749,0.00604,0.11885,0.08886,9.77,0.503,123.096,0.61,2.32114,0.204,835518
2026-08-24,NATU3,NATURA      ON      NM,Consumer Defensive,Household & Personal Products,8.25,11329735680.0,,8.62736,0.9008517,0.5317994,9.196,-0.02478,0.02548,-0.1247,0.65753996,0.08019,,0.0,53.698,-0.37,0.95626,0.513,10346901
2026-08-25,NATU3,NATURA      ON      NM,Consumer Defensive,Household & Personal Products,8.76,12030118912.0,,9.160688,0.95654076,0.5646742,9.212,-0.02478,0.02548,-0.1247,0.65753996,0.08019,,0.0,53.698,-0.37,0.95626,0.513,10422550
2026-08-27,NATU3,NATURA      ON      NM,Consumer Defensive,Household & Personal Products,8.94,12277312512.0,,9.348921,0.97619563,0.5762771,9.767,-0.02478,0.02548,-0.1247,0.65753996,0.08019,,0.0,53.698,-0.37,0.95626,0.513,10432345
2026-08-28,NATU3,NATURA      ON      NM,Consumer Defensive,Household & Personal Products,8.74,12002652160.0,,9.212024,0.95435685,0.56338495,9.743,-0.02478,0.02548,-0.1247,0.65753996,0.08019,,0.0,53.698,-0.37,0.94876,0.513,10249290
2026-08-29,NATU3,NATURA      ON      NM,Consumer Defensive,Household & Personal Products,8.74,12002652160.0,,9.212024,0.95435685,0.56338495,9.743,-0.02478,0.02548,-0.1247,0.65753996,0.08019,,0.0,53.698,-0.37,0.94876,0.513,10069522
2026-08-31,NATU3,NATURA      ON      NM,Consumer Defensive,Household & Personal Products,8.74,12002652160.0,,9.212024,0.95435685,0.56338495,9.606,-0.02478,0.02548,-0.1247,0.65753996,0.08019,,0.0,53.698,-0.37,0.94876,0.513,9744404
2026-09-01,NATU3,NATURA      ON      NM,Consumer Defensive,Household & Personal Products,8.79,12071317504.0,,9.264725,0.9598166,0.566608,9.646,-0.02478,0.02548,-0.1247,0.65753996,0.08019,,0.0,53.698,-0.37,0.94876,0.513,9727295
2026-08-24,ORVR3,ORIZON      ON      NM,Industrials,Waste Management,16.03,8805221376.0,94.29412,14.2689295,1.0554385,5.8730016,11.91,0.023599999,0.02859,0.03352,0.39066002,0.31939,,0.0,73.932,0.17,1.12342,,2727687
2026-08-25,ORVR3,ORIZON      ON      NM,Industrials,Waste Management,16.43,9024940032.0,96.64706,14.624985,1.0817751,6.019552,11.941,0.023599999,0.02859,0.03352,0.39066002,0.31939,,0.0,73.932,0.17,1.12342,,2739954
2026-08-27,ORVR3,ORIZON      ON      NM,Industrials,Waste Management,16.42,9019446272.0,96.588234,14.616083,1.0811167,6.0158877,12.096,0.023599999,0.02859,0.03352,0.39066002,0.31939,,0.0,73.932,0.17,1.12342,,2762506
2026-08-28,ORVR3,ORIZON      ON      NM,Industrials,Waste Management,16.38,8997474304.0,96.352936,14.580477,1.078483,6.0012326,12.018,0.023599999,0.02859,0.03352,0.39066002,0.31939,,0.0,73.932,0.17,1.12342,,2733325
2026-08-29,ORVR3,ORIZON      ON      NM,Industrials,Waste Management,16.38,8997474304.0,96.352936,14.580477,1.078483,6.0012326,12.018,0.023599999,0.02859,0.03352,0.39066002,0.31939,,0.0,73.932,0.17,1.12342,,2681231
2026-08-31,ORVR3,ORIZON      ON      NM,Industrials,Waste Management,16.56,9096347648.0,97.41176,14.740702,0.6341183,6.06718,12.146,0.023599999,0.02859,0.03352,0.39066002,0.31939,,0.0,73.932,0.17,1.12342,,2637152
2026-09-01,ORVR3,ORIZON      ON      NM,Industrials,Waste Management,16.35,8980996096.0,96.176476,14.553774,0.626077,5.990242,12.065,0.023599999,0.02859,0.03352,0.39066002,0.31939,,0.0,73.932,0.17,1.12342,,2626739
2026-08-24,PETR3,PETROBRAS   ON      N2,Energy,Oil & Gas Integrated,46.94,604997091328.0,4.566148,3.1735513,1.2579054,1.103017,3.907,0.30274,0.10073,0.24317,0.50595003,0.4431,8.79,0.2872,76.067,10.28,14.791,-0.218,10131860
2026-08-25,PETR3,PETROBRAS   ON  EDJ N2,Energy,Oil & Gas Integrated,45.98,592623894528.0,4.5211406,3.108647,1.2321792,1.0804584,3.78,0.30274,0.10073,0.24317,0.50595003,0.4431,9.24,0.2872,76.067,10.17,14.791,-0.218,10187576
2026-08-27,PETR3,PETROBRAS   ON  EDJ N2,Energy,Oil & Gas Integrated,45.93,591979479040.0,4.498531,3.1052666,1.2308393,1.0792836,3.726,0.30274,0.10073,0.24317,0.50595003,0.4431,9.43,0.2872,76.067,10.21,14.791,-0.218,10218567
2026-08-28,PETR3,PETROBRAS   ON  EDJ N2,Energy,Oil & Gas Integrated,48.25,621881327616.0,4.7303925,3.2621188,1.293011,1.1337999,3.8,0.30274,0.10073,0.24317,0.50595003,0.4431,9.17,0.2872,76.067,10.2,14.791,-0.218,10397526
2026-08-29,PETR3,PETROBRAS   ON  EDJ N2,Energy,Oil & Gas Integrated,48.25,621881327616.0,4.7303925,3.2621188,1.293011,1.1337999,3.8,0.30274,0.10073,0.24317,0.50595003,0.4431,9.17,0.2872,76.067,10.2,14.791,-0.218,10185247
2026-08-31,PETR3,PETROBRAS   ON  EDJ N2,Energy,Oil & Gas Integrated,50.29,648174370816.0,4.9207435,3.4000406,1.3476793,1.1817368,3.958,0.30274,0.10073,0.24317,0.50595003,0.4431,8.99,0.2872,76.067,10.22,14.791,-0.218,10110907
2026-09-01,PETR3,PETROBRAS   ON  EDJ N2,Energy,Oil & Gas Integrated,52.37,674982920192.0,5.094358,3.5406666,1.4034194,1.2306136,4.068,0.30274,0.10073,0.24317,0.50595003,0.4431,8.62,0.2872,76.067,10.28,14.791,-0.218,10078568
2026-08-24,PETR4,PETROBRAS   PN      N2,Energy,Oil & Gas Integrated,42.11,575369379840.0,4.092323,4.2625775,1.1284703,1.0490004,3.64,0.30274,0.10073,0.24317,0.50595003,0.4431,9.79,0.2872,76.067,10.29,9.879,-0.218,39020825
2026-08-25,PETR4,PETROBRAS   PN  EDJ N2,Energy,Oil & Gas Integrated,41.35,564985135104.0,4.06588,4.185646,1.1081036,1.030068,3.524,0.30274,0.10073,0.24317,0.50595003,0.4431,10.3,0.2872,76.067,10.17,9.879,-0.218,39376787
2026-08-27,PETR4,PETROBRAS   PN  EDJ N2,Energy,Oil & Gas Integrated,41.45,566351495168.0,4.0597453,4.195769,1.1107836,1.0325592,3.489,0.30274,0.10073,0.24317,0.50595003,0.4431,10.49,0.2872,76.067,10.21,9.879,-0.218,40156167
2026-08-28,PETR4,PETROBRAS   PN  EDJ N2,Energy,Oil & Gas Integrated,43.55,595044794368.0,4.273798,4.408341,1.1670597,1.0848721,3.555,0.30274,0.10073,0.24317,0.50595003,0.4431,10.16,0.2872,76.067,10.19,9.879,-0.218,40570989
2026-08-29,PETR4,PETROBRAS   PN  EDJ N2,Energy,Oil & Gas Integrated,43.55,595044794368.0,4.273798,4.408341,1.1670597,1.0848721,3.555,0.30274,0.10073,0.24317,0.50595003,0.4431,10.16,0.2872,76.067,10.19,9.879,-0.218,40051769
2026-08-31,PETR4,PETROBRAS   PN  EDJ N2,Energy,Oil & Gas Integrated,45.02,615130136576.0,4.405088,4.557142,1.206453,1.1214913,3.678,0.30274,0.10073,0.24317,0.50595003,0.4431,9.96,0.2872,76.067,10.22,9.879,-0.218,40146829
2026-09-01,PETR4,PETROBRAS   PN  EDJ N2,Energy,Oil & Gas Integrated,46.87,640407568384.0,4.5593386,4.744407,1.2560295,1.1675766,3.776,0.30274,0.10073,0.24317,0.50595003,0.4431,9.63,0.2872,76.067,10.28,9.879,-0.218,40060987
2026-08-24,PGMN3,PAGUE MENOS ON      NM,Healthcare,Pharmaceutical Retailers,3.32,2386631424.0,6.64,4.867393,0.6986532,0.15262257,6.185,0.10585,0.06262,0.021,0.32297,0.060089998,15.06,0.5116,101.786,0.5,0.68209,0.016,4772706
2026-08-25,PGMN3,PAGUE MENOS ON      NM,Healthcare,Pharmaceutical Retailers,3.51,2523215872.0,7.02,5.1459484,0.7395702,0.161357,6.146,0.10585,0.06262,0.021,0.32297,0.060089998,15.28,0.5116,101.786,0.5,0.68209,0.016,4752032
2026-08-27,PGMN3,PAGUE MENOS ON      NM,Healthcare,Pharmaceutical Retailers,3.45,2480083968.0,6.9,5.057984,0.726928,0.15859875,6.292,0.10585,0.06262,0.021,0.32297,0.060089998,14.46,0.5116,101.786,0.5,0.68209,0.016,4791156
2026-08-28,PGMN3,PAGUE MENOS ON      NM,Healthcare,Pharmaceutical Retailers,3.41,2451329280.0,6.82,4.9993405,0.71849984,0.15675992,6.231,0.10585,0.06262,0.021,0.32297,0.060089998,14.79,0.5105,101.786,0.5,0.68209,0.016,4730071
2026-08-29,PGMN3,PAGUE MENOS ON      NM,Healthcare,Pharmaceutical Retailers,3.41,2451329280.0,6.82,4.9993405,0.71849984,0.15675992,6.231,0.10585,0.06262,0.021,0.32297,0.060089998,14.79,0.5105,101.786,0.5,0.68209,0.016,4699688
2026-08-31,PGMN3,PAGUE MENOS ON      NM,Healthcare,Pharmaceutical Retailers,3.53,2537593088.0,7.06,5.17527,0.74378425,0.1622764,6.307,0.10585,0.06262,0.021,0.32297,0.060089998,14.88,0.5105,101.786,0.5,0.68209,0.016,4660104
2026-09-01,PGMN3,PAGUE MENOS ON      NM,Healthcare,Pharmaceutical Retailers,3.52,2530404352.0,7.04,5.1279063,0.7416772,0.16181669,6.3,0.10585,0.06262,0.021,0.32297,0.060089998,14.37,0.5105,101.786,0.5,0.68644,0.016,4608417
2026-08-24,PINE4,PINE        PN      N2,Financial Services,Banks - Regional,10.52,2654166272.0,4.3292184,3.404531,1.4850367,1.7399462,,0.40772,0.01867,0.3951,0.0,0.0,10.43,0.2313,,2.43,3.09,0.467,1151534
2026-08-25,PINE4,PINE        PN      N2,Financial Services,Banks - Regional,10.9,2750038784.0,4.4855967,3.527508,1.5386786,1.8027958,,0.40772,0.01867,0.3951,0.0,0.0,10.32,0.2313,,2.43,3.09,0.467,1147959
2026-08-27,PINE4,PINE        PN      N2,Financial Services,Banks - Regional,10.71,2702102528.0,4.4074073,3.4660196,1.5118577,1.771371,,0.40772,0.01867,0.3951,0.0,0.0,9.96,0.2313,,2.43,3.09,0.467,1144390
2026-08-28,PINE4,PINE        PN      N2,Financial Services,Banks - Regional,10.81,2727332352.0,4.4485598,3.498382,1.525974,1.7879105,,0.40772,0.01867,0.3951,0.0,0.0,9.96,0.2313,,2.43,3.09,0.467,1122604
2026-08-29,PINE4,PINE        PN      N2,Financial Services,Banks - Regional,10.81,2727332352.0,4.4485598,3.498382,1.525974,1.7879105,,0.40772,0.01867,0.3951,0.0,0.0,9.96,0.2313,,2.43,3.09,0.467,1103460
2026-08-31,PINE4,PINE        PN      N2,Financial Services,Banks - Regional,11.01,2777791744.0,4.5308642,3.563107,1.5542067,1.8209893,,0.40772,0.01867,0.3951,0.0,0.0,10.05,0.2313,,2.43,3.09,0.467,1106051
2026-09-01,PINE4,PINE        PN      N2,Financial Services,Banks - Regional,11.16,2815636224.0,4.5925922,3.6116505,1.575381,1.8457984,,0.40772,0.01867,0.3951,0.0,0.0,9.86,0.2313,,2.43,3.09,0.467,1051581
2026-08-24,PLPL3,PLANOEPLANO ON      NM,Real Estate,Real Estate - Development,6.8,1380738560.0,4.4736843,2.676017,1.3484037,0.3897399,2.895,0.31768,0.07779,0.08618,0.28561002,0.13503,21.72,0.325,62.443,1.52,2.54109,,2462454
2026-08-25,PLPL3,PLANOEPLANO ON      NM,Real Estate,Real Estate - Development,7.45,1512720768.0,4.9013157,2.9318125,1.4772952,0.4269944,4.325,0.31768,0.07784,0.08618,0.28561002,0.13464,22.04,0.325,119.763,1.52,2.54109,0.138,2463574
2026-08-27,PLPL3,PLANOEPLANO ON      NM,Real Estate,Real Estate - Development,7.12,1445714432.0,4.6842103,2.801947,1.411858,0.40808058,4.462,0.31768,0.07784,0.08618,0.28561002,0.13464,20.12,0.325,119.763,1.52,2.54109,0.138,2429512
2026-08-28,PLPL3,PLANOEPLANO ON      NM,Real Estate,Real Estate - Development,7.02,1425409408.0,4.618421,2.867928,1.3920285,0.4023491,4.513,0.31768,0.07784,0.08618,0.28561002,0.13464,20.7,0.325,119.763,1.52,2.44776,0.138,2332298
2026-08-29,PLPL3,PLANOEPLANO ON      NM,Real Estate,Real Estate - Development,7.02,1425409408.0,4.618421,2.867928,1.3920285,0.4023491,4.513,0.31768,0.07784,0.08618,0.28561002,0.13464,20.7,0.325,119.763,1.52,2.44776,0.138,2323701
2026-08-31,PLPL3,PLANOEPLANO ON      NM,Real Estate,Real Estate - Development,7.15,1451805952.0,4.7039475,2.921038,1.2983476,0.40980005,4.474,0.31768,0.07784,0.08618,0.28561002,0.13464,21.35,0.325,119.763,1.52,2.44776,0.138,2304254
2026-09-01,PLPL3,PLANOEPLANO ON      NM,Real Estate,Real Estate - Development,7.24,1470080384.0,4.763158,2.957806,1.3146904,0.41495836,4.513,0.31768,0.07784,0.08618,0.28561002,0.13464,20.96,0.325,119.763,1.52,2.44776,0.138,2277770
2026-08-24,PNVL3,DIMED       ON      NM,Healthcare,Drug Manufacturers - General,11.5,1717819776.0,12.6373625,7.867552,1.2627648,0.29123017,10.647,0.10791001,0.049790002,0.023340002,0.33039,0.045029998,3.26,0.4129,106.585,0.91,1.4617,0.311,791465
2026-08-25,PNVL3,DIMED       ON      NM,Healthcare,Drug Manufacturers - General,12.18,1819395200.0,13.384615,8.332764,1.3374327,0.30845076,10.641,0.10791001,0.049790002,0.023340002,0.33039,0.045029998,3.27,0.4129,106.585,0.91,1.4617,0.311,789209
2026-08-27,PNVL3,DIMED       ON      NM,Healthcare,Drug Manufacturers - General,12.09,1805951360.0,13.285714,8.271192,1.3275502,0.30617157,10.973,0.10791001,0.049790002,0.023340002,0.33039,0.045029998,3.09,0.4129,106.585,0.91,1.4617,0.311,786282
2026-08-28,PNVL3,DIMED       ON      NM,Healthcare,Drug Manufacturers - General,11.94,1783544960.0,13.120878,8.1685705,1.3110793,0.3023729,10.905,0.10791001,0.049790002,0.023340002,0.33039,0.045029998,3.14,0.4129,106.585,0.91,1.4617,0.311,778814
2026-08-29,PNVL3,DIMED       ON      NM,Healthcare,Drug Manufacturers - General,11.94,1783544960.0,13.120878,8.1685705,1.3110793,0.3023729,10.905,0.10791001,0.049790002,0.023340002,0.33039,0.045029998,3.14,0.4129,106.585,0.91,1.4617,0.311,785522
2026-08-31,PNVL3,DIMED       ON      NM,Healthcare,Drug Manufacturers - General,11.99,1791013760.0,13.175823,8.28949,1.3165696,0.3036391,10.917,0.10791001,0.049790002,0.023340002,0.33039,0.045029998,3.15,0.4129,106.585,0.91,1.44641,0.311,780637
2026-09-01,PNVL3,DIMED       ON      NM,Healthcare,Drug Manufacturers - General,12.07,1802963840.0,13.263736,8.344799,1.325354,0.30566508,10.962,0.10791001,0.049790002,0.023340002,0.33039,0.045029998,3.13,0.4129,106.585,0.91,1.44641,0.311,782387
2026-08-24,POMO3,MARCOPOLO   ON      N2,Industrials,Farm & Heavy Construction Machinery,4.16,5164225024.0,4.3333335,,1.2713935,0.5672765,4.872,0.2832,0.08765,0.13189,0.24496001,0.16073999,25.7,0.9789,80.724,0.96,,0.143,1313018
2026-08-25,POMO3,MARCOPOLO   ON      N2,Industrials,Farm & Heavy Construction Machinery,4.19,5201467392.0,4.3645835,,1.2805623,0.5713675,4.855,0.2832,0.08765,0.13189,0.24496001,0.16073999,25.82,0.9789,80.724,0.96,,0.143,1331710
2026-08-27,POMO3,MARCOPOLO   ON      N2,Industrials,Farm & Heavy Construction Machinery,4.11,5102155264.0,4.28125,,1.2031617,0.5604583,4.88,0.2832,0.08765,0.13189,0.24496001,0.16073999,25.63,0.9789,80.724,0.96,,0.143,1384068
2026-08-28,POMO3,MARCOPOLO   ON      N2,Industrials,Farm & Heavy Construction Machinery,4.15,5151811584.0,4.322917,,1.2148713,0.5659129,4.821,0.2832,0.08765,0.13189,0.24496001,0.16073999,26.07,0.9789,80.724,0.96,,0.143,1423698
2026-08-29,POMO3,MARCOPOLO   ON      N2,Industrials,Farm & Heavy Construction Machinery,4.15,5151811584.0,4.322917,,1.2148713,0.5659129,4.821,0.2832,0.08765,0.13189,0.24496001,0.16073999,26.07,0.9789,80.724,0.96,,0.143,1433987
2026-08-31,POMO3,MARCOPOLO   ON  ED  N2,Industrials,Farm & Heavy Construction Machinery,4.08,5064913408.0,4.25,,1.1943794,0.5563674,4.787,0.2832,0.08765,0.13189,0.24496001,0.16073999,25.88,0.9789,80.724,0.96,,0.143,1442636
2026-09-01,POMO3,MARCOPOLO   ON  ED  N2,Industrials,Farm & Heavy Construction Machinery,4.22,5238709248.0,4.395833,,1.235363,0.5754584,4.906,0.2832,0.08765,0.13189,0.24496001,0.16073999,26.33,0.9789,80.724,0.96,,0.143,1523350
2026-08-24,POMO4,MARCOPOLO   PN      N2,Industrials,Farm & Heavy Construction Machinery,4.44,5511817728.0,4.625,4.54206,1.2997658,0.6054586,5.118,0.2832,0.08765,0.13189,0.24496001,0.16073999,24.03,0.9789,80.724,0.96,0.97753,0.143,10060681
2026-08-25,POMO4,MARCOPOLO   PN      N2,Industrials,Farm & Heavy Construction Machinery,4.51,5598715904.0,4.697917,4.6136694,1.3202577,0.6150042,5.092,0.2832,0.08765,0.13189,0.24496001,0.16073999,24.19,0.9789,80.724,0.96,0.97753,0.143,10276076
2026-08-27,POMO4,MARCOPOLO   PN      N2,Industrials,Farm & Heavy Construction Machinery,4.41,5474575360.0,4.59375,4.51137,1.2909836,0.60136765,5.152,0.2832,0.08765,0.13189,0.24496001,0.16073999,23.82,0.9789,80.724,0.96,0.97753,0.143,10311214
2026-08-28,POMO4,MARCOPOLO   PN      N2,Industrials,Farm & Heavy Construction Machinery,4.42,5486989312.0,4.604167,4.5216002,1.2939111,0.6027313,5.143,0.2832,0.08765,0.13189,0.24496001,0.16073999,23.87,0.9789,80.724,0.96,0.97753,0.143,10622746
2026-08-29,POMO4,MARCOPOLO   PN      N2,Industrials,Farm & Heavy Construction Machinery,4.42,5486989312.0,4.604167,4.5216002,1.2939111,0.6027313,5.143,0.2832,0.08765,0.13189,0.24496001,0.16073999,23.87,0.9789,80.724,0.96,0.97753,0.143,10702830
2026-08-31,POMO4,MARCOPOLO   PN  ED  N2,Industrials,Farm & Heavy Construction Machinery,4.4,5462161408.0,4.5833335,4.5011406,1.2880563,0.600004,5.059,0.2832,0.08765,0.13189,0.24496001,0.16073999,24.3,0.9789,80.724,0.96,0.97753,0.143,10733676
2026-09-01,POMO4,MARCOPOLO   PN  ED  N2,Industrials,Farm & Heavy Construction Machinery,4.47,5549059072.0,4.65625,4.5727496,1.308548,0.6095495,5.118,0.2832,0.08765,0.13189,0.24496001,0.16073999,24.41,0.9789,80.724,0.96,0.97753,0.143,10768340
2026-08-24,POSI3,POSITIVO TECON      NM,Technology,Computer Hardware,3.42,473569920.0,38.0,2.0279405,0.30582136,0.13618906,3.928,0.00815,0.03743,0.00269,0.24993,0.088190004,13.33,2.0133,78.396,0.09,1.68644,0.114,821595
2026-08-25,POSI3,POSITIVO TECON      NM,Technology,Computer Hardware,3.43,474954624.0,38.11111,2.0338702,0.30671558,0.13658726,3.937,0.00815,0.03743,0.00269,0.24993,0.088190004,13.26,2.0133,78.396,0.09,1.68644,0.114,825652
2026-08-27,POSI3,POSITIVO TECON      NM,Technology,Computer Hardware,3.39,469415808.0,37.666668,2.0101516,0.3031387,0.13499185,4.917,0.00811,0.03744,0.00358,0.24993,0.07315,13.22,2.0133,81.442,0.09,1.68644,0.114,822217
2026-08-28,POSI3,POSITIVO TECON      NM,Technology,Computer Hardware,3.36,465261664.0,37.333332,1.9923625,0.29808372,0.13379723,4.89,0.00811,0.03744,0.00358,0.24993,0.07315,13.57,2.0133,81.442,0.09,1.68644,0.114,830767
2026-08-29,POSI3,POSITIVO TECON      NM,Technology,Computer Hardware,3.36,465261664.0,37.333332,1.9923625,0.29808372,0.13379723,4.89,0.00811,0.03744,0.00358,0.24993,0.07315,13.57,2.0133,81.442,0.09,1.68644,0.114,830253
2026-08-31,POSI3,POSITIVO TECON      NM,Technology,Computer Hardware,3.3,456953408.0,36.666664,1.9567847,0.29276082,0.13140799,4.868,0.00811,0.03744,0.00358,0.24993,0.07315,13.49,2.0133,81.442,0.09,1.68644,0.114,829437
2026-09-01,POSI3,POSITIVO TECON      NM,Technology,Computer Hardware,3.39,469415808.0,37.666668,2.0101516,0.30074522,0.13499185,4.917,0.00811,0.03744,0.00358,0.24993,0.07315,13.74,2.0133,81.442,0.09,1.68644,0.114,846128
2026-08-24,PRIO3,PRIO        ON      NM,Energy,Oil & Gas E&P,61.62,49141239808.0,12.891212,6.7791314,1.7432387,2.3004527,5.701,0.14225,0.065910004,0.18111,0.33007,0.59066004,,0.0,90.248,4.78,9.08966,0.071,7877017
2026-08-25,PRIO3,PRIO        ON      NM,Energy,Oil & Gas E&P,60.88,48551100416.0,12.736402,6.6977205,1.722304,2.2728264,5.623,0.14225,0.065910004,0.18111,0.33007,0.59066004,,0.0,90.248,4.78,9.08966,0.071,7829690
2026-08-27,PRIO3,PRIO        ON      NM,Energy,Oil & Gas E&P,60.76,48455401472.0,12.711296,6.6807337,1.7189091,2.2683465,5.569,0.14225,0.065910004,0.18111,0.33007,0.59066004,,0.0,90.248,4.78,9.09481,0.071,7759629
2026-08-28,PRIO3,PRIO        ON      NM,Energy,Oil & Gas E&P,60.54,48279953408.0,12.665272,6.6575904,1.7126853,2.2601333,5.59,0.14225,0.065910004,0.18111,0.33007,0.59066004,,0.0,90.248,4.78,9.09338,0.071,7702650
2026-08-29,PRIO3,PRIO        ON      NM,Energy,Oil & Gas E&P,60.54,48279953408.0,12.665272,6.6575904,1.7126853,2.2601333,5.59,0.14225,0.065910004,0.18111,0.33007,0.59066004,,0.0,90.248,4.78,9.09338,0.071,7702650
2026-08-31,PRIO3,PRIO        ON      NM,Energy,Oil & Gas E&P,62.68,49986580480.0,12.662627,6.8864365,1.7732263,2.3400257,5.69,0.14225,0.065910004,0.18111,0.33007,0.59066004,,0.0,90.248,4.95,9.10195,0.071,7623751
2026-09-01,PRIO3,PRIO        ON      NM,Energy,Oil & Gas E&P,63.99,51031289856.0,13.387029,7.030362,1.8102864,2.3889318,5.773,0.14225,0.065910004,0.18111,0.33007,0.59066004,,0.0,90.248,4.78,9.10195,0.071,7613598
2026-08-24,PRNR3,PRINER      ON      NM,Industrials,Engineering & Construction,16.45,937767744.0,23.169016,4.7000003,1.6946535,0.5462546,6.02,0.12191,0.060159996,0.020610001,0.20512,0.16287,0.65,0.0,174.675,0.71,3.5,0.563,420409
2026-08-25,PRNR3,PRINER      ON      NM,Industrials,Engineering & Construction,17.21,981093120.0,24.239435,4.9171424,1.7729473,0.57149184,5.956,0.12191,0.060159996,0.020610001,0.20512,0.16287,0.65,0.0,174.675,0.71,3.5,0.563,419861
2026-08-27,PRNR3,PRINER      ON      NM,Industrials,Engineering & Construction,17.54,999905600.0,24.704227,5.011429,1.8069435,0.5824583,6.334,0.12181,0.060149997,0.02554,0.18679,0.15795,0.65,0.0,176.223,0.71,3.5,0.563,429857
2026-08-28,PRNR3,PRINER      ON      NM,Industrials,Engineering & Construction,17.66,1006746368.0,24.87324,5.0457144,1.8193057,0.5864431,6.405,0.12181,0.060149997,0.02554,0.18679,0.15795,0.65,0.0,176.223,0.71,3.5,0.563,432290
2026-08-29,PRNR3,PRINER      ON      NM,Industrials,Engineering & Construction,17.66,1006746368.0,24.87324,5.0457144,1.8193057,0.5864431,6.405,0.12181,0.060149997,0.02554,0.18679,0.15795,0.65,0.0,176.223,0.71,3.5,0.563,433069
2026-08-31,PRNR3,PRINER      ON      NM,Industrials,Engineering & Construction,17.6,1003325952.0,24.444445,5.0285716,1.8131247,0.5844507,6.416,0.12181,0.060149997,0.02554,0.18679,0.15795,0.65,0.0,176.223,0.72,3.5,0.563,433236
2026-09-01,PRNR3,PRINER      ON      NM,Industrials,Engineering & Construction,17.74,1011306944.0,24.985916,5.0685716,1.8275472,0.58909976,6.445,0.12181,0.060149997,0.02554,0.18679,0.15795,0.65,0.0,176.223,0.71,3.5,0.563,432614
2026-08-24,PSSA3,PORTO SEGUROON      NM,Financial Services,Insurance - Diversified,47.59,30504824832.0,8.378521,7.639887,1.9359694,0.672975,3.109,0.24169001,0.06057,0.08127,0.41588002,0.117060006,4.4,0.53029996,6.366,5.68,6.22915,0.426,1473587
2026-08-25,PSSA3,PORTO SEGUROON      NM,Financial Services,Insurance - Diversified,48.24,30921469952.0,8.492958,7.744235,1.9174815,0.6821667,3.232,0.24169001,0.06057,0.08127,0.41588002,0.117060006,4.31,0.53029996,6.366,5.68,6.22915,0.426,1480156
2026-08-27,PSSA3,PORTO SEGUROON      NM,Financial Services,Insurance - Diversified,48.54,31113766912.0,8.545775,7.7923956,1.9294062,0.686409,3.31,0.24169001,0.06057,0.08127,0.41588002,0.117060006,4.25,0.53029996,6.366,5.68,6.22915,0.426,1493243
2026-08-28,PSSA3,PORTO SEGUROON      NM,Financial Services,Insurance - Diversified,48.87,31325294592.0,8.603873,7.845372,1.9425231,0.6910756,3.322,0.24169001,0.06057,0.08127,0.41588002,0.117060006,4.24,0.53029996,6.366,5.68,6.22915,0.426,1495418
2026-08-29,PSSA3,PORTO SEGUROON      NM,Financial Services,Insurance - Diversified,48.87,31325294592.0,8.603873,7.845372,1.9425231,0.6910756,3.322,0.24169001,0.06057,0.08127,0.41588002,0.117060006,4.24,0.53029996,6.366,5.68,6.22915,0.426,1479104
2026-08-31,PSSA3,PORTO SEGUROON      NM,Financial Services,Insurance - Diversified,49.08,31459903488.0,8.640845,7.879085,1.9508705,0.69404525,3.412,0.24169001,0.06057,0.08127,0.41588002,0.117060006,4.2,0.53029996,6.366,5.68,6.22915,0.426,1473214
2026-09-01,PSSA3,PORTO SEGUROON      NM,Financial Services,Insurance - Diversified,49.42,31677839360.0,8.700705,7.9336667,1.9643849,0.6988532,3.453,0.24169001,0.06057,0.08127,0.41588002,0.117060006,4.18,0.53029996,6.366,5.68,6.22915,0.426,1475729
2026-08-24,QUAL3,QUALICORP   ON      NM,Healthcare,Healthcare Plans,1.63,461080512.0,11.642857,3.3271418,0.35581753,0.33633882,3.914,0.02096,0.05325,0.01903,0.87649,0.23667999,0.56,0.066300005,89.428,0.14,0.48991,0.487,3298507
2026-08-25,QUAL3,QUALICORP   ON      NM,Healthcare,Healthcare Plans,1.69,478052832.0,24.142859,3.4496133,0.3689151,0.34871942,3.931,0.02096,0.05325,0.01903,0.87649,0.23667999,0.55,0.1291,89.428,0.07,0.48991,0.487,3109120
2026-08-27,QUAL3,QUALICORP   ON      NM,Healthcare,Healthcare Plans,1.64,463909248.0,23.428572,3.3475535,0.35800046,0.33840227,3.94,0.02096,0.05325,0.01903,0.87649,0.23667999,0.53,0.1291,89.428,0.07,0.48991,0.487,3071143
2026-08-28,QUAL3,QUALICORP   ON      NM,Healthcare,Healthcare Plans,1.54,435622080.0,22.0,3.1434343,0.33617115,0.31776798,3.87,0.02096,0.05325,0.01903,0.87649,0.23667999,0.58,0.1291,89.428,0.07,0.48991,0.487,3132843
2026-08-29,QUAL3,QUALICORP   ON      NM,Healthcare,Healthcare Plans,1.54,435622080.0,22.0,3.1434343,0.33617115,0.31776798,3.87,0.02096,0.05325,0.01903,0.87649,0.23667999,0.58,0.1291,89.428,0.07,0.48991,0.487,3147033
2026-08-31,QUAL3,QUALICORP   ON      NM,Healthcare,Healthcare Plans,1.54,435622080.0,22.0,3.1434343,0.33617115,0.31776798,3.853,0.02096,0.05325,0.01903,0.87649,0.23667999,0.58,0.1291,89.428,0.07,0.48991,0.487,2934649
2026-09-01,QUAL3,QUALICORP   ON      NM,Healthcare,Healthcare Plans,1.48,418649792.0,21.142857,3.020963,0.32307357,0.3053874,3.801,0.02096,0.05325,0.01903,0.87649,0.23667999,0.58,0.1291,89.428,0.07,0.48991,0.487,2971175
2026-08-24,RADL3,RAIADROGASILON      NM,Healthcare,Pharmaceutical Retailers,18.32,32033181696.0,21.55294,15.695144,4.3639827,0.68838453,10.407,0.19993,0.077989995,0.02885,0.30298,0.08294,2.39,0.5186,117.862,0.85,1.16724,0.013,10845785
2026-08-25,RADL3,RAIADROGASILON      NM,Healthcare,Pharmaceutical Retailers,19.59,34253824000.0,23.047058,16.78318,4.6665077,0.73610556,10.357,0.19993,0.077989995,0.02885,0.30298,0.08294,2.4,0.5186,117.862,0.85,1.16724,0.013,10880634
2026-08-27,RADL3,RAIADROGASILON      NM,Healthcare,Pharmaceutical Retailers,19.31,33764233216.0,22.717646,16.543299,4.599809,0.7255844,10.805,0.19993,0.077989995,0.02885,0.30298,0.08294,2.24,0.5186,117.862,0.85,1.16724,0.013,10869330
2026-08-28,RADL3,RAIADROGASILON      NM,Healthcare,Pharmaceutical Retailers,19.36,33851662336.0,22.77647,16.586136,4.642686,0.7274632,10.846,0.19993,0.077989995,0.02885,0.30298,0.08294,2.27,0.5186,117.862,0.85,1.16724,0.013,10643568
2026-08-29,RADL3,RAIADROGASILON      NM,Healthcare,Pharmaceutical Retailers,19.36,33851662336.0,22.77647,16.586136,4.642686,0.7274632,10.846,0.19993,0.077989995,0.02885,0.30298,0.08294,2.27,0.5186,117.862,0.85,1.16724,0.013,10441903
2026-08-31,RADL3,RAIADROGASILON      NM,Healthcare,Pharmaceutical Retailers,19.6,34271309824.0,22.790697,16.791748,4.7002397,0.7364813,10.937,0.19993,0.077989995,0.02885,0.30298,0.08294,2.27,0.5186,117.862,0.86,1.16724,0.013,10200520
2026-09-01,RADL3,RAIADROGASILON      NM,Healthcare,Pharmaceutical Retailers,19.66,34376220672.0,23.129412,16.843151,4.714628,0.7387358,10.964,0.19993,0.077989995,0.02885,0.30298,0.08294,2.24,0.5186,117.862,0.85,1.16724,0.013,10166271
2026-08-24,RAIL3,RUMO S.A.   ON      NM,Industrials,Railroads,14.24,26425446400.0,21.575756,11.418034,1.8263434,1.8360935,6.701,0.0881,0.07068,0.085260004,0.4582,0.52243,0.76,0.16409999,201.104,0.66,1.24715,-0.087,11531715
2026-08-25,RAIL3,RUMO S.A.   ON      NM,Industrials,Railroads,14.53,26963605504.0,22.01515,11.650563,1.8635372,1.8734859,6.699,0.0881,0.07068,0.085260004,0.4582,0.52243,0.76,0.16409999,201.104,0.66,1.24715,-0.087,11597146
2026-08-27,RAIL3,RUMO S.A.   ON      NM,Industrials,Railroads,14.59,27074949120.0,22.10606,11.370456,1.8712325,1.8812222,6.77,0.0881,0.07068,0.085260004,0.4582,0.52243,0.75,0.16409999,201.104,0.66,1.28315,-0.087,11641649
2026-08-28,RAIL3,RUMO S.A.   ON      NM,Industrials,Railroads,14.88,27615232000.0,22.545454,11.596462,1.9084264,1.9187622,6.84,0.0881,0.07068,0.085260004,0.4582,0.52243,0.73,0.16409999,201.104,0.66,1.28315,-0.087,11756193
2026-08-29,RAIL3,RUMO S.A.   ON      NM,Industrials,Railroads,14.88,27615232000.0,22.545454,11.596462,1.9084264,1.9187622,6.84,0.0881,0.07068,0.085260004,0.4582,0.52243,0.73,0.16409999,201.104,0.66,1.28315,-0.087,11594880
2026-08-31,RAIL3,RUMO S.A.   ON      NM,Industrials,Railroads,15.08,27986405376.0,22.848484,11.752329,1.9340773,1.9445522,6.906,0.0881,0.07068,0.085260004,0.4582,0.52243,0.73,0.16409999,201.104,0.66,1.28315,-0.087,11490653
2026-09-01,RAIL3,RUMO S.A.   ON      NM,Industrials,Railroads,15.3,28394694656.0,23.181818,11.923781,1.9622933,1.9729209,6.96,0.0881,0.07068,0.085260004,0.4582,0.52243,0.72,0.16409999,201.104,0.66,1.28315,-0.087,11462059
2026-08-24,RANI3,IRANI       ON      NM,Consumer Cyclical,Packaging & Containers,7.83,1799002112.0,13.736842,5.514085,1.2266959,1.0637486,6.185,0.09207,0.043959998,0.07654,0.32132,0.27926,4.62,0.8362,137.965,0.57,1.42,-0.059,568362
2026-08-25,RANI3,IRANI       ON      NM,Consumer Cyclical,Packaging & Containers,7.78,1787514240.0,13.649123,5.4788737,1.2188627,1.0569558,6.228,0.09207,0.043959998,0.07654,0.32132,0.27926,4.57,0.8362,137.965,0.57,1.42,-0.059,571966
2026-08-27,RANI3,IRANI       ON      NM,Consumer Cyclical,Packaging & Containers,7.7,1769133568.0,13.508772,5.4225354,1.2063293,1.0460874,6.165,0.09207,0.043959998,0.07654,0.32132,0.27926,4.6,0.8362,137.965,0.57,1.42,-0.059,567723
2026-08-28,RANI3,IRANI       ON      NM,Consumer Cyclical,Packaging & Containers,7.72,1773728768.0,13.5438595,5.4366198,1.2094626,1.0488045,6.185,0.09207,0.043959998,0.07654,0.32132,0.27926,4.62,0.8362,137.965,0.57,1.42,-0.059,568076
2026-08-29,RANI3,IRANI       ON      NM,Consumer Cyclical,Packaging & Containers,7.72,1773728768.0,13.5438595,5.4366198,1.2094626,1.0488045,6.185,0.09207,0.043959998,0.07654,0.32132,0.27926,4.62,0.8362,137.965,0.57,1.42,-0.059,558507
2026-08-31,RANI3,IRANI       ON      NM,Consumer Cyclical,Packaging & Containers,7.56,1736967552.0,13.263158,5.3239436,1.2127044,1.0270677,6.097,0.09207,0.043959998,0.07654,0.32132,0.27926,4.63,0.8362,137.965,0.57,1.42,-0.059,538814
2026-09-01,RANI3,IRANI       ON      NM,Consumer Cyclical,Packaging & Containers,7.6,1746157824.0,13.333333,5.352113,1.2191209,1.0325018,6.116,0.09207,0.043959998,0.07654,0.32132,0.27926,4.73,0.8362,137.965,0.57,1.42,-0.059,547923
2026-08-24,RAPT4,RANDON PART PN      N1,Industrials,Farm & Heavy Construction Machinery,4.73,1649293184.0,,3.709804,0.530626,0.12623008,4.619,-0.01442,0.052249998,-0.026500002,0.2613,0.14657,0.88,0.0,211.467,-0.79,1.275,,2418346
2026-08-25,RAPT4,RANDON PART PN      N1,Industrials,Farm & Heavy Construction Machinery,4.81,1677188224.0,,3.7725492,0.5396007,0.12836504,4.623,-0.01442,0.052249998,-0.026500002,0.2613,0.14657,0.88,0.0,211.467,-0.79,1.275,,2421460
2026-08-27,RAPT4,RANDON PART PN      N1,Industrials,Farm & Heavy Construction Machinery,4.76,1659753856.0,,3.7333336,0.5339915,0.12703069,4.628,-0.01442,0.052249998,-0.026500002,0.2613,0.14657,0.88,0.0,211.467,-0.79,1.275,,2416060
2026-08-28,RAPT4,RANDON PART PN      N1,Industrials,Farm & Heavy Construction Machinery,4.83,1684161920.0,,3.7882352,0.5418443,0.12889878,4.639,-0.01442,0.052249998,-0.026500002,0.2613,0.14657,0.88,0.0,211.467,-0.79,1.275,,2400243
2026-08-29,RAPT4,RANDON PART PN      N1,Industrials,Farm & Heavy Construction Machinery,4.83,1684161920.0,,3.7882352,0.5418443,0.12889878,4.639,-0.01442,0.052249998,-0.026500002,0.2613,0.14657,0.88,0.0,211.467,-0.79,1.275,,2404968
2026-08-31,RAPT4,RANDON PART PN      N1,Industrials,Farm & Heavy Construction Machinery,4.81,1677188224.0,,3.7725492,0.5396007,0.12836504,4.638,-0.01442,0.052249998,-0.026500002,0.2613,0.14657,0.88,0.0,211.467,-0.79,1.275,,2397988
2026-09-01,RAPT4,RANDON PART PN      N1,Industrials,Farm & Heavy Construction Machinery,5.04,1757386368.0,,3.9529412,0.56540275,0.13450308,4.679,-0.01442,0.052249998,-0.026500002,0.2613,0.14657,0.88,0.0,211.467,-0.79,1.275,,2379965
2026-08-24,RCSL4,RECRUSUL    PN,Industrials,Specialty Industrial Machinery,0.75,95466880.0,12.5,,-4.213483,158.05775,-7.153,,-0.14183,0.0,-0.08113,0.0,,0.0,,0.06,,0.087,5291182
2026-08-25,RCSL4,RECRUSUL    PN,Industrials,Specialty Industrial Machinery,0.75,95466880.0,12.5,,-4.213483,158.05775,-7.153,,-0.14183,0.0,-0.08113,0.0,,0.0,,0.06,,0.087,5236169
2026-08-27,RCSL4,RECRUSUL    PN,Industrials,Specialty Industrial Machinery,0.57,72554832.0,9.5,,-3.2022471,312.73636,-12.665,,-0.11175,0.0,-0.27586,0.0,,0.0,,0.06,,0.087,5322621
2026-08-28,RCSL4,RECRUSUL    PN,Industrials,Specialty Industrial Machinery,0.41,52188560.0,6.8333335,,-2.3033707,224.95068,-11.151,,-0.11175,0.0,-0.27586,0.0,,0.0,,0.06,,0.087,5394103
2026-08-29,RCSL4,RECRUSUL    PN,Industrials,Specialty Industrial Machinery,0.41,52188560.0,6.8333335,,-2.3033707,224.95068,-11.151,,-0.11175,0.0,-0.27586,0.0,,0.0,,0.06,,0.087,5394103
2026-08-31,RCSL4,RECRUSUL    PN,Industrials,Specialty Industrial Machinery,0.39,49642776.0,6.5,,-2.1910112,213.97748,-9.257,,-0.11175,0.0,-0.27586,0.0,,0.0,,0.06,,0.087,5586779
2026-09-01,RCSL4,RECRUSUL    PN,Industrials,Specialty Industrial Machinery,0.41,52188560.0,6.8333335,,-2.3033707,224.95068,-9.636,,-0.11175,0.0,-0.27586,0.0,,0.0,,0.06,,0.087,5586473
2026-08-24,RDOR3,REDE D OR   ON      NM,Healthcare,Medical Care Facilities,34.52,75143192576.0,15.690909,12.837391,3.840249,1.3002275,7.223,0.19779,0.063540004,0.083450004,0.23066,0.21804,2.14,1.5008999,250.501,2.2,2.68902,0.617,7027923
2026-08-25,RDOR3,REDE D OR   ON      NM,Healthcare,Medical Care Facilities,36.07,78517231616.0,16.395454,13.403889,4.012682,1.3586097,7.27,0.19779,0.063540004,0.083450004,0.23066,0.21804,2.12,1.5008999,250.501,2.2,2.69101,0.617,7068362
2026-08-27,RDOR3,REDE D OR   ON      NM,Healthcare,Medical Care Facilities,35.3,76841091072.0,16.045454,13.117751,3.9270217,1.3296069,7.405,0.19779,0.063540004,0.083450004,0.23066,0.21804,2.03,1.5008999,250.501,2.2,2.69101,0.617,7041370
2026-08-28,RDOR3,REDE D OR   ON      NM,Healthcare,Medical Care Facilities,35.44,77145841664.0,16.10909,13.169776,3.9425962,1.33488,7.406,0.19779,0.063540004,0.083450004,0.23066,0.21804,2.08,1.5008999,250.501,2.2,2.69101,0.617,6989912
2026-08-29,RDOR3,REDE D OR   ON      NM,Healthcare,Medical Care Facilities,35.44,77145841664.0,16.10909,13.169776,3.9425962,1.33488,7.406,0.19779,0.063540004,0.083450004,0.23066,0.21804,2.08,1.5008999,250.501,2.2,2.69101,0.617,6750009
2026-08-31,RDOR3,REDE D OR   ON      NM,Healthcare,Medical Care Facilities,35.18,76579880960.0,16.137615,13.073158,3.9136722,1.3250871,7.384,0.19779,0.063540004,0.083450004,0.23066,0.21804,2.07,1.5008999,250.501,2.18,2.69101,0.617,6679603
2026-09-01,RDOR3,REDE D OR   ON      NM,Healthcare,Medical Care Facilities,35.68,77668278272.0,16.218182,13.258963,3.9692957,1.34392,7.47,0.19779,0.063540004,0.083450004,0.23066,0.21804,2.08,1.5008999,250.501,2.2,2.69101,0.617,6838012
2026-08-24,RECV3,PETRORECSA  ON  EJ  NM,Energy,Oil & Gas E&P,10.51,3079525120.0,6.182353,6.408341,0.695704,1.0323744,3.482,0.11252,0.05056,0.16734,0.32072,0.44928002,6.48,0.8032,72.213,1.7,1.64005,-0.22,2201804
2026-08-25,RECV3,PETRORECSA  ON  EJ  NM,Energy,Oil & Gas E&P,10.59,3102966016.0,6.2294116,6.45712,0.70099956,1.0402327,3.482,0.11252,0.05056,0.16734,0.32072,0.44928002,6.48,0.8032,72.213,1.7,1.64005,-0.22,2186742
2026-08-27,RECV3,PETRORECSA  ON  EJ  NM,Energy,Oil & Gas E&P,10.37,3038503936.0,6.1,6.3229775,0.6864367,1.0186225,3.499,0.11252,0.05056,0.16734,0.32072,0.44928002,6.44,0.8032,72.213,1.7,1.64005,-0.22,2157175
2026-08-28,RECV3,PETRORECSA  ON  EJ  NM,Energy,Oil & Gas E&P,10.63,3119714816.0,6.252941,6.4815097,0.7036473,1.0458474,3.514,0.11252,0.05056,0.16734,0.32072,0.44928002,6.39,0.8032,72.213,1.7,1.64005,-0.22,2154123
2026-08-29,RECV3,PETRORECSA  ON  EJ  NM,Energy,Oil & Gas E&P,10.63,3119714816.0,6.252941,6.4815097,0.7036473,1.0458474,3.514,0.11252,0.05056,0.16734,0.32072,0.44928002,6.39,0.8032,72.213,1.7,1.64005,-0.22,2147309
2026-08-31,RECV3,PETRORECSA  ON      NM,Energy,Oil & Gas E&P,10.89,3196020224.0,6.4058824,6.6400414,0.72085786,1.071428,3.565,0.11252,0.05056,0.16734,0.32072,0.44928002,6.41,0.8032,72.213,1.7,1.64005,-0.22,2106426
2026-09-01,RECV3,PETRORECSA  ON      NM,Energy,Oil & Gas E&P,11.32,3322217472.0,6.658823,6.9022284,0.74932146,1.1137341,3.659,0.11252,0.05056,0.16734,0.32072,0.44928002,6.26,0.8032,72.213,1.7,1.64005,-0.22,2119762
2026-08-24,RENT3,LOCALIZA    ON      NM,Industrials,Rental & Leasing Services,33.7,37225525248.0,10.698413,7.316719,1.402764,0.80308115,8.332,0.13011,0.06274,0.07387,0.21166,0.19107,6.31,0.6625,171.495,3.15,4.60589,0.244,8506287
2026-08-25,RENT3,LOCALIZA    ON      NM,Industrials,Rental & Leasing Services,35.65,39379521536.0,11.31746,7.74009,1.4529672,0.8495502,8.305,0.13011,0.06274,0.07387,0.21166,0.19107,6.35,0.6625,171.495,3.15,4.60589,0.244,8537026
2026-08-27,RENT3,LOCALIZA    ON      NM,Industrials,Rental & Leasing Services,35.4,39103369216.0,11.238095,7.6858115,1.4427781,0.84359264,8.517,0.13011,0.06274,0.07387,0.21166,0.19107,6.0,0.6625,171.495,3.15,4.60589,0.244,8632434
2026-08-28,RENT3,LOCALIZA    ON      NM,Industrials,Rental & Leasing Services,34.81,38451646464.0,11.050794,7.557715,1.4187318,0.82953274,8.475,0.13011,0.06274,0.07387,0.21166,0.19107,6.11,0.6625,171.495,3.15,4.60589,0.244,8738428
2026-08-29,RENT3,LOCALIZA    ON      NM,Industrials,Rental & Leasing Services,34.81,38451646464.0,11.050794,7.557715,1.4187318,0.82953274,8.475,0.13011,0.06274,0.07387,0.21166,0.19107,6.11,0.6625,171.495,3.15,4.60589,0.244,8530506
2026-08-31,RENT3,LOCALIZA    ON      NM,Industrials,Rental & Leasing Services,35.07,38738845696.0,11.133333,7.614164,1.4293283,0.83572865,8.476,0.13011,0.06274,0.07387,0.21166,0.19107,6.15,0.6625,171.495,3.15,4.60589,0.244,8418352
2026-09-01,RENT3,LOCALIZA    ON      NM,Industrials,Rental & Leasing Services,34.64,38263861248.0,10.996825,7.520805,1.4118031,0.8254816,8.422,0.13011,0.06274,0.07387,0.21166,0.19107,6.1,0.6625,171.495,3.15,4.60589,0.244,8411431
2026-08-24,RIAA3,RIACHUELO   ON      NM,Consumer Cyclical,Apparel Manufacturing,6.82,3424070144.0,2.2287583,5.1086144,0.6337112,0.32089534,4.968,0.28024,0.043530002,0.14353,0.61252,0.11246,49.45,1.101,67.989,3.06,1.335,0.564,1207532
2026-08-25,RIAA3,RIACHUELO   ON      NM,Consumer Cyclical,Apparel Manufacturing,7.05,3539544576.0,2.3039217,5.280899,0.6550827,0.33171734,4.968,0.28024,0.043530002,0.14353,0.61252,0.11246,49.45,1.101,67.989,3.06,1.335,0.564,1216459
2026-08-27,RIAA3,RIACHUELO   ON      NM,Consumer Cyclical,Apparel Manufacturing,6.91,3469255424.0,2.25817,5.1760297,0.6420739,0.32513002,5.005,0.28024,0.043530002,0.14353,0.61252,0.11246,47.84,1.101,67.989,3.06,1.335,0.564,1227826
2026-08-28,RIAA3,RIACHUELO   ON      NM,Consumer Cyclical,Apparel Manufacturing,6.93,3479296768.0,2.264706,5.191011,0.64393234,0.32607105,5.01,0.28024,0.043530002,0.14353,0.61252,0.11246,48.74,1.101,67.989,3.06,1.335,0.564,1228210
2026-08-29,RIAA3,RIACHUELO   ON      NM,Consumer Cyclical,Apparel Manufacturing,6.93,3479296768.0,2.264706,5.191011,0.64393234,0.32607105,5.01,0.28024,0.043530002,0.14353,0.61252,0.11246,48.74,1.101,67.989,3.06,1.335,0.564,1233671
2026-08-31,RIAA3,RIACHUELO   ON      NM,Consumer Cyclical,Apparel Manufacturing,7.03,3529503232.0,2.2973857,5.265918,0.65322435,0.33077627,5.056,0.28024,0.043530002,0.14353,0.61252,0.11246,48.67,1.101,67.989,3.06,1.335,0.564,1226651
2026-09-01,RIAA3,RIACHUELO   ON      NM,Consumer Cyclical,Apparel Manufacturing,7.24,3634936320.0,2.366013,5.4232206,0.67273736,0.3406572,5.143,0.28024,0.043530002,0.14353,0.61252,0.11246,47.97,1.101,67.989,3.06,1.335,0.564,1232501
2026-08-24,SANB11,SANTANDER BRUNT,Financial Services,Banks - Regional,29.65,159323684864.0,14.491691,6.497363,0.87216145,3.2995284,,0.11151,0.01112,0.28664,0.0,0.0,7.24,,,2.046,4.56339,0.178,4653232
2026-08-25,SANB11,SANTANDER BRUNT,Financial Services,Banks - Regional,29.69,159538626560.0,14.511242,6.506129,0.8733381,3.3039796,,0.11151,0.01112,0.28664,0.0,0.0,7.21,,,2.046,4.56339,0.178,4716311
2026-08-27,SANB11,SANTANDER BRUNT,Financial Services,Banks - Regional,29.73,159753551872.0,14.530791,6.5148935,0.8745147,3.3084307,,0.11151,0.01112,0.28664,0.0,0.0,7.2,,,2.046,4.56339,0.178,4718144
2026-08-28,SANB11,SANTANDER BRUNT,Financial Services,Banks - Regional,30.01,161258127360.0,14.6676445,6.6617093,0.882751,3.3395898,,0.11151,0.01112,0.28664,0.0,0.0,7.26,,,2.046,4.50485,0.178,4702134
2026-08-29,SANB11,SANTANDER BRUNT,Financial Services,Banks - Regional,30.01,161258127360.0,14.6676445,6.6617093,0.882751,3.3395898,,0.11151,0.01112,0.28664,0.0,0.0,7.26,,,2.046,4.50485,0.178,4724926
2026-08-31,SANB11,SANTANDER BRUNT,Financial Services,Banks - Regional,29.56,158840061952.0,14.447702,6.5618167,0.8695141,3.2895126,,0.11151,0.01112,0.28664,0.0,0.0,7.13,,,2.046,4.50485,0.178,4744780
2026-09-01,SANB11,SANTANDER BRUNT,Financial Services,Banks - Regional,29.34,157657907200.0,14.340176,6.5129805,0.8630428,3.2650309,,0.11151,0.01112,0.28664,0.0,0.0,7.24,,,2.046,4.50485,0.178,4730932
2026-08-24,SAPR11,SANEPAR     UNT     N2,Utilities,Utilities - Regulated Water,33.2,10034401280.0,41.03832,6.2464724,0.81264997,1.3303572,4.333,0.03812,0.059120003,0.06036,0.57507,0.38646,3.32,,59.898,0.809,5.315,0.146,1265457
2026-08-25,SAPR11,SANEPAR     UNT     N2,Utilities,Utilities - Regulated Water,33.65,10170409984.0,41.594563,6.3311386,0.8236648,1.3483891,4.33,0.03812,0.059120003,0.06036,0.57507,0.38646,3.33,,59.898,0.809,5.315,0.146,1278736
2026-08-27,SAPR11,SANEPAR     UNT     N2,Utilities,Utilities - Regulated Water,33.26,10052535296.0,41.11248,6.2577605,0.8141185,1.3327614,4.377,0.03812,0.059120003,0.06036,0.57507,0.38646,3.28,,59.898,0.809,5.315,0.146,1294666
2026-08-28,SAPR11,SANEPAR     UNT     N2,Utilities,Utilities - Regulated Water,33.2,10034401280.0,41.03832,6.2464724,0.8290259,1.3303572,4.347,0.03812,0.059120003,0.06036,0.57507,0.38646,3.31,,59.898,0.809,5.315,0.146,1304376
2026-08-29,SAPR11,SANEPAR     UNT     N2,Utilities,Utilities - Regulated Water,33.2,10034401280.0,41.03832,6.2464724,0.8290259,1.3303572,4.347,0.03812,0.059120003,0.06036,0.57507,0.38646,3.31,,59.898,0.809,5.315,0.146,1302128
2026-08-31,SAPR11,SANEPAR     UNT     N2,Utilities,Utilities - Regulated Water,33.52,10131118080.0,41.43387,6.3066792,0.8370165,1.3431798,4.363,0.03812,0.059120003,0.06036,0.57507,0.38646,3.33,,59.898,0.809,5.315,0.146,1251031
2026-09-01,SAPR11,SANEPAR     UNT     N2,Utilities,Utilities - Regulated Water,33.64,10167387136.0,41.5822,6.3292565,0.84001297,1.3479884,4.376,0.03812,0.059120003,0.06036,0.57507,0.38646,3.3,,59.898,0.809,5.315,0.146,1248709
2026-08-24,SAUD3,BRADSAUDE   ON      NM,Healthcare,Healthcare Plans,13.93,40723902464.0,12.327434,9.245555,2.1769025,3.811605,15.806,0.10538,0.050329998,0.09865,0.29356,0.16408001,4.19,0.5155,1.095,1.13,1.50667,0.488,4630704
2026-08-25,SAUD3,BRADSAUDE   ON      NM,Healthcare,Healthcare Plans,13.9,40636198912.0,12.300884,9.225643,2.1722143,3.8033962,15.823,0.10538,0.050329998,0.09865,0.29356,0.16408001,4.18,0.5155,1.095,1.13,1.50667,0.488,4632684
2026-08-27,SAUD3,BRADSAUDE   ON      NM,Healthcare,Healthcare Plans,14.0,40928546816.0,12.38938,9.292015,2.187842,3.8307588,15.94,0.10538,0.050329998,0.09865,0.29356,0.16408001,4.19,0.5155,1.095,1.13,1.50667,0.488,4438760
2026-08-28,SAUD3,BRADSAUDE   ON      NM,Healthcare,Healthcare Plans,14.03,41016250368.0,12.415929,9.270946,2.19253,3.8389676,16.007,0.10538,0.050329998,0.09865,0.29356,0.16408001,4.15,0.5155,1.095,1.13,1.51333,0.488,4406875
2026-08-29,SAUD3,BRADSAUDE   ON      NM,Healthcare,Healthcare Plans,14.03,41016250368.0,12.415929,9.270946,2.19253,3.8389676,16.007,0.10538,0.050329998,0.09865,0.29356,0.16408001,4.15,0.5155,1.095,1.13,1.51333,0.488,4445377
2026-08-31,SAUD3,BRADSAUDE   ON      NM,Healthcare,Healthcare Plans,13.87,40548495360.0,12.274336,9.165218,2.167526,3.7951875,15.723,0.10538,0.050329998,0.09865,0.29356,0.16408001,4.15,0.5155,1.095,1.13,1.51333,0.488,4431892
2026-09-01,SAUD3,BRADSAUDE   ON      NM,Healthcare,Healthcare Plans,13.95,40782372864.0,12.345133,8.956661,2.180028,3.8170776,15.856,0.10538,0.050329998,0.09865,0.29356,0.16408001,4.2,0.5155,1.095,1.13,1.5575,0.488,4611806
2026-08-24,SBFG3,GRUPO SBF   ON      NM,Consumer Cyclical,Specialty Retail,8.18,1886831616.0,4.5444446,3.606877,0.5514731,0.22546,5.879,0.13704,0.04632,0.05005,0.48824,0.09478,6.62,0.3016,99.91,1.8,2.26789,0.56,2118521
2026-08-25,SBFG3,GRUPO SBF   ON      NM,Consumer Cyclical,Specialty Retail,8.51,1962950656.0,4.727778,3.7523868,0.57372075,0.23455556,5.873,0.13704,0.04632,0.05005,0.48824,0.09478,6.64,0.3016,99.91,1.8,2.26789,0.56,2119406
2026-08-27,SBFG3,GRUPO SBF   ON      NM,Consumer Cyclical,Specialty Retail,8.31,1916817920.0,4.616667,3.664199,0.56023735,0.2290431,5.911,0.13704,0.04632,0.05005,0.48824,0.09478,6.38,0.3016,99.91,1.8,2.26789,0.56,2106942
2026-08-28,SBFG3,GRUPO SBF   ON      NM,Consumer Cyclical,Specialty Retail,8.34,1923737856.0,4.6333337,3.677427,0.60051847,0.22986996,5.916,0.13704,0.04632,0.05005,0.48824,0.09478,6.52,0.3016,99.91,1.8,2.26789,0.56,2091606
2026-08-29,SBFG3,GRUPO SBF   ON      NM,Consumer Cyclical,Specialty Retail,8.34,1923737856.0,4.6333337,3.677427,0.60051847,0.22986996,5.916,0.13704,0.04632,0.05005,0.48824,0.09478,6.52,0.3016,99.91,1.8,2.26789,0.56,2095390
2026-08-31,SBFG3,GRUPO SBF   ON      NM,Consumer Cyclical,Specialty Retail,8.23,1898364672.0,4.572222,3.6289237,0.5925979,0.2268381,5.887,0.13704,0.04632,0.05005,0.48824,0.09478,6.51,0.3016,99.91,1.8,2.26789,0.56,2100406
2026-09-01,SBFG3,GRUPO SBF   ON      NM,Consumer Cyclical,Specialty Retail,8.62,1988323712.0,4.788889,3.8008897,0.62067974,0.23758742,6.001,0.13704,0.04632,0.05005,0.48824,0.09478,6.6,0.3016,99.91,1.8,2.26789,0.56,2112587
2026-08-24,SBSP3,SABESP      ON      NM,Utilities,Utilities - Regulated Water,23.86,83908599808.0,10.025209,9.656401,1.8610094,2.0528066,7.758,0.18792,0.0777,0.1967,0.35729998,0.37222,5.97,0.2923,114.009,2.38,2.4709,0.087,16163342
2026-08-25,SBSP3,SABESP      ON      NM,Utilities,Utilities - Regulated Water,24.69,86827466752.0,10.373949,9.992311,1.9257468,2.124216,7.783,0.18792,0.0777,0.1967,0.35729998,0.37222,5.94,0.2923,114.009,2.38,2.4709,0.087,16619428
2026-08-27,SBSP3,SABESP      ON      NM,Utilities,Utilities - Regulated Water,25.06,88128643072.0,10.529411,10.101702,1.9546057,2.156049,8.061,0.18792,0.0777,0.1967,0.35729998,0.37222,5.74,0.2923,114.009,2.38,2.48077,0.087,16793728
2026-08-28,SBSP3,SABESP      ON      NM,Utilities,Utilities - Regulated Water,25.24,88761655296.0,10.6050415,10.17426,1.9686452,2.1715355,8.066,0.18792,0.0777,0.1967,0.35729998,0.37222,5.65,0.2923,114.009,2.38,2.48077,0.087,16992431
2026-08-29,SBSP3,SABESP      ON      NM,Utilities,Utilities - Regulated Water,25.24,88761655296.0,10.6050415,10.17426,1.9686452,2.1715355,8.066,0.18792,0.0777,0.1967,0.35729998,0.37222,5.65,0.2923,114.009,2.38,2.48077,0.087,16813265
2026-08-31,SBSP3,SABESP      ON      NM,Utilities,Utilities - Regulated Water,25.28,88902328320.0,10.621848,10.190384,1.9717652,2.174977,8.112,0.18792,0.0777,0.1967,0.35729998,0.37222,5.62,0.2923,114.009,2.38,2.48077,0.087,17000264
2026-09-01,SBSP3,SABESP      ON      NM,Utilities,Utilities - Regulated Water,25.1,88269316096.0,10.546218,10.117826,1.9577256,2.1594906,8.071,0.18792,0.0777,0.1967,0.35729998,0.37222,5.61,0.2923,114.009,2.38,2.48077,0.087,17095825
2026-08-24,SEER3,SER EDUCA   ON      NM,Consumer Defensive,Education & Training Services,11.75,1504475520.0,5.5424533,4.70237,1.0606607,0.65608686,4.05,0.19143999,0.096499994,0.11847,0.59962004,0.27454,3.65,0.22540002,91.701,2.12,2.49874,0.173,706087
2026-08-25,SEER3,SER EDUCA   ON      NM,Consumer Defensive,Education & Training Services,12.03,1540326784.0,5.6745286,4.8144264,1.0109243,0.6717213,4.182,0.19143999,0.096499994,0.11847,0.59962004,0.27454,3.45,0.22540002,91.701,2.12,2.49874,0.173,711841
2026-08-27,SEER3,SER EDUCA   ON      NM,Consumer Defensive,Education & Training Services,11.81,1512158080.0,5.570755,4.7263823,0.99243706,0.6594372,4.239,0.19143999,0.096499994,0.11847,0.59962004,0.27454,3.37,0.22540002,91.701,2.12,2.49874,0.173,755811
2026-08-28,SEER3,SER EDUCA   ON      NM,Consumer Defensive,Education & Training Services,12.17,1558252544.0,5.7405663,4.870455,1.0226891,0.6795385,4.216,0.19143999,0.096499994,0.11847,0.59962004,0.27454,3.4,0.22540002,91.701,2.12,2.49874,0.173,848395
2026-08-29,SEER3,SER EDUCA   ON      NM,Consumer Defensive,Education & Training Services,12.17,1558252544.0,5.7405663,4.870455,1.0226891,0.6795385,4.216,0.19143999,0.096499994,0.11847,0.59962004,0.27454,3.4,0.22540002,91.701,2.12,2.49874,0.173,849542
2026-08-31,SEER3,SER EDUCA   ON      NM,Consumer Defensive,Education & Training Services,12.54,1605627520.0,5.915095,5.0185294,1.0537815,0.70019823,4.343,0.19143999,0.096499994,0.11847,0.59962004,0.27454,3.33,0.22540002,91.701,2.12,2.49874,0.173,878201
2026-09-01,SEER3,SER EDUCA   ON      NM,Consumer Defensive,Education & Training Services,13.21,1691414656.0,6.2311325,5.309379,1.110084,0.7376092,4.479,0.19143999,0.096499994,0.11847,0.59962004,0.27454,3.23,0.22540002,91.701,2.12,2.48805,0.173,907496
2026-08-24,SIMH3,SIMPAR      ON      NM,Industrials,Rental & Leasing Services,6.24,3642657792.0,,1.987261,0.6259404,0.08073991,4.107,-0.0023100001,0.06028,-0.00404,0.26711,0.28645,2.8,1.3987,605.131,-0.07,3.14,0.22,2482560
2026-08-25,SIMH3,SIMPAR      ON      NM,Industrials,Rental & Leasing Services,6.56,3829460992.0,,2.089172,0.6580399,0.08488042,4.113,-0.0023100001,0.06028,-0.00404,0.26711,0.28645,2.75,1.3987,605.131,-0.07,3.14,0.22,2482623
2026-08-27,SIMH3,SIMPAR      ON      NM,Industrials,Rental & Leasing Services,6.46,3771085056.0,,2.057325,0.6480088,0.08358651,4.123,-0.0023100001,0.06028,-0.00404,0.26711,0.28645,2.61,1.3987,605.131,-0.07,3.14,0.22,2490200
2026-08-28,SIMH3,SIMPAR      ON      NM,Industrials,Rental & Leasing Services,6.54,3817785856.0,,2.0828025,0.6560337,0.08462164,4.126,-0.0023100001,0.06028,-0.00404,0.26711,0.28645,2.62,1.3987,605.131,-0.07,3.14,0.22,2499687
2026-08-29,SIMH3,SIMPAR      ON      NM,Industrials,Rental & Leasing Services,6.54,3817785856.0,,2.0828025,0.6560337,0.08462164,4.126,-0.0023100001,0.06028,-0.00404,0.26711,0.28645,2.62,1.3987,605.131,-0.07,3.14,0.22,2491901
2026-08-31,SIMH3,SIMPAR      ON      NM,Industrials,Rental & Leasing Services,6.6,3852811264.0,,2.1019108,0.66205233,0.08539798,4.129,-0.0023100001,0.06028,-0.00404,0.26711,0.28645,2.62,1.3987,605.131,-0.07,3.14,0.22,2475471
2026-09-01,SIMH3,SIMPAR      ON      NM,Industrials,Rental & Leasing Services,6.89,4022101504.0,,2.1942675,0.69114256,0.08915032,4.142,-0.0023100001,0.06028,-0.00404,0.26711,0.28645,2.6,1.3987,605.131,-0.07,3.14,0.22,2484754
2026-08-24,SLCE3,SLC AGRICOLAON      NM,Consumer Defensive,Farm Products,15.74,7807296512.0,25.387096,11.174691,1.4400731,0.88688207,8.138,0.069749996,0.06406,0.044120003,0.35002,0.26127002,8.12,1.2901,181.777,0.62,1.40854,0.09,3116607
2026-08-25,SLCE3,SLC AGRICOLAON      NM,Consumer Defensive,Farm Products,15.91,7891619328.0,25.66129,11.295383,1.4556266,0.89646083,8.105,0.069749996,0.06406,0.044120003,0.35002,0.26127002,8.2,1.2901,181.777,0.62,1.40854,0.09,3146552
2026-08-27,SLCE3,SLC AGRICOLAON      NM,Consumer Defensive,Farm Products,16.29,8080106496.0,26.274195,11.565167,1.4903934,0.9178723,8.142,0.069749996,0.06406,0.044120003,0.35002,0.26127002,8.11,1.2901,181.777,0.62,1.40854,0.09,3172369
2026-08-28,SLCE3,SLC AGRICOLAON      NM,Consumer Defensive,Farm Products,15.77,7822177792.0,25.435484,11.195991,1.4428179,0.8885725,8.164,0.069749996,0.06406,0.044120003,0.35002,0.26127002,8.06,1.2901,181.777,0.62,1.40854,0.09,3172673
2026-08-29,SLCE3,SLC AGRICOLAON      NM,Consumer Defensive,Farm Products,15.77,7822177792.0,25.435484,11.195991,1.4428179,0.8885725,8.164,0.069749996,0.06406,0.044120003,0.35002,0.26127002,8.06,1.2901,181.777,0.62,1.40854,0.09,3149058
2026-08-31,SLCE3,SLC AGRICOLAON      NM,Consumer Defensive,Farm Products,16.07,7970981888.0,25.919353,11.408977,1.4702653,0.90547615,8.177,0.069749996,0.06406,0.044120003,0.35002,0.26127002,8.19,1.2901,181.777,0.62,1.40854,0.09,3117515
2026-09-01,SLCE3,SLC AGRICOLAON      NM,Consumer Defensive,Farm Products,16.31,8090025984.0,26.30645,11.579366,1.4922231,0.91899914,8.228,0.069749996,0.06406,0.044120003,0.35002,0.26127002,8.03,1.2901,181.777,0.62,1.40854,0.09,3144157
2026-08-24,SMFT3,SMART FIT   ON      NM,Consumer Cyclical,Leisure,17.6,10801305600.0,16.0,8.704382,1.784447,1.3415158,8.496,0.11691,0.0598,0.085260004,0.43198,0.31749,6.38,0.9437,224.303,1.1,2.02197,0.339,6146395
2026-08-25,SMFT3,SMART FIT   ON      NM,Consumer Cyclical,Leisure,17.45,10709249024.0,15.863637,8.630198,1.7692387,1.3300824,8.566,0.11691,0.0598,0.085260004,0.43198,0.31749,6.28,0.9437,224.303,1.1,2.02197,0.339,6188231
2026-08-27,SMFT3,SMART FIT   ON      NM,Consumer Cyclical,Leisure,17.3,10617191424.0,15.727272,8.556012,1.7540301,1.3186489,8.53,0.11691,0.0598,0.085260004,0.43198,0.31749,6.33,0.9437,224.303,1.1,2.02197,0.339,6459803
2026-08-28,SMFT3,SMART FIT   ON      NM,Consumer Cyclical,Leisure,16.82,10322611200.0,15.290909,8.31862,1.7053635,1.2820622,8.429,0.11691,0.0598,0.085260004,0.43198,0.31749,6.49,0.9437,224.303,1.1,2.02197,0.339,6518045
2026-08-29,SMFT3,SMART FIT   ON      NM,Consumer Cyclical,Leisure,16.82,10322611200.0,15.290909,8.31862,1.7053635,1.2820622,8.429,0.11691,0.0598,0.085260004,0.43198,0.31749,6.49,0.9437,224.303,1.1,2.02197,0.339,6555738
2026-08-31,SMFT3,SMART FIT   ON      NM,Consumer Cyclical,Leisure,16.81,10316473344.0,15.281817,8.313674,1.7043495,1.2812998,8.376,0.11691,0.0598,0.085260004,0.43198,0.31749,6.57,0.9437,224.303,1.1,2.02197,0.339,6748409
2026-09-01,SMFT3,SMART FIT   ON      NM,Consumer Cyclical,Leisure,17.22,10568094720.0,15.654545,8.516446,1.745919,1.3125511,8.475,0.11691,0.0598,0.085260004,0.43198,0.31749,6.57,0.9437,224.303,1.1,2.02197,0.339,6802750
2026-08-24,SMTO3,SAO MARTINHOON      NM,Basic Materials,Specialty Chemicals,19.27,6219841024.0,7.8653064,9.984456,0.84328914,0.87571347,4.299,0.11342,0.03453,0.114250004,0.258,0.43493,1.18,0.2745,165.268,2.45,1.93,-0.193,1848740
2026-08-25,SMTO3,SAO MARTINHOON      NM,Basic Materials,Specialty Chemicals,18.46,5958394368.0,7.5346932,9.564767,0.8078421,0.8389035,4.389,0.11342,0.03453,0.114250004,0.258,0.43493,1.12,0.2745,165.268,2.45,1.93,-0.193,1906526
2026-08-27,SMTO3,SAO MARTINHOON      NM,Basic Materials,Specialty Chemicals,18.63,6013265920.0,7.604081,9.652849,0.81528157,0.846629,4.322,0.11342,0.03453,0.114250004,0.258,0.43493,1.17,0.2745,165.268,2.45,1.93,-0.193,1934270
2026-08-28,SMTO3,SAO MARTINHOON      NM,Basic Materials,Specialty Chemicals,18.58,5997127680.0,7.5836735,9.626944,0.81309354,0.8443569,4.347,0.11342,0.03453,0.114250004,0.258,0.43493,1.15,0.2745,165.268,2.45,1.93,-0.193,1932710
2026-08-29,SMTO3,SAO MARTINHOON      NM,Basic Materials,Specialty Chemicals,18.58,5997127680.0,7.5836735,9.626944,0.81309354,0.8443569,4.347,0.11342,0.03453,0.114250004,0.258,0.43493,1.15,0.2745,165.268,2.45,1.93,-0.193,1912607
2026-08-31,SMTO3,SAO MARTINHOON      NM,Basic Materials,Specialty Chemicals,19.75,6374772224.0,8.061224,10.233161,0.86429477,0.8975268,4.439,0.11342,0.03453,0.114250004,0.258,0.43493,1.17,0.2745,165.268,2.45,1.93,-0.193,1905142
2026-09-01,SMTO3,SAO MARTINHOON      NM,Basic Materials,Specialty Chemicals,21.21,6846021120.0,8.657143,10.989637,0.9281869,0.9638756,4.591,0.11342,0.03453,0.114250004,0.258,0.43493,1.1,0.2745,165.268,2.45,1.93,-0.193,1918967
2026-08-24,SOJA3,BOA SAFRA   ON      NM,Basic Materials,Agricultural Inputs,6.66,939472256.0,22.965517,6.856366,0.7057327,0.35526565,9.57,0.04632,0.02466,0.0089300005,0.12087,0.07085,6.88,1.0341,146.554,0.29,0.97136,,778576
2026-08-25,SOJA3,BOA SAFRA   ON      NM,Basic Materials,Agricultural Inputs,6.89,971916480.0,23.758621,7.0931473,0.73010486,0.36753458,9.781,0.04632,0.02466,0.0089300005,0.12087,0.07085,6.59,1.0341,146.554,0.29,0.97136,,770028
2026-08-27,SOJA3,BOA SAFRA   ON      NM,Basic Materials,Agricultural Inputs,6.7,945114752.0,23.103449,6.8975453,0.70997137,0.35739937,9.811,0.04632,0.02466,0.0089300005,0.12087,0.07085,6.37,1.0341,146.554,0.29,0.97136,,771325
2026-08-28,SOJA3,BOA SAFRA   ON      NM,Basic Materials,Agricultural Inputs,6.91,974737728.0,23.827587,7.113737,0.73222417,0.36860144,9.939,0.04632,0.02466,0.0089300005,0.12087,0.07085,6.39,1.0341,146.554,0.29,0.97136,,763798
2026-08-29,SOJA3,BOA SAFRA   ON      NM,Basic Materials,Agricultural Inputs,6.91,974737728.0,23.827587,7.113737,0.73222417,0.36860144,9.939,0.04632,0.02466,0.0089300005,0.12087,0.07085,6.39,1.0341,146.554,0.29,0.97136,,763334
2026-08-31,SOJA3,BOA SAFRA   ON      NM,Basic Materials,Agricultural Inputs,6.9,973327168.0,23.793104,7.1034427,0.7311646,0.36806804,9.962,0.04632,0.02466,0.0089300005,0.12087,0.07085,6.36,1.0341,146.554,0.29,0.97136,,756418
2026-09-01,SOJA3,BOA SAFRA   ON      NM,Basic Materials,Agricultural Inputs,7.68,1083355392.0,26.48276,7.9064403,0.8138179,0.4096757,10.549,0.04632,0.02466,0.0089300005,0.12087,0.07085,6.36,1.0341,146.554,0.29,0.97136,,746551
2026-08-24,SUZB3,SUZANO S.A. ON      NM,Basic Materials,Paper & Paper Products,46.32,57045893120.0,7.050228,6.3517222,1.3066659,1.1927946,6.485,0.17604999,0.03154,0.1708,0.29057,0.41513002,2.49,0.1707,199.419,6.57,7.29251,0.023,6134682
2026-08-25,SUZB3,SUZANO S.A. ON      NM,Basic Materials,Paper & Paper Products,46.34,57070522368.0,7.0532722,6.354465,1.3072301,1.1933095,6.569,0.17604999,0.03154,0.1708,0.29057,0.41513002,2.42,0.1707,199.419,6.57,7.29251,0.023,6189396
2026-08-27,SUZB3,SUZANO S.A. ON      NM,Basic Materials,Paper & Paper Products,46.15,56836530176.0,7.024353,6.328411,1.3018703,1.188417,6.558,0.17604999,0.03154,0.1708,0.29057,0.41513002,2.42,0.1707,199.419,6.57,7.29251,0.023,6224856
2026-08-28,SUZB3,SUZANO S.A. ON      NM,Basic Materials,Paper & Paper Products,45.99,56639479808.0,7.0,6.306471,1.2973567,1.1842967,6.574,0.17604999,0.03154,0.1708,0.29057,0.41513002,2.43,0.1707,199.419,6.57,7.29251,0.023,6303893
2026-08-29,SUZB3,SUZANO S.A. ON      NM,Basic Materials,Paper & Paper Products,45.99,56639479808.0,7.0,6.306471,1.2973567,1.1842967,6.574,0.17604999,0.03154,0.1708,0.29057,0.41513002,2.43,0.1707,199.419,6.57,7.29251,0.023,6194819
2026-08-31,SUZB3,SUZANO S.A. ON      NM,Basic Materials,Paper & Paper Products,45.3,55789699072.0,7.001546,6.211853,1.2778921,1.1665283,6.505,0.17604999,0.03154,0.1708,0.29057,0.41513002,2.44,0.1707,199.419,6.47,7.29251,0.023,6199315
2026-09-01,SUZB3,SUZANO S.A. ON      NM,Basic Materials,Paper & Paper Products,45.76,56356216832.0,6.964992,6.274931,1.2908685,1.1783739,6.534,0.17604999,0.03154,0.1708,0.29057,0.41513002,2.47,0.1707,199.419,6.57,7.29251,0.023,6164243
2026-08-24,SYNE3,SYN PROP TECON      NM,Real Estate,Real Estate Services,3.59,547993536.0,9.972221,11.966666,0.79092306,1.6257076,11.327,0.04381,0.03076,0.16156,0.55615,0.47799,71.3,7.2436,50.207,0.36,0.3,0.272,361140
2026-08-25,SYNE3,SYN PROP TECON      NM,Real Estate,Real Estate Services,3.69,563258048.0,10.25,12.299999,0.8129544,1.6709921,11.299,0.04381,0.03076,0.16156,0.55615,0.47799,71.9,7.2436,50.207,0.36,0.3,0.272,362607
2026-08-27,SYNE3,SYN PROP TECON      NM,Real Estate,Real Estate Services,3.6,549520000.0,9.999999,11.999999,0.7931262,1.6302361,11.394,0.04381,0.03076,0.16156,0.55615,0.47799,69.95,7.2436,50.207,0.36,0.3,0.272,364400
2026-08-28,SYNE3,SYN PROP TECON      NM,Real Estate,Real Estate Services,3.67,560205120.0,10.194445,12.233333,0.80854815,1.6619352,11.365,0.04381,0.03076,0.16156,0.55615,0.47799,70.52,7.2436,50.207,0.36,0.3,0.272,363089
2026-08-29,SYNE3,SYN PROP TECON      NM,Real Estate,Real Estate Services,3.67,560205120.0,10.194445,12.233333,0.80854815,1.6619352,11.365,0.04381,0.03076,0.16156,0.55615,0.47799,70.52,7.2436,50.207,0.36,0.3,0.272,359806
2026-08-31,SYNE3,SYN PROP TECON      NM,Real Estate,Real Estate Services,3.69,563258048.0,10.25,12.299999,0.8129544,1.6709921,11.394,0.04381,0.03076,0.16156,0.55615,0.47799,70.33,7.2436,50.207,0.36,0.3,0.272,355692
2026-09-01,SYNE3,SYN PROP TECON      NM,Real Estate,Real Estate Services,3.68,561731584.0,10.222222,12.266666,0.81075126,1.6664637,11.384,0.04381,0.03076,0.16156,0.55615,0.47799,69.95,7.2436,50.207,0.36,0.3,0.272,355004
2026-08-24,TAEE11,TAESA       UNT EDJ N2,Utilities,Utilities - Regulated Electric,37.78,39045627904.0,39.76842,8.724589,1.6352146,8.707,9.573,0.20858999,0.068959996,0.36476,0.61164004,0.55325,10.32,0.0,136.483,0.95,4.33029,-0.004,1819537
2026-08-25,TAEE11,TAESA       UNT EDJ N2,Utilities,Utilities - Regulated Electric,38.86,40161812480.0,40.479168,8.973995,1.6819599,8.955904,9.602,0.20858999,0.068959996,0.36476,0.61164004,0.55325,10.26,0.0,136.483,0.96,4.33029,-0.004,1830060
2026-08-27,TAEE11,TAESA       UNT EDJ N2,Utilities,Utilities - Regulated Electric,38.94,40244490240.0,39.333332,8.99247,1.6854224,8.974341,9.752,0.20858999,0.068959996,0.36476,0.61164004,0.55325,9.97,0.0,136.483,0.99,4.33029,-0.004,1800625
2026-08-28,TAEE11,TAESA       UNT EDJ N2,Utilities,Utilities - Regulated Electric,38.68,39975780352.0,39.469387,8.932427,1.674169,8.91442,9.73,0.20858999,0.068959996,0.36476,0.61164004,0.55325,10.01,0.0,136.483,0.98,4.33029,-0.004,1785521
2026-08-29,TAEE11,TAESA       UNT EDJ N2,Utilities,Utilities - Regulated Electric,38.68,39975780352.0,39.469387,8.932427,1.674169,8.91442,9.73,0.20858999,0.068959996,0.36476,0.61164004,0.55325,10.01,0.0,136.483,0.98,4.33029,-0.004,1784942
2026-08-31,TAEE11,TAESA       UNT     N2,Utilities,Utilities - Regulated Electric,39.1,40409849856.0,39.897957,9.029418,1.6689432,9.011215,9.785,0.20858999,0.068959996,0.36476,0.61164004,0.55325,10.02,0.0,136.483,0.98,4.33029,-0.004,1780153
2026-09-01,TAEE11,TAESA       UNT     N2,Utilities,Utilities - Regulated Electric,39.73,41060954112.0,40.131313,9.174906,1.695834,9.156409,9.873,0.20858999,0.068959996,0.36476,0.61164004,0.55325,9.91,0.0,136.483,0.99,4.33029,-0.004,1784726
2026-08-24,TEND3,TENDA       ON  ED  NM,Real Estate,Real Estate - Development,31.02,3804395008.0,6.5720344,4.556752,2.4707289,0.7939818,5.296,0.406,0.07182,0.12081,0.32345,0.16493,4.69,0.2611,78.655,4.72,6.80748,0.424,2532965
2026-08-25,TEND3,TENDA       ON  ED  NM,Real Estate,Real Estate - Development,33.43,4099965440.0,7.0826273,4.90437,2.6626842,0.8556677,5.277,0.406,0.07182,0.12081,0.32345,0.16493,4.71,0.2611,78.655,4.72,6.81637,0.424,2547919
2026-08-27,TEND3,TENDA       ON  ED  NM,Real Estate,Real Estate - Development,32.06,3931944192.0,6.7923737,4.7033834,2.5535643,0.82060146,5.438,0.406,0.07182,0.12081,0.32345,0.16493,4.37,0.2611,78.655,4.72,6.81637,0.424,2590148
2026-08-28,TEND3,TENDA       ON  ED  NM,Real Estate,Real Estate - Development,32.75,4016568064.0,6.9385595,4.755771,2.6085224,0.8382626,5.645,0.406,0.07182,0.12081,0.32345,0.16493,4.38,0.2611,78.655,4.72,6.88637,0.424,2651962
2026-08-29,TEND3,TENDA       ON  ED  NM,Real Estate,Real Estate - Development,32.75,4016568064.0,6.9385595,4.755771,2.6085224,0.8382626,5.645,0.406,0.07182,0.12081,0.32345,0.16493,4.38,0.2611,78.655,4.72,6.88637,0.424,2670152
2026-08-31,TEND3,TENDA       ON      NM,Real Estate,Real Estate - Development,33.1,4059492864.0,7.012712,4.806596,2.6363997,0.8472211,5.6,0.406,0.07182,0.12081,0.32345,0.16493,4.46,0.2611,78.655,4.72,6.88637,0.424,2669810
2026-09-01,TEND3,TENDA       ON      NM,Real Estate,Real Estate - Development,33.1,4059492864.0,7.012712,4.806596,2.6363997,0.8472211,5.6,0.406,0.07182,0.12081,0.32345,0.16493,4.42,0.2611,78.655,4.72,6.88637,0.424,2622715
2026-08-24,TFCO4,TRACK FIELD PN      N2,Consumer Cyclical,Apparel Retail,12.65,1919732992.0,13.457446,8.322369,3.4069483,1.7695284,8.856,0.26393,0.15277,0.13231,0.56788,0.22587,2.44,0.3375,30.236,0.94,1.52,0.155,570176
2026-08-25,TFCO4,TRACK FIELD PN      N2,Consumer Cyclical,Apparel Retail,12.96,1966777856.0,13.787234,8.526316,3.490439,1.7521235,75.634,0.25722,0.1603,0.13096,0.56685,0.22744,2.69,0.3388,27.898,0.94,1.52,,571358
2026-08-27,TFCO4,TRACK FIELD PN      N2,Consumer Cyclical,Apparel Retail,12.82,1945531776.0,13.638298,8.434211,3.4527335,1.7331963,76.644,0.25722,0.1603,0.13096,0.56685,0.22744,2.63,0.3388,27.898,0.94,1.52,,583039
2026-08-28,TFCO4,TRACK FIELD PN      N2,Consumer Cyclical,Apparel Retail,12.9,1957672320.0,13.723404,8.486842,3.1946507,1.7440118,8.104,0.25722,0.1601,0.13096,0.56603,0.22636999,2.67,0.3388,27.898,0.94,1.52,0.155,599371
2026-08-29,TFCO4,TRACK FIELD PN      N2,Consumer Cyclical,Apparel Retail,12.9,1957672320.0,13.723404,8.486842,3.1946507,1.7440118,8.104,0.25722,0.1601,0.13096,0.56603,0.22636999,2.67,0.3388,27.898,0.94,1.52,0.155,575758
2026-08-31,TFCO4,TRACK FIELD PN      N2,Consumer Cyclical,Apparel Retail,12.78,1939461504.0,13.741935,8.407895,3.164933,1.7277884,8.122,0.25722,0.1601,0.13096,0.56603,0.22636999,2.64,0.3388,27.898,0.93,1.52,0.155,574453
2026-09-01,TFCO4,TRACK FIELD PN      N2,Consumer Cyclical,Apparel Retail,13.35,2025963392.0,14.202128,8.782895,3.306092,1.8048495,8.462,0.25722,0.1601,0.13096,0.56603,0.22636999,2.67,0.3388,27.898,0.94,1.52,0.155,578456
2026-08-24,TGMA3,TEGMA       ON      NM,Industrials,Trucking,34.7,2288040704.0,9.012987,6.830709,2.301519,0.913052,6.22,0.25561002,0.14786,0.10135999,0.18755,0.14718,14.49,0.9974,22.558,3.85,5.08,0.156,215379
2026-08-25,TGMA3,TEGMA       ON      NM,Industrials,Trucking,35.2,2321009664.0,9.142858,6.929134,2.334682,0.92620844,6.278,0.25561002,0.14786,0.10135999,0.18755,0.14718,14.35,0.9974,22.558,3.85,5.08,0.156,216604
2026-08-27,TGMA3,TEGMA       ON      NM,Industrials,Trucking,35.39,2333537792.0,9.192208,6.9665356,2.3472838,0.93120784,6.367,0.25561002,0.14786,0.10135999,0.18755,0.14718,14.15,0.9974,22.558,3.85,5.08,0.156,221664
2026-08-28,TGMA3,TEGMA       ON      NM,Industrials,Trucking,34.76,2291996928.0,9.028571,6.8425193,2.3054984,0.9146308,6.367,0.25561002,0.14786,0.10135999,0.18755,0.14718,14.15,0.9974,22.558,3.85,5.08,0.156,225181
2026-08-29,TGMA3,TEGMA       ON      NM,Industrials,Trucking,34.76,2291996928.0,9.028571,6.8425193,2.3054984,0.9146308,6.367,0.25561002,0.14786,0.10135999,0.18755,0.14718,14.15,0.9974,22.558,3.85,5.08,0.156,226088
2026-08-31,TGMA3,TEGMA       ON      NM,Industrials,Trucking,34.11,2249137408.0,8.85974,6.714567,2.2623866,0.8975275,6.172,0.25561002,0.14786,0.10135999,0.18755,0.14718,14.33,0.9974,22.558,3.85,5.08,0.156,229571
2026-09-01,TGMA3,TEGMA       ON      NM,Industrials,Trucking,34.23,2257049856.0,8.890909,6.738189,2.2703457,0.900685,6.194,0.25561002,0.14786,0.10135999,0.18755,0.14718,14.6,0.9974,22.558,3.85,5.08,0.156,234609
2026-08-24,TIMS3,TIM         ON      NM,Communication Services,Telecom Services,18.58,44381474816.0,10.322223,8.7926855,1.8174704,1.6195987,4.919,0.17254,0.07748,0.15785,0.54575,0.41502997,8.62,0.88199997,65.949,1.8,2.11312,0.114,7149339
2026-08-25,TIMS3,TIM         ON      NM,Communication Services,Telecom Services,18.74,44763660288.0,10.411111,8.8684025,1.8331214,1.6335456,4.955,0.17254,0.07748,0.15785,0.54575,0.41502997,8.54,0.88199997,65.949,1.8,2.11312,0.114,7227896
2026-08-27,TIMS3,TIM         ON      NM,Communication Services,Telecom Services,18.74,44763660288.0,10.411111,8.8684025,1.8331214,1.6335456,4.988,0.17254,0.07748,0.15785,0.54575,0.41502997,8.47,0.88199997,65.949,1.8,2.11312,0.114,7328838
2026-08-28,TIMS3,TIM         ON      NM,Communication Services,Telecom Services,18.3,43467354112.0,10.166667,8.660179,1.7900811,1.5862399,4.902,0.17254,0.07748,0.15785,0.54575,0.41502997,8.66,0.88199997,65.949,1.8,2.11312,0.114,7371187
2026-08-29,TIMS3,TIM         ON      NM,Communication Services,Telecom Services,18.3,43467354112.0,10.166667,8.660179,1.7900811,1.5862399,4.902,0.17254,0.07748,0.15785,0.54575,0.41502997,8.66,0.88199997,65.949,1.8,2.11312,0.114,7292653
2026-08-31,TIMS3,TIM         ON      NM,Communication Services,Telecom Services,18.61,44203687936.0,10.338889,8.806883,1.8204051,1.6131108,4.961,0.17254,0.07748,0.15785,0.54575,0.41502997,8.67,0.88199997,65.949,1.8,2.11312,0.114,7152638
2026-09-01,TIMS3,TIM         ON      NM,Communication Services,Telecom Services,18.75,44536225792.0,10.416667,8.873136,1.8340997,1.6252459,4.99,0.17254,0.07748,0.15785,0.54575,0.41502997,8.53,0.88199997,65.949,1.8,2.11312,0.114,7251598
2026-08-24,TOTS3,TOTVS       ON      NM,Technology,Software - Application,31.92,18200958976.0,21.0,15.083855,3.3522367,2.761203,14.878,0.17014,0.07394,0.21629,0.70824,0.21874,2.58,0.4468,92.106,1.52,2.11617,0.348,6372056
2026-08-25,TOTS3,TOTVS       ON      NM,Technology,Software - Application,32.75,18674229248.0,21.546053,15.476073,3.4394033,2.8330014,14.775,0.17014,0.07394,0.21629,0.70824,0.21874,2.6,0.4468,92.106,1.52,2.11617,0.348,6333601
2026-08-27,TOTS3,TOTVS       ON      NM,Technology,Software - Application,32.6,18588698624.0,21.447369,15.4051895,3.4236503,2.8200257,15.045,0.17014,0.07394,0.21629,0.70824,0.21874,2.53,0.4468,92.106,1.52,2.11617,0.348,6237882
2026-08-28,TOTS3,TOTVS       ON      NM,Technology,Software - Application,34.41,19620771840.0,22.638159,16.247072,3.6137364,2.976598,15.876,0.17014,0.07394,0.21629,0.70824,0.21874,2.39,0.4468,92.106,1.52,2.11792,0.348,6168695
2026-08-29,TOTS3,TOTVS       ON      NM,Technology,Software - Application,34.41,19620771840.0,22.638159,16.247072,3.6137364,2.976598,15.876,0.17014,0.07394,0.21629,0.70824,0.21874,2.39,0.4468,92.106,1.52,2.11792,0.348,4571793
2026-08-31,TOTS3,TOTVS       ON      NM,Technology,Software - Application,35.45,20213784576.0,23.322369,16.738121,3.7229574,3.0665617,16.178,0.17014,0.07394,0.21629,0.70824,0.21874,2.41,0.4468,92.106,1.52,2.11792,0.348,4447077
2026-09-01,TOTS3,TOTVS       ON      NM,Technology,Software - Application,34.99,19951491072.0,23.01974,16.520927,3.6746483,3.02677,15.995,0.17014,0.07394,0.21629,0.70824,0.21874,2.34,0.4468,92.106,1.52,2.11792,0.348,4450262
2026-08-24,TTEN3,3TENTOS     ON      NM,Basic Materials,Agricultural Inputs,11.04,5524862464.0,,5.4925375,1.1036688,0.3024164,18.806,0.121350005,0.017380001,0.03194,0.14756,0.02736,3.3,0.1302,103.287,-105102.71,2.01,0.127,1665360
2026-08-25,TTEN3,3TENTOS     ON      NM,Basic Materials,Agricultural Inputs,11.46,5735047680.0,,5.701493,1.1456562,0.3139214,18.556,0.121350005,0.017380001,0.03194,0.14756,0.02736,3.38,0.1302,103.287,-105102.71,2.01,0.127,1664696
2026-08-27,TTEN3,3TENTOS     ON      NM,Basic Materials,Agricultural Inputs,11.16,5584915456.0,,5.552239,1.1156652,0.30570355,18.676,0.121350005,0.017380001,0.03194,0.14756,0.02736,3.25,0.1302,103.287,-105102.71,2.01,0.127,1665679
2026-08-28,TTEN3,3TENTOS     ON      NM,Basic Materials,Agricultural Inputs,11.46,5735047680.0,,5.701493,1.1456562,0.3139214,18.766,0.121350005,0.017380001,0.03194,0.14756,0.02736,3.31,0.1302,103.287,-105102.71,2.01,0.127,1685454
2026-08-29,TTEN3,3TENTOS     ON      NM,Basic Materials,Agricultural Inputs,11.46,5735047680.0,,5.701493,1.1456562,0.3139214,18.766,0.121350005,0.017380001,0.03194,0.14756,0.02736,3.31,0.1302,103.287,-105102.71,2.01,0.127,1694144
2026-08-31,TTEN3,3TENTOS     ON      NM,Basic Materials,Agricultural Inputs,11.51,5760069632.0,,5.7263684,1.1506548,0.31529102,18.986,0.121350005,0.01745,0.0322,0.14756,0.02743,3.25,0.1302,103.287,-105561.28,2.01,0.127,1686887
2026-09-01,TTEN3,3TENTOS     ON      NM,Basic Materials,Agricultural Inputs,11.54,5775082496.0,,5.7412934,1.1536539,0.3161128,19.016,0.121350005,0.01745,0.0322,0.14756,0.02743,3.24,0.1302,103.287,-105102.71,2.01,0.127,1699190
2026-08-24,TUPY3,TUPY        ON      NM,Industrials,Metal Fabrication,14.96,1961951104.0,,5.2862935,0.8572574,0.20952071,7.841,-0.28198,0.01312,-0.08258,0.107939996,0.052470002,,0.0,171.506,-5.85,2.82996,0.024,827860
2026-08-25,TUPY3,TUPY        ON      NM,Industrials,Metal Fabrication,15.35,2013098240.0,,5.4241047,0.87960577,0.21498282,7.889,-0.28198,0.01312,-0.08258,0.107939996,0.052470002,,0.0,171.506,-5.85,2.82996,0.024,830788
2026-08-27,TUPY3,TUPY        ON      NM,Industrials,Metal Fabrication,15.03,1971131264.0,,5.311029,0.86126864,0.21050109,7.993,-0.28198,0.01312,-0.08258,0.107939996,0.052470002,,0.0,171.506,-5.85,2.82996,0.024,807515
2026-08-28,TUPY3,TUPY        ON      NM,Industrials,Metal Fabrication,15.25,1999983616.0,,5.3887687,0.87387544,0.21358229,8.012,-0.28198,0.01312,-0.08258,0.107939996,0.052470002,,0.0,171.506,-5.85,2.82996,0.024,800896
2026-08-29,TUPY3,TUPY        ON      NM,Industrials,Metal Fabrication,15.25,1999983616.0,,5.3887687,0.87387544,0.21358229,8.012,-0.28198,0.01312,-0.08258,0.107939996,0.052470002,,0.0,171.506,-5.85,2.82996,0.024,803550
2026-08-31,TUPY3,TUPY        ON      NM,Industrials,Metal Fabrication,15.24,1998672128.0,,5.385235,0.87330234,0.21344224,7.964,-0.28198,0.01312,-0.08258,0.107939996,0.052470002,,0.0,171.506,-5.85,2.82996,0.024,791663
2026-09-01,TUPY3,TUPY        ON      NM,Industrials,Metal Fabrication,15.4,2019655552.0,,5.4417725,0.8824709,0.21568309,8.006,-0.28198,0.01312,-0.08258,0.107939996,0.052470002,,0.0,171.506,-5.85,2.82996,0.024,786565
2026-08-24,UGPA3,ULTRAPAR    ON      NM,Energy,Oil & Gas Refining & Marketing,34.72,36942716928.0,10.585366,12.69846,2.2529364,0.24104911,5.407,0.19804001,0.09726,0.02256,0.08392,0.059609998,5.78,0.3966,97.688,3.28,2.73419,0.257,8643910
2026-08-25,UGPA3,ULTRAPAR    ON  ED  NM,Energy,Oil & Gas Refining & Marketing,33.62,35772293120.0,10.25,12.296145,2.1815586,0.23341216,5.424,0.19804001,0.09726,0.02256,0.08392,0.059609998,5.76,0.3966,97.688,3.28,2.73419,0.257,8790881
2026-08-27,UGPA3,ULTRAPAR    ON  ED  NM,Energy,Oil & Gas Refining & Marketing,33.46,35602051072.0,10.20122,12.237628,2.1711764,0.23230134,5.295,0.19804001,0.09726,0.02256,0.08392,0.059609998,5.95,0.3966,97.688,3.28,2.73419,0.257,8780839
2026-08-28,UGPA3,ULTRAPAR    ON  ED  NM,Energy,Oil & Gas Refining & Marketing,33.63,35836801024.0,10.253049,12.299804,2.1822076,0.23383307,5.242,0.19804001,0.09726,0.02256,0.08392,0.059609998,6.03,0.3966,97.688,3.28,2.73419,0.257,8959840
2026-08-29,UGPA3,ULTRAPAR    ON  ED  NM,Energy,Oil & Gas Refining & Marketing,33.63,35836801024.0,10.253049,12.299804,2.1822076,0.23383307,5.242,0.19804001,0.09726,0.02256,0.08392,0.059609998,6.03,0.3966,97.688,3.28,2.73419,0.257,8941360
2026-08-31,UGPA3,ULTRAPAR    ON  ED  NM,Energy,Oil & Gas Refining & Marketing,34.82,37104889856.0,10.271386,12.932315,2.259425,0.24210729,5.435,0.19804001,0.09726,0.02256,0.08392,0.059609998,5.95,0.3966,97.688,3.39,2.69248,0.257,8917939
2026-09-01,UGPA3,ULTRAPAR    ON  ED  NM,Energy,Oil & Gas Refining & Marketing,35.29,37605732352.0,10.759147,13.106875,2.2899227,0.24537525,5.491,0.19804001,0.09726,0.02256,0.08392,0.059609998,5.74,0.3966,97.688,3.28,2.69248,0.257,8967025
2026-08-24,UNIP6,UNIPAR      PNB,Basic Materials,Chemicals,58.88,6572312576.0,26.16889,11.130435,3.5095665,1.2557523,10.41,0.107650004,0.04476,0.05093,0.26674,0.16420001,17.23,4.5269,184.54,2.25,5.29,0.277,153507
2026-08-25,UNIP6,UNIPAR      PNB,Basic Materials,Chemicals,58.12,6487479296.0,25.83111,10.986768,3.4642663,1.2395436,10.384,0.107650004,0.04476,0.05093,0.26674,0.16420001,17.29,4.5269,184.54,2.25,5.29,0.277,154344
2026-08-27,UNIP6,UNIPAR      PNB,Basic Materials,Chemicals,56.21,6274280960.0,24.982222,10.625709,3.35042,1.1988083,10.037,0.107650004,0.04476,0.05093,0.26674,0.16420001,17.51,4.5269,184.54,2.25,5.29,0.277,157014
2026-08-28,UNIP6,UNIPAR      PNB,Basic Materials,Chemicals,55.44,6188332032.0,24.64,10.480151,3.304524,1.1823863,9.905,0.107650004,0.04476,0.05093,0.26674,0.16420001,18.44,4.5269,184.54,2.25,5.29,0.277,168218
2026-08-29,UNIP6,UNIPAR      PNB,Basic Materials,Chemicals,55.44,6188332032.0,24.64,10.480151,3.304524,1.1823863,9.905,0.107650004,0.04476,0.05093,0.26674,0.16420001,18.44,4.5269,184.54,2.25,5.29,0.277,166901
2026-08-31,UNIP6,UNIPAR      PNB,Basic Materials,Chemicals,55.98,6248608256.0,24.88,10.582231,3.336711,1.1939031,10.007,0.107650004,0.04476,0.05093,0.26674,0.16420001,18.36,4.5269,184.54,2.25,5.29,0.277,166780
2026-09-01,UNIP6,UNIPAR      PNB,Basic Materials,Chemicals,55.91,6240794624.0,24.848888,10.568998,3.3325386,1.1924102,9.998,0.107650004,0.04476,0.05093,0.26674,0.16420001,18.18,4.5269,184.54,2.25,5.29,0.277,167062
2026-08-24,USIM5,USIMINAS    PNA     N1,Basic Materials,Steel,7.12,8764311552.0,,6.2232323,0.4223514,0.35366073,5.164,-0.08073,0.01642,-0.09363,0.098179996,0.08282,,0.0,27.334,-1.91,1.1441,1.321,12405610
2026-08-25,USIM5,USIMINAS    PNA     N1,Basic Materials,Steel,6.97,8579670528.0,,6.092125,0.41345355,0.34621003,5.505,-0.08073,0.01642,-0.09363,0.098179996,0.08282,,0.0,27.334,-1.91,1.1441,1.321,12587595
2026-08-27,USIM5,USIMINAS    PNA     N1,Basic Materials,Steel,7.13,8776622080.0,,6.231973,0.4229446,0.35415748,5.511,-0.08073,0.01642,-0.09363,0.098179996,0.08282,,0.0,27.334,-1.91,1.1441,1.321,12197296
2026-08-28,USIM5,USIMINAS    PNA     N1,Basic Materials,Steel,7.2,8862787584.0,,5.337128,0.42709693,0.35763445,5.535,-0.08073,0.01642,-0.09363,0.098179996,0.08282,,0.0,27.334,-1.91,1.34904,1.321,12024128
2026-08-29,USIM5,USIMINAS    PNA     N1,Basic Materials,Steel,7.2,8862787584.0,,5.337128,0.42709693,0.35763445,5.535,-0.08073,0.01642,-0.09363,0.098179996,0.08282,,0.0,27.334,-1.91,1.34904,1.321,11666195
2026-08-31,USIM5,USIMINAS    PNA     N1,Basic Materials,Steel,7.47,9195142144.0,,5.5372705,0.44311306,0.37104577,5.715,-0.08073,0.01642,-0.09363,0.098179996,0.08282,,0.0,27.334,-1.91,1.34904,1.321,11604988
2026-09-01,USIM5,USIMINAS    PNA     N1,Basic Materials,Steel,7.59,9342855168.0,,5.626223,0.45023137,0.37700632,5.787,-0.08073,0.01642,-0.09363,0.098179996,0.08282,,0.0,27.334,-1.91,1.34904,1.321,11547050
2026-08-24,VALE3,VALE        ON  EDJ NM,Basic Materials,Other Industrial Metals & Mining,77.13,328246951936.0,29.665384,9.378092,1.669336,1.5052435,5.228,0.041149996,0.07915,0.04755,0.34924,0.35463002,8.35,1.5505,54.603,2.6,8.224487,0.748,17212010
2026-08-25,VALE3,VALE        ON      NM,Basic Materials,Other Industrial Metals & Mining,78.7,334928510976.0,30.622568,9.568985,1.7033157,1.5358832,5.344,0.041149996,0.07915,0.04755,0.34924,0.35463002,8.12,1.5505,54.603,2.57,8.224487,0.748,17551337
2026-08-27,VALE3,VALE        ON      NM,Basic Materials,Other Industrial Metals & Mining,78.45,333864566784.0,30.406977,9.507158,1.697905,1.5310043,5.416,0.041149996,0.07915,0.04755,0.34924,0.35463002,7.96,1.5505,54.603,2.58,8.251677,0.748,17670471
2026-08-28,VALE3,VALE        ON      NM,Basic Materials,Other Industrial Metals & Mining,78.58,334417854464.0,30.457365,9.535684,1.7007186,1.5335416,5.453,0.041149996,0.07915,0.04755,0.34924,0.35463002,7.98,1.5505,54.603,2.58,8.240626,0.748,17698685
2026-08-29,VALE3,VALE        ON      NM,Basic Materials,Other Industrial Metals & Mining,78.58,334417854464.0,30.457365,9.535684,1.7007186,1.5335416,5.453,0.041149996,0.07915,0.04755,0.34924,0.35463002,7.98,1.5505,54.603,2.58,8.240626,0.748,17648833
2026-08-31,VALE3,VALE        ON      NM,Basic Materials,Other Industrial Metals & Mining,77.85,331311120384.0,30.057915,9.367398,1.6849191,1.519295,5.383,0.041149996,0.07915,0.04755,0.34924,0.35463002,7.97,1.5505,54.603,2.59,8.310739,0.748,17592246
2026-09-01,VALE3,VALE        ON      NM,Basic Materials,Other Industrial Metals & Mining,78.3,333226246144.0,30.115387,9.421546,1.6946586,1.5280771,5.408,0.041149996,0.07915,0.04755,0.34924,0.35463002,8.05,1.5505,54.603,2.6,8.310739,0.748,17754929
2026-08-24,VAMO3,VAMOS       ON      NM,Industrials,Rental & Leasing Services,2.82,3445308160.0,10.071428,4.7187963,1.1543185,0.55599755,3.986,0.10701,0.07316,0.050970003,0.49792,0.60323,5.11,0.5011,483.858,0.28,0.59761,0.218,12480340
2026-08-25,VAMO3,VAMOS       ON      NM,Industrials,Rental & Leasing Services,3.01,3677438976.0,10.75,5.03673,1.2320917,0.59345835,4.012,0.10701,0.07316,0.050970003,0.49792,0.60323,4.97,0.5011,483.858,0.28,0.59761,0.218,12493918
2026-08-27,VAMO3,VAMOS       ON      NM,Industrials,Rental & Leasing Services,3.05,3726308608.0,10.892857,5.103663,1.248465,0.6013449,4.074,0.10701,0.07316,0.050970003,0.49792,0.60323,4.65,0.5011,483.858,0.28,0.59761,0.218,12552284
2026-08-28,VAMO3,VAMOS       ON      NM,Industrials,Rental & Leasing Services,2.99,3653004288.0,10.678572,5.003263,1.223905,0.58951515,4.081,0.10701,0.07316,0.050970003,0.49792,0.60323,4.62,0.5011,483.858,0.28,0.59761,0.218,12603665
2026-08-29,VAMO3,VAMOS       ON      NM,Industrials,Rental & Leasing Services,2.99,3653004288.0,10.678572,5.003263,1.223905,0.58951515,4.081,0.10701,0.07316,0.050970003,0.49792,0.60323,4.62,0.5011,483.858,0.28,0.59761,0.218,12547125
2026-08-31,VAMO3,VAMOS       ON      NM,Industrials,Rental & Leasing Services,2.99,3653262080.0,10.678572,5.003263,1.223905,0.58955675,4.068,0.10701,0.07316,0.050970003,0.49792,0.60323,4.69,0.5011,483.858,0.28,0.59761,0.218,12514134
2026-09-01,VAMO3,VAMOS       ON      NM,Industrials,Rental & Leasing Services,2.98,3640786944.0,10.642858,4.98653,1.2198117,0.58754355,4.065,0.10701,0.07316,0.050970003,0.49792,0.60323,4.69,0.5011,483.858,0.28,0.59761,0.218,12488187
2026-08-24,VBBR3,VIBRA       ON      NM,Consumer Cyclical,Specialty Retail,33.86,40503771136.0,7.967059,10.381567,1.8582953,0.1985732,5.465,0.22621,0.09709,0.02479,0.06453,0.051620003,5.71,0.367,92.73,4.25,3.26155,0.145,8604193
2026-08-25,VBBR3,VIBRA       ON      NM,Consumer Cyclical,Specialty Retail,34.09,40778899456.0,8.021176,10.364348,1.8709182,0.19992204,5.38,0.22621,0.09709,0.02479,0.06453,0.051620003,5.84,0.367,92.73,4.25,3.28916,0.145,8624431
2026-08-27,VBBR3,VIBRA       ON      NM,Consumer Cyclical,Specialty Retail,33.61,40204718080.0,7.9082355,10.218414,1.8445749,0.19710708,5.406,0.22621,0.09709,0.02479,0.06453,0.051620003,5.8,0.367,92.73,4.25,3.28916,0.145,8646410
2026-08-28,VBBR3,VIBRA       ON      NM,Consumer Cyclical,Specialty Retail,33.38,39929589760.0,7.854118,10.148488,1.8319521,0.19575824,5.322,0.22621,0.09709,0.02479,0.06453,0.051620003,5.93,0.367,92.73,4.25,3.28916,0.145,8788107
2026-08-29,VBBR3,VIBRA       ON      NM,Consumer Cyclical,Specialty Retail,33.38,39929589760.0,7.854118,10.148488,1.8319521,0.19575824,5.322,0.22621,0.09709,0.02479,0.06453,0.051620003,5.93,0.367,92.73,4.25,3.28916,0.145,8712858
2026-08-31,VBBR3,VIBRA       ON      NM,Consumer Cyclical,Specialty Retail,34.42,41173647360.0,8.098824,10.464677,1.889029,0.20185733,5.443,0.22621,0.09709,0.02479,0.06453,0.051620003,5.92,0.367,92.73,4.25,3.28916,0.145,8667289
2026-09-01,VBBR3,VIBRA       ON      NM,Consumer Cyclical,Specialty Retail,34.83,41664102400.0,8.195294,10.373018,1.9115307,0.20426182,5.49,0.22621,0.09709,0.02479,0.06453,0.051620003,5.75,0.367,92.73,4.25,3.35775,0.145,8787292
2026-08-24,VIVA3,VIVARA S.A. ON      NM,Consumer Cyclical,Luxury Goods,21.6,5078917120.0,8.674699,6.7631884,1.6755877,1.6087168,7.696,0.19703,0.10378,0.18556,0.69843,0.24306999,6.31,0.28,39.643,2.49,3.19376,0.233,2906065
2026-08-25,VIVA3,VIVARA S.A. ON      NM,Consumer Cyclical,Luxury Goods,22.07,5189430784.0,8.863454,6.9103503,1.7120472,1.6437215,7.72,0.19703,0.10378,0.18556,0.69843,0.24306999,6.29,0.28,39.643,2.49,3.19376,0.233,2925363
2026-08-27,VIVA3,VIVARA S.A. ON      NM,Consumer Cyclical,Luxury Goods,22.7,5337565696.0,9.1164665,7.10761,1.7609185,1.6906422,8.057,0.19703,0.10378,0.18556,0.69843,0.24306999,6.15,0.28,39.643,2.49,3.19376,0.233,2941312
2026-08-28,VIVA3,VIVARA S.A. ON      NM,Consumer Cyclical,Luxury Goods,21.97,5165917184.0,8.823293,6.8790393,1.7042898,1.6362736,8.027,0.19703,0.10378,0.18556,0.69843,0.24306999,6.01,0.28,39.643,2.49,3.19376,0.233,2931064
2026-08-29,VIVA3,VIVARA S.A. ON      NM,Consumer Cyclical,Luxury Goods,21.97,5165917184.0,8.823293,6.8790393,1.7042898,1.6362736,8.027,0.19703,0.10378,0.18556,0.69843,0.24306999,6.01,0.28,39.643,2.49,3.19376,0.233,2915153
2026-08-31,VIVA3,VIVARA S.A. ON      NM,Consumer Cyclical,Luxury Goods,22.28,5238809088.0,8.947791,6.976104,1.7283376,1.6593617,7.929,0.19703,0.10378,0.18556,0.69843,0.24306999,6.18,0.28,39.643,2.49,3.19376,0.233,2904790
2026-09-01,VIVA3,VIVARA S.A. ON      NM,Consumer Cyclical,Luxury Goods,22.5,5290539008.0,9.036144,7.0449877,1.7454038,1.6757468,7.996,0.19703,0.10378,0.18556,0.69843,0.24306999,6.09,0.28,39.643,2.49,3.19376,0.233,2899150
2026-08-24,VIVT3,TELEF BRASILON,Communication Services,Telecom Services,29.42,94014734336.0,14.281554,9.648749,1.3473781,1.521913,5.218,0.09872,0.05509,0.10682,0.48257,0.32598,4.48,1.1794,30.209,2.06,3.0491,0.214,5306668
2026-08-25,VIVT3,TELEF BRASILON,Communication Services,Telecom Services,30.0,95868190720.0,14.5631075,9.838969,1.373941,1.5519168,5.232,0.09872,0.05509,0.10682,0.48257,0.32598,4.47,1.1794,30.209,2.06,3.0491,0.214,5362231
2026-08-27,VIVT3,TELEF BRASILON,Communication Services,Telecom Services,30.06,96059924480.0,14.592233,9.858647,1.3766888,1.5550207,5.334,0.09872,0.05509,0.10682,0.48257,0.32598,4.38,1.1794,30.209,2.06,3.0491,0.214,5351423
2026-08-28,VIVT3,TELEF BRASILON,Communication Services,Telecom Services,29.61,94621900800.0,14.373787,9.711062,1.3768892,1.531742,5.227,0.09872,0.05509,0.10682,0.48257,0.32598,4.47,1.1794,30.209,2.06,3.0491,0.214,5321164
2026-08-29,VIVT3,TELEF BRASILON,Communication Services,Telecom Services,29.61,94621900800.0,14.373787,9.711062,1.3768892,1.531742,5.227,0.09872,0.05509,0.10682,0.48257,0.32598,4.47,1.1794,30.209,2.06,3.0491,0.214,5176325
2026-08-31,VIVT3,TELEF BRASILON  EJ,Communication Services,Telecom Services,29.85,95388852224.0,14.490292,9.789774,1.3880494,1.5441574,5.3,0.09872,0.05509,0.10682,0.48257,0.32598,4.44,1.1794,30.209,2.06,3.0491,0.214,5123263
2026-09-01,VIVT3,TELEF BRASILON  EJ,Communication Services,Telecom Services,29.99,95836233728.0,14.558252,9.83569,1.3945595,1.5513996,5.323,0.09872,0.05509,0.10682,0.48257,0.32598,4.4,1.1794,30.209,2.06,3.0491,0.214,5164025
2026-08-24,VLID3,VALID       ON  ED  NM,Industrials,Specialty Business Services,17.33,1355259392.0,6.0173607,9.95977,0.81159556,0.669454,4.205,0.13442001,0.07533,0.111540005,0.35185,0.18456,10.77,0.5857,41.23,2.88,1.74,-0.095,286417
2026-08-25,VLID3,VALID       ON      NM,Industrials,Specialty Business Services,17.53,1370900096.0,6.0868053,10.074713,0.82096195,0.67718,4.404,0.13442001,0.071779996,0.111540005,0.35185,0.17621,10.77,0.5857,41.23,2.88,1.74,-0.095,279548
2026-08-27,VLID3,VALID       ON      NM,Industrials,Specialty Business Services,17.48,1366989824.0,6.069444,10.045977,0.81862026,0.67524844,4.449,0.13442001,0.071779996,0.111540005,0.35185,0.17621,10.65,0.5857,41.23,2.88,1.74,-0.095,259461
2026-08-28,VLID3,VALID       ON      NM,Industrials,Specialty Business Services,17.42,1362297600.0,6.0486107,10.011495,0.8158104,0.67293066,4.379,0.13442001,0.071779996,0.111540005,0.35185,0.17621,10.84,0.5857,41.23,2.88,1.74,-0.095,254564
2026-08-29,VLID3,VALID       ON      NM,Industrials,Specialty Business Services,17.42,1362297600.0,6.0486107,10.011495,0.8158104,0.67293066,4.379,0.13442001,0.071779996,0.111540005,0.35185,0.17621,10.84,0.5857,41.23,2.88,1.74,-0.095,250547
2026-08-31,VLID3,VALID       ON      NM,Industrials,Specialty Business Services,16.75,1309901568.0,5.815972,9.626437,0.78443307,0.6470487,4.273,0.13442001,0.071779996,0.111540005,0.35185,0.17621,10.71,0.5857,41.23,2.88,1.74,-0.095,248406
2026-09-01,VLID3,VALID       ON      NM,Industrials,Specialty Business Services,17.5,1368553856.0,6.076389,10.057471,0.81955695,0.67602104,4.442,0.13442001,0.071779996,0.111540005,0.35185,0.17621,11.14,0.5857,41.23,2.88,1.74,-0.095,246889
2026-08-24,VTRU3,VITRUEDUCA  ON      NM,Consumer Defensive,Education & Training Services,13.42,2003732736.0,1.8383561,3.9791377,0.48183256,0.85346395,4.839,0.32387,0.06368,0.46562,0.65349,0.31354,0.19,0.0034,55.839,7.3,3.37259,0.425,578590
2026-08-25,VTRU3,VITRUEDUCA  ON      NM,Consumer Defensive,Education & Training Services,13.82,2063456384.0,1.8931506,4.0977407,0.49619418,0.87890244,4.819,0.32387,0.06368,0.46562,0.65349,0.31354,0.19,0.0034,55.839,7.3,3.37259,0.425,582534
2026-08-27,VTRU3,VITRUEDUCA  ON      NM,Consumer Defensive,Education & Training Services,13.57,2026129024.0,1.858904,4.023614,0.48721814,0.8630033,4.849,0.32387,0.06368,0.46562,0.65349,0.31354,0.18,0.0034,55.839,7.3,3.37259,0.425,589939
2026-08-28,VTRU3,VITRUEDUCA  ON      NM,Consumer Defensive,Education & Training Services,13.67,2041060096.0,1.8726027,4.0532646,0.49080858,0.869363,4.866,0.32387,0.06368,0.46562,0.65349,0.31354,0.19,0.0034,55.839,7.3,3.37259,0.425,582582
2026-08-29,VTRU3,VITRUEDUCA  ON      NM,Consumer Defensive,Education & Training Services,13.67,2041060096.0,1.8726027,4.0532646,0.49080858,0.869363,4.866,0.32387,0.06368,0.46562,0.65349,0.31354,0.19,0.0034,55.839,7.3,3.37259,0.425,577904
2026-08-31,VTRU3,VITRUEDUCA  ON      NM,Consumer Defensive,Education & Training Services,14.06,2099290752.0,1.9260274,4.168903,0.50481117,0.89416564,4.949,0.32387,0.06368,0.46562,0.65349,0.31354,0.18,0.0034,55.839,7.3,3.37259,0.425,573330
2026-09-01,VTRU3,VITRUEDUCA  ON      NM,Consumer Defensive,Education & Training Services,14.19,2118700928.0,1.9438355,4.2074485,0.5094787,0.90243316,4.975,0.32387,0.06368,0.46562,0.65349,0.31354,0.18,0.0034,55.839,7.3,3.37259,0.425,577373
2026-08-24,VULC3,VULCABRAS   ON      NM,Consumer Cyclical,Footwear & Accessories,13.55,4256230144.0,4.457237,5.940455,1.6984206,1.1393992,6.106,0.37129003,0.114479996,0.24891001,0.40942,0.21521,57.06,1.4783,36.562,3.04,2.28097,-0.02,1067742
2026-08-25,VULC3,VULCABRAS   ON      NM,Consumer Cyclical,Footwear & Accessories,13.61,4275076864.0,4.4769735,5.966759,1.7059413,1.1444445,6.059,0.37129003,0.114479996,0.24891001,0.40942,0.21521,57.56,1.4783,36.562,3.04,2.28097,-0.02,1066101
2026-08-27,VULC3,VULCABRAS   ON      NM,Consumer Cyclical,Footwear & Accessories,13.37,4199689728.0,4.3980265,5.8615413,1.6758586,1.1242633,6.082,0.37129003,0.114479996,0.24891001,0.40942,0.21521,57.31,1.4783,36.562,3.04,2.28097,-0.02,1110079
2026-08-28,VULC3,VULCABRAS   ON      NM,Consumer Cyclical,Footwear & Accessories,13.39,4205972224.0,4.4046054,5.8703094,1.6783655,1.1259451,6.024,0.37129003,0.114479996,0.24891001,0.40942,0.21521,57.95,1.4783,36.562,3.04,2.28097,-0.02,1134107
2026-08-29,VULC3,VULCABRAS   ON      NM,Consumer Cyclical,Footwear & Accessories,13.39,4205972224.0,4.4046054,5.8703094,1.6783655,1.1259451,6.024,0.37129003,0.114479996,0.24891001,0.40942,0.21521,57.95,1.4783,36.562,3.04,2.28097,-0.02,1122107
2026-08-31,VULC3,VULCABRAS   ON      NM,Consumer Cyclical,Footwear & Accessories,13.46,4227960064.0,4.427632,5.900998,1.6871396,1.1318313,6.024,0.37129003,0.114479996,0.24891001,0.40942,0.21521,58.25,1.4783,36.562,3.04,2.28097,-0.02,1132280
2026-09-01,VULC3,VULCABRAS   ON      NM,Consumer Cyclical,Footwear & Accessories,13.42,4215395584.0,4.4144735,5.8834615,1.6821258,1.1284677,6.008,0.37129003,0.114479996,0.24891001,0.40942,0.21521,57.95,1.4783,36.562,3.04,2.28097,-0.02,1143714
2026-08-24,WEGE3,WEG         ON  ATZ NM,Industrials,Electrical Equipment & Parts,49.07,205889372160.0,32.932884,26.559067,10.9165745,5.130537,24.153,0.30791,0.11213,0.15584,0.33138,0.2116,0.85,1.232,28.897,1.49,1.84758,-0.054,7706896
2026-08-25,WEGE3,WEG         ON  ATZ NM,Industrials,Electrical Equipment & Parts,49.58,208029253632.0,33.27517,26.835104,11.030034,5.183861,24.054,0.30791,0.11213,0.15584,0.33138,0.2116,0.85,1.232,28.897,1.49,1.84758,-0.054,7780235
2026-08-27,WEGE3,WEG         ON  ATZ NM,Industrials,Electrical Equipment & Parts,50.42,211553730560.0,33.838924,27.289751,11.2169075,5.2716866,24.721,0.30791,0.11213,0.15584,0.33138,0.2116,0.84,1.232,28.897,1.49,1.84758,-0.054,7886400
2026-08-28,WEGE3,WEG         ON  ATZ NM,Industrials,Electrical Equipment & Parts,49.98,209707565056.0,33.543625,27.051603,12.040472,5.2256823,24.637,0.30791,0.11213,0.15584,0.33138,0.2116,0.83,1.232,28.897,1.49,1.84758,-0.054,8000379
2026-08-29,WEGE3,WEG         ON  ATZ NM,Industrials,Electrical Equipment & Parts,49.98,209707565056.0,33.543625,27.051603,12.040472,5.2256823,24.637,0.30791,0.11213,0.15584,0.33138,0.2116,0.83,1.232,28.897,1.49,1.84758,-0.054,7718033
2026-08-31,WEGE3,WEG         ON  ATZ NM,Industrials,Electrical Equipment & Parts,50.15,210420875264.0,33.65772,27.143616,12.081427,5.2434573,24.588,0.30791,0.11213,0.15584,0.33138,0.2116,0.84,1.232,28.897,1.49,1.84758,-0.054,7657460
2026-09-01,WEGE3,WEG         ON  ATZ NM,Industrials,Electrical Equipment & Parts,49.7,208532750336.0,33.355705,26.900055,11.973019,5.1964073,24.365,0.30791,0.11213,0.15584,0.33138,0.2116,0.83,1.232,28.897,1.49,1.84758,-0.054,7662048
2026-08-24,YDUQ3,YDUQS PART  ON      NM,Consumer Defensive,Education & Training Services,8.88,2259505152.0,21.142859,4.1936445,0.7756136,0.40658998,4.611,0.03751,0.073860005,0.02043,0.57973,0.24763,14.48,1.3572999,171.535,0.42,2.11749,0.098,3707734
2026-08-25,YDUQ3,YDUQS PART  ON      NM,Consumer Defensive,Education & Training Services,8.74,2223882240.0,20.809525,4.127528,0.7633854,0.40017977,4.798,0.03751,0.073860005,0.02043,0.57973,0.24763,12.84,1.3572999,171.535,0.42,2.11749,0.098,3809214
2026-08-27,YDUQ3,YDUQS PART  ON      NM,Consumer Defensive,Education & Training Services,8.62,2193348352.0,20.52381,4.0708575,0.7529042,0.3946853,4.75,0.03751,0.073860005,0.02043,0.57973,0.24763,13.04,1.3572999,171.535,0.42,2.11749,0.098,3875821
2026-08-28,YDUQ3,YDUQS PART  ON      NM,Consumer Defensive,Education & Training Services,8.84,2249327104.0,21.04762,4.174754,0.7721198,0.40475848,4.794,0.03751,0.073860005,0.02043,0.57973,0.24763,13.22,1.3572999,171.535,0.42,2.11749,0.098,3928210
2026-08-29,YDUQ3,YDUQS PART  ON      NM,Consumer Defensive,Education & Training Services,8.84,2249327104.0,21.04762,4.174754,0.7721198,0.40475848,4.794,0.03751,0.073860005,0.02043,0.57973,0.24763,13.22,1.3572999,171.535,0.42,2.11749,0.098,3928210
2026-08-31,YDUQ3,YDUQS PART  ON      NM,Consumer Defensive,Education & Training Services,8.73,2221337600.0,20.785713,4.1228056,0.76251197,0.39972186,4.77,0.03751,0.073860005,0.02043,0.57973,0.24763,12.89,1.3572999,171.535,0.42,2.11749,0.098,3937229
2026-09-01,YDUQ3,YDUQS PART  ON      NM,Consumer Defensive,Education & Training Services,8.82,2244238080.0,21.0,4.1653085,0.7703729,0.40384272,4.787,0.03751,0.073860005,0.02043,0.57973,0.24763,13.06,1.3572999,171.535,0.42,2.11749,0.098,3951310
